subject,alpha_rule,gap,n,base,rule,gain,ci,frac_pos
N (LINK),10000.0,0,40,0.304,0.305,0.003,"[0.001, 0.006]",0.72
N (LINK),10000.0,1,11,0.267,0.275,0.021,"[0.008, 0.035]",1.0
N (LINK),10000.0,7,24,0.143,0.178,0.035,"[0.026, 0.041]",0.92
N (LINK),10000.0,30,28,0.098,0.145,0.042,"[0.038, 0.052]",1.0
N (LINK),10000.0,120,35,0.039,0.101,0.056,"[0.050, 0.083]",0.97
N (LINK),10000.0,480,28,-0.097,-0.002,0.09,"[0.082, 0.112]",1.0
C,10000.0,0,40,0.208,0.216,0.002,"[0.001, 0.003]",0.72
C,10000.0,1,26,0.162,0.179,0.008,"[0.005, 0.017]",0.88
C,10000.0,7,22,0.204,0.209,0.012,"[0.006, 0.019]",0.77
C,10000.0,30,9,0.1,0.104,0.001,"[-0.002, 0.011]",0.67
C,10000.0,120,12,-0.012,0.006,0.031,"[0.016, 0.045]",1.0
C,10000.0,480,25,-0.103,-0.07,0.032,"[0.014, 0.036]",1.0
M,1000.0,0,22,0.352,0.351,0.0,"[0.000, 0.001]",0.73
M,1000.0,1,14,0.261,0.262,0.001,"[0.000, 0.001]",0.79
M,1000.0,7,6,0.163,0.165,0.0,"[-0.000, 0.002]",0.67
M,1000.0,30,6,0.246,0.248,0.001,"[0.000, 0.012]",1.0
M,1000.0,120,9,0.009,0.011,0.001,"[0.000, 0.002]",1.0
M,1000.0,480,9,0.007,0.007,0.001,"[0.000, 0.001]",1.0
T6 (human),10000.0,0,40,0.224,0.24,0.008,"[0.003, 0.013]",0.95
T6 (human),10000.0,1,6,0.129,0.168,0.011,"[0.002, 0.075]",1.0
T6 (human),10000.0,7,23,0.105,0.137,0.025,"[0.016, 0.032]",1.0
T6 (human),10000.0,30,32,0.16,0.172,0.016,"[0.013, 0.030]",0.97
T6 (human),10000.0,120,38,0.133,0.17,0.018,"[0.009, 0.030]",0.95
T6 (human),10000.0,480,27,0.106,0.123,0.017,"[0.005, 0.027]",0.89
T5 (human),10000.0,0,40,0.506,0.523,0.008,"[0.004, 0.014]",0.97
T5 (human),10000.0,1,13,0.373,0.454,0.038,"[0.013, 0.073]",1.0
T5 (human),10000.0,7,13,0.261,0.263,0.018,"[0.005, 0.053]",1.0
T5 (human),10000.0,30,25,-0.076,0.095,0.04,"[0.012, 0.069]",1.0
T5 (human),10000.0,120,33,-0.02,0.005,0.04,"[0.018, 0.053]",0.97
T5 (human),10000.0,480,40,-0.098,-0.031,0.029,"[0.015, 0.060]",0.97
T9 (human),30000.0,0,40,0.301,0.306,0.007,"[0.000, 0.011]",0.65
T9 (human),30000.0,1,12,0.163,0.178,0.029,"[0.013, 0.058]",0.92
T9 (human),30000.0,7,22,0.063,0.118,0.031,"[0.012, 0.077]",0.82
T9 (human),30000.0,30,39,0.078,0.111,0.037,"[0.027, 0.051]",0.87
T9 (human),30000.0,120,40,0.018,0.065,0.041,"[0.029, 0.064]",0.9
T9 (human),30000.0,480,20,-0.172,-0.114,0.043,"[0.035, 0.077]",1.0
T7 (human),30000.0,0,33,0.239,0.256,0.007,"[0.004, 0.024]",0.79
T7 (human),30000.0,1,5,0.126,0.142,0.016,"[-0.002, 301.789]",0.8
T7 (human),30000.0,7,10,0.079,0.102,0.039,"[0.011, 0.170]",0.9
T7 (human),30000.0,30,24,-0.053,0.049,0.051,"[0.023, 0.153]",1.0
T7 (human),30000.0,120,33,-0.137,-0.019,0.073,"[0.044, 0.117]",0.91
T7 (human),30000.0,480,12,-0.001,0.039,0.028,"[0.017, 0.094]",1.0
T10 (human),30000.0,0,40,0.276,0.28,0.001,"[-0.002, 0.003]",0.53
T10 (human),30000.0,1,15,0.039,0.082,0.021,"[0.016, 0.041]",0.93
T10 (human),30000.0,7,20,0.087,0.104,0.016,"[0.008, 0.026]",0.85
T10 (human),30000.0,30,34,0.003,0.049,0.042,"[0.023, 0.052]",0.94
T10 (human),30000.0,120,32,-0.091,-0.052,0.031,"[0.026, 0.045]",1.0
T8 (human),30000.0,0,40,0.301,0.305,0.005,"[0.001, 0.012]",0.72
T8 (human),30000.0,1,6,0.049,0.139,0.09,"[0.012, 0.536]",1.0
T8 (human),30000.0,7,18,-0.031,0.038,0.06,"[0.028, 0.154]",1.0
T8 (human),30000.0,30,25,-0.069,-0.0,0.037,"[0.018, 0.052]",0.96
T8 (human),30000.0,120,36,-0.03,0.016,0.041,"[0.027, 0.067]",0.97
T8 (human),30000.0,480,35,-0.166,-0.09,0.05,"[0.038, 0.076]",1.0
