subject,train,test,gap_target,days,rho_rate,rho_rate_null,rho_imp,rho_imp_null
T7,T7_day50,T7_day57,7,7,0.1114853744158161,-0.036639272780180074,,
T7,T7_day50,T7_day78,30,28,0.214144289251062,0.04082179886621712,,
T7,T7_day50,T7_day167,120,117,-0.13581571772729611,0.09839114298137112,,
T7,T7_day50,T7_day545,480,495,-0.05937661764297999,0.012177441802554749,,
T7,T7_day55,T7_day57,1,2,0.08446332263612075,-0.017204001934768738,-0.03353024249104437,-0.06975062000551116
T7,T7_day55,T7_day78,30,23,0.09445559628756209,0.00343091708902618,,
T7,T7_day55,T7_day167,120,112,-0.00546728163158282,0.04970520032312617,0.031576377397390346,0.042178132544828155
T7,T7_day55,T7_day545,480,490,0.05394086494807189,0.014139332324173012,,
T7,T7_day57,T7_day167,120,110,0.07849378517187669,0.047488116017668607,-0.06844860843207494,-0.09194853954257372
T7,T7_day57,T7_day545,480,488,-0.16114911951096297,0.05648264609112717,,
T7,T7_day66,T7_day73,7,7,0.08543231577754622,0.0983432591558262,-0.0930068945503731,-0.08275268787575162
T7,T7_day66,T7_day167,120,101,0.10256136269534018,-0.005564183268905433,-0.1450217697962727,0.09636695331362072
T7,T7_day66,T7_day545,480,479,-0.01928256336172402,-0.016761569873103253,,
T7,T7_day71,T7_day73,1,2,-0.05253305614606049,0.089915729916545,0.0568631165610361,-0.10845618627721135
T7,T7_day71,T7_day78,7,7,0.12620416597126075,0.012198905199226822,,
T7,T7_day71,T7_day106,30,35,0.15060074753018865,-0.01940255554279125,-0.12288853678699366,0.06670053733810967
T7,T7_day71,T7_day545,480,474,-0.12028941203834818,-0.0018066537996539879,,
T7,T7_day73,T7_day106,30,33,-0.04843264084173368,0.09750782611324318,0.15903545950390816,0.03869271783297686
T7,T7_day73,T7_day545,480,472,-0.04809784143648456,0.09482605546833751,,
T7,T7_day78,T7_day106,30,28,0.13532926236375062,-0.12984376161134573,,
T7,T7_day78,T7_day545,480,467,0.016205571147463314,-0.05885782289300403,,
T7,T7_day106,T7_day135,30,29,0.2694104041364408,0.03797626350566251,-0.30664611463213004,0.12966209699641773
T7,T7_day106,T7_day545,480,439,-0.05446552303098139,0.015612483781333437,,
T7,T7_day135,T7_day167,30,32,0.11322854649782745,-0.042192579065365686,-0.14462842145240484,-0.06686243658953424
T7,T7_day135,T7_day252,120,117,0.0006566576914664111,-0.0011045363543795172,-0.0709418504698319,-0.018392457193650794
T7,T7_day135,T7_day545,480,410,-0.09481764635019387,-0.022820466074106285,,
T7,T7_day140,T7_day167,30,27,0.11453264738565395,-0.01497069735707496,-0.16638465398909477,-0.15280057238965902
T7,T7_day140,T7_day258,120,118,0.025607978806643984,0.017626869495433913,-0.024228223421859322,0.030423459837777722
T7,T7_day140,T7_day545,480,405,-0.02373461395933874,-0.005297221643859008,,
T7,T7_day162,T7_day280,120,118,-0.0283413178439646,-0.07239708164406136,0.08408135850096446,0.14099269771286854
T7,T7_day162,T7_day545,480,383,-0.011366580750145117,-0.03352974680946499,,
T7,T7_day167,T7_day293,120,126,0.05937428495292397,-0.0943838982283886,0.032732685891001825,-0.051986409136532574
T7,T7_day167,T7_day545,480,378,-0.011030251691647673,-0.0165949632294662,,
T7,T7_day252,T7_day258,7,6,0.035978908535858854,0.05961220690896268,-0.04131683530911755,0.0011308764886200258
T7,T7_day252,T7_day280,30,28,0.1763040284789474,-0.14726295859217678,-0.04081497707728617,-0.01851789056777799
T7,T7_day252,T7_day377,120,125,-0.027932121672374036,-0.177380682946612,-0.002019301196321515,-0.07909184005642515
T7,T7_day258,T7_day266,7,8,0.05705228284435701,0.04713557769798801,-0.10475612402680196,0.030816808181645557
T7,T7_day258,T7_day293,30,35,-0.002449890563474454,0.09594123383425152,0.00870113664107642,0.15678661530531973
T7,T7_day258,T7_day377,120,119,0.012002747059544785,0.10317803706708137,-0.08346614491495538,0.015488091039796004
T7,T7_day266,T7_day293,30,27,0.02142286605579319,0.020753401491549653,-0.06486517646420531,-0.0049761956433279995
T7,T7_day266,T7_day392,120,126,0.07470970825280179,-0.026646751859662223,0.02224452703252584,-0.014204622521227249
T7,T7_day279,T7_day280,1,1,0.09878418211567921,0.22183300486772853,0.05399892846485636,0.07508714700377073
T7,T7_day279,T7_day307,30,28,0.01180346326087798,-0.16491053494280733,0.007553305482462091,-0.07548219081463799
T7,T7_day279,T7_day401,120,122,0.09121547703177253,0.06188906569029985,,
T7,T7_day280,T7_day307,30,27,0.12737879696493712,-0.013756790351280206,-0.06931919765381801,-0.07159366759762617
T7,T7_day280,T7_day401,120,121,0.15232166450193066,0.05774294226771985,,
T7,T7_day293,T7_day321,30,28,0.12482083325147562,0.03880238366349315,-0.1749060711282316,8.307788297208583e-05
T7,T7_day293,T7_day406,120,113,0.03483955383773154,-0.11071001261331279,,
T7,T7_day307,T7_day314,7,7,-0.01672808276552776,0.07517178457477962,-0.013250074600547978,0.06666237148360145
T7,T7_day314,T7_day315,1,1,-0.13517475088748615,-0.07302839332321392,,
T7,T7_day314,T7_day321,7,7,-0.05780548509422482,0.02576989490954711,-0.0922673141089982,0.01253797846078724
T7,T7_day314,T7_day350,30,36,-0.019113476476058534,0.002533049436208833,-0.09495384403416919,0.007488288784789199
T7,T7_day315,T7_day321,7,6,0.09204150378967224,-0.03060717051386673,,
T7,T7_day315,T7_day350,30,35,0.0637937217936483,-0.05285745883617434,,
T7,T7_day321,T7_day328,7,7,0.06826396961447401,-0.03618139484040539,-0.15408064997422893,-0.1976355017225945
T7,T7_day321,T7_day350,30,29,0.024747798836661346,0.05728117225292671,-0.1543555387158997,-0.03352852025351336
T7,T7_day328,T7_day455,120,127,-0.15768353729477835,-0.057172654293846915,,
T7,T7_day350,T7_day377,30,27,0.04668480690961581,-0.23362698590706024,-0.049576329567373935,-0.015105745384403417
T7,T7_day350,T7_day455,120,105,0.052278168928676746,0.04559005364992704,,
T7,T7_day377,T7_day406,30,29,0.13887975198685398,0.06564242942212976,,
T7,T7_day377,T7_day503,120,126,0.13243263882446601,-0.15231836073829236,,
T7,T7_day392,T7_day503,120,111,0.15819924995278717,-0.10354791406233681,,
T7,T7_day401,T7_day503,120,102,0.07191122593432887,-0.03836749618993605,,
T7,T7_day406,T7_day545,120,139,-0.02439516548653682,-0.06463253167030035,,
T7,T7_day455,T7_day545,120,90,0.04140822700454069,0.019783255850063266,,
