train,test,style,gap_target,days,train_day,L0,L1,L2,L4u,L3_n10,L4_n10,L5_n10,L6_n10,L6p_n10,L3_n20,L4_n20,L5_n20,L6_n20,L6p_n20,L3_n50,L4_n50,L5_n50,L6_n50,L6p_n50,L3_n100,L4_n100,L5_n100,L6_n100,L6p_n100,L3_n300,L4_n300,L5_n300,L6_n300,L6p_n300,own
2020-01-27_CO,2020-02-04_CO,CO,7,8,0,-0.25390854477882385,0.08050622045993805,0.1514759659767151,-0.28164032101631165,-0.37718454607345153,-0.6639204852902989,-0.33301907777786255,-0.7502956752111228,-0.38803692811829316,0.04545001865098727,-0.2903678096048406,-0.08032311499118805,-0.10829712427360133,-0.14085991575528475,0.15732919568690534,-0.0333218182066386,0.12951116263866425,0.18271164920820784,0.17499679473803154,0.17915301465682815,0.013877437770364376,0.14412158727645874,0.17713132860557937,0.1807509085115546,0.19876127803357074,0.05783836416096658,0.23501068353652954,0.28989956620602186,0.290972639070596,0.2840074300765991
2020-01-27_CO,2020-02-25_CO,CO,30,29,0,-2.185868740081787,-0.15134961903095245,-0.013815119862556458,-0.09813667833805084,-0.5908606628112745,-0.6934282559240093,-0.5900092124938965,-0.5408250671318698,-0.6278539055710426,-0.13039403739797456,-0.3008584435441204,-0.1614093780517578,-0.12466041999000319,-0.1888111850814138,-0.06004912345731847,-0.15884474942217805,-0.030554041266441345,0.11876601703679707,0.02541652659075011,0.023480329613059125,-0.0348269618139439,0.1036720722913742,0.10185248878562753,0.09315408087237945,0.04500565460172415,0.017723263531356892,0.16525320708751678,0.22099635658934755,0.21900417068819247,0.212036594748497
2020-01-30_CO,2020-02-06_CO,CO,7,7,3,-1.599412202835083,-0.07685427367687225,0.14144675433635712,0.005027979612350464,-0.3426474475128542,-0.4036328065272995,-0.2728833556175232,-0.5811294838206327,-0.5113122563091927,-0.003100370109824724,-0.39456847675697376,-0.038409531116485596,-0.20389731923492782,-0.2529591273145687,0.10216922962944902,-0.10030559565832248,0.06759358942508698,0.10016411168017914,-0.1430016160386207,0.12854987915917612,0.03327119320318467,0.15414740145206451,0.21023813710191352,0.17188743350263405,0.19013269657265044,0.13383879792068176,0.27236485481262207,0.2923001747104913,0.291497106084599,0.28434842824935913
2020-01-30_CO,2020-02-25_CO,CO,30,26,3,-2.5781757831573486,-0.07973973453044891,0.01611398160457611,-0.13098236918449402,-0.5465889843988795,-0.673903987106278,-0.5220350623130798,-0.5408250671318698,-0.6513244968689589,-0.06291689586971383,-0.2268084950615931,-0.06634074449539185,-0.12466041999000319,-0.19704583734602976,-0.009616537809374825,-0.12214686057492893,0.028811722993850708,0.11876601703679707,-0.06689598165777555,0.0650401522327535,-0.030059971493380355,0.12724992632865906,0.10185248878562753,0.08890566055144294,0.08460708070148323,-0.012505444763154738,0.18067829310894012,0.22099635658934755,0.21765363669006355,0.212036594748497
2020-01-30_CO,2020-06-26_CO,CO,120,148,3,-1.5232090950012207,-0.19015753269195557,-0.17795096337795258,-0.28365206718444824,-0.6154295471462405,-0.7980119658281848,-0.6667090654373169,-0.5029665446609946,-1.085722697180587,-0.16956380592115441,-0.5168358874028245,-0.2155153602361679,-0.04056791921209449,-0.17105958690924802,-0.06689131450314498,-0.22593568605046854,-0.021662145853042603,0.00717289665023671,-0.010326072150365906,-0.0381445054111188,-0.17214420497277394,0.05452601611614227,0.1065935593224446,0.09778827805834109,-0.005447468334713018,-0.11728624467305127,0.11713209748268127,0.19385331264165567,0.18802988742449395,0.18396984040737152
2020-02-05_CO,2020-02-06_CO,CO,1,1,9,-0.15389156341552734,0.10374473035335541,0.20171624422073364,0.09101001918315887,-0.4053450003191148,-0.7983305592100085,-0.41875410079956055,-0.5811294838206327,-0.40857749839155877,-0.0069778656715786536,-0.2733732261817773,-0.10359492897987366,-0.20389731923492782,-0.32916275606804485,0.06896459857290071,-0.0769893385878545,0.04004679620265961,0.10016411168017914,0.06594517750661918,0.15298749698521355,0.11609226732535757,0.18685927987098694,0.21023813710191352,0.186430843243896,0.22658403272369285,0.1836305831508816,0.27347755432128906,0.2923001747104913,0.31179243193766604,0.28434842824935913
2020-02-05_CO,2020-02-11_CO,CO,7,6,9,-0.09565052390098572,0.15406209230422974,0.2060771882534027,0.08312450349330902,-0.30294400621567535,-0.3439024893174895,-0.401203989982605,-1.5267017647529835,-0.5056799425853531,0.10454993796645151,0.04365541003529594,0.11600857973098755,-0.006143658888042164,0.11725566051813274,0.12630222814569195,-0.012994099849777202,0.14064420759677887,0.1572204629653557,0.15533351536280765,0.16680004897815953,0.13205087461497597,0.1920120269060135,0.22015796316734326,0.214080828652958,0.21191294091494745,0.1767176663654773,0.2602761387825012,0.29317770011330535,0.29847652533393093,0.2883591055870056
2020-02-05_CO,2020-06-26_CO,CO,120,142,9,-0.9874722361564636,-0.14848995208740234,-0.16694936156272888,-0.2078142762184143,-0.6752973113384039,-0.7261867317841448,-0.6442817449569702,-0.5029665446609946,-1.0145977037680625,-0.2380101651803583,-0.31340559747112295,-0.1718902885913849,-0.04056791921209449,-0.10466191011441703,-0.03967504092904109,-0.14274286420622512,-0.01377551257610321,0.00717289665023671,0.0005399493527027399,-0.01628194886796916,-0.0958256610442445,0.07081033289432526,0.1065935593224446,0.10170323688041955,0.01055444934970931,-0.04575163015881745,0.11908245086669922,0.19385331264165567,0.18847968418242084,0.18396984040737152
2020-02-11_CO,2020-06-26_CO,CO,120,136,15,-1.4109559059143066,-0.10227237641811371,-0.13817574083805084,-0.19742858409881592,-0.5692351716696671,-0.5643361311309224,-0.5647312998771667,-0.5029665446609946,-0.9807548463450528,-0.14417996962311064,-0.2302662386586401,-0.10599400103092194,-0.04056791921209449,-0.06268966437808016,-0.004477927053825936,-0.1910782325623424,0.004520133137702942,0.00717289665023671,0.020683104886139503,0.010993393074273106,-0.10147014280872158,0.05458329617977142,0.1065935593224446,0.09659637422592024,0.045087137403527405,-0.050712275636722925,0.12304256856441498,0.19385331264165567,0.18746449524154185,0.18396984040737152
2020-03-18_RD,2020-03-19_RD,RD,1,1,51,-0.8952459096908569,0.2740707993507385,0.28581202030181885,0.19469062983989716,0.26666203002376787,0.14952244056766792,0.25181087851524353,0.03974343824078305,0.2455438596387952,0.29329143105187755,0.19094539705779143,0.2926980257034302,0.13101630709698783,0.29730443489530123,0.2901475712118393,0.22202467049715144,0.288875937461853,0.24706724421550927,0.3030566142078842,0.2952995364469122,0.23775681708052632,0.2938041090965271,0.2886011175403454,0.3126791126437899,0.30119915449690826,0.2563027909927613,0.33785372972488403,0.3625597330243179,0.3586229393183178,0.36061882972717285
2020-03-18_RD,2020-07-29_RD,RD,120,133,51,-0.06357909739017487,0.045569658279418945,0.07106725871562958,0.01327650249004364,0.0007827168310450827,-0.023174383320200553,0.06113852560520172,-0.06983935204087222,0.09230365298684537,0.13082168888011636,0.11369003718274204,0.11641021072864532,0.1699537477930211,0.1943856854322282,0.17370534509834257,0.113594637470281,0.21987895667552948,0.28476020089450294,0.28056673443756414,0.1731210357669682,0.13936531972584912,0.23448649048805237,0.29964042420765025,0.3157522926598383,0.18583303433955092,0.148033165360489,0.290012001991272,0.3502872036479333,0.35048471671692055,0.34804362058639526
2020-07-29_RD,2020-08-29_RD,RD,30,31,184,-1.8097609281539917,-0.10177086293697357,0.08311307430267334,-0.02286495268344879,-0.01921748684252908,-0.16166235474219665,-0.13991902768611908,-0.5103187604971606,-0.041744674671308685,0.06531785154475567,0.0642575853520242,0.09522242844104767,0.13319687090084062,0.09773700532096358,0.09450860730450766,0.07119363683356855,0.11988626420497894,0.1820887363778778,0.15642616099613327,0.09578967666765814,0.08104115061410888,0.1384080946445465,0.19858005730025613,0.19239613495950997,0.11262995453128075,0.11277134124099583,0.20302623510360718,0.2813523644741336,0.2799506200247044,0.2787606120109558
2020-07-29_RD,2020-12-12_RD,RD,120,136,184,-0.989152729511261,-0.10379406809806824,0.023907959461212158,-0.025298908352851868,0.0025357220278565684,-0.07071149943729088,0.0015292912721633911,0.07283077453146919,0.04774991519891414,0.04147464099153589,0.03295661961513413,0.06308668851852417,0.08008491369647947,0.10492269275190694,0.07167814783772214,0.08177406656710065,0.11111366748809814,0.1464045134182521,0.13785850961350812,0.08682156614215897,0.07746208537925278,0.143954798579216,0.17984441982788063,0.17682416481257848,0.10959782910914664,0.10526110685433188,0.20160271227359772,0.2631270064670047,0.2627575160292276,0.259616494178772
2020-08-11_RD,2020-09-04_RD,RD,30,24,197,-6.840431213378906,-2.6422433853149414,0.16756556928157806,0.06942719221115112,0.05420107561703222,-0.19157171610871734,0.07699884474277496,-0.032216992433598435,0.07981753883043452,0.1664326265443772,0.069021937960134,0.17819444835186005,0.12397406209474121,0.2098881464086391,0.18605064193079415,0.10272263292537592,0.21562503278255463,0.20504977076408532,0.22180006198704186,0.19893317682205214,0.14076716247030358,0.21260790526866913,0.24110402487250557,0.2508767768748461,0.2119186184200894,0.1698304814739189,0.26179051399230957,0.3080378488911728,0.3095959944192761,0.3054805397987366
2020-08-11_RD,2020-12-12_RD,RD,120,123,197,-0.6240347027778625,0.001468762755393982,0.010109946131706238,-0.002131626009941101,-0.025957458067800643,-0.02268633046480001,-0.02303987741470337,0.07283077453146919,0.0041606867375184875,0.02213039862467281,0.019133020813245832,0.042360782623291016,0.08008491369647947,0.08319888238311451,0.07261316966535927,0.07968442755832894,0.11199761927127838,0.1464045134182521,0.13431062290346446,0.0810588788696526,0.07096935259407869,0.15029975771903992,0.17984441982788063,0.1750083433219898,0.0968752850013199,0.09721473129824076,0.2055039405822754,0.2631270064670047,0.26167687676352447,0.259616494178772
2020-08-29_RD,2020-09-04_RD,RD,7,6,215,-1.2830106019973755,-0.09439903497695923,0.21167828142642975,0.09127165377140045,0.06243477080947135,-0.02924912357073281,0.06458695232868195,-0.032216992433598435,0.06084060805413288,0.18449991546668765,0.06363315623917803,0.18408603966236115,0.12397406209474121,0.22553399851803776,0.23424846850361575,0.11639403698851389,0.22123463451862335,0.20504977076408532,0.2626302749303902,0.23730455770294892,0.15052426011642359,0.22028878331184387,0.24110402487250557,0.24463103653129997,0.23782051024396164,0.17613487186092575,0.27065399289131165,0.3080378488911728,0.31387152227147547,0.3054805397987366
2020-08-29_RD,2020-12-12_RD,RD,120,105,215,-0.2973136007785797,0.03643430769443512,0.06021769344806671,-0.002458512783050537,0.04457146908062248,-0.024384839344809034,0.04977630078792572,0.07283077453146919,0.06910938225047358,0.012585439637931795,0.0012436404732495687,0.046270787715911865,0.08008491369647947,0.09077074240582506,0.06911787535545924,0.06238696867364246,0.10888244211673737,0.1464045134182521,0.1413809723487949,0.07896759078013488,0.06263990818341014,0.14373879134655,0.17984441982788063,0.1798372437921263,0.09041393485051272,0.08767086307356381,0.20167319476604462,0.2631270064670047,0.26306997804220017,0.259616494178772
2020-11-16_CO,2020-12-11_CO,CO,30,25,294,-0.9344157576560974,0.057566314935684204,0.08789907395839691,-0.035006001591682434,-0.04688019360019627,-0.08548137579592843,-0.03913477063179016,0.02142911108715581,-0.028133472872555382,0.07355838242818946,-0.0037321149265583664,0.07340912520885468,0.07085522411950812,0.07918848632218814,0.06923774378341105,0.027325171488403327,0.10127125680446625,0.09758948952784574,0.11623507803933655,0.0692545132478474,0.036079023528371196,0.1142280250787735,0.1431497367883637,0.12929850164716225,0.12231422260860145,0.06636596650740234,0.1735483705997467,0.2447802057719361,0.23440949857734722,0.22695182263851166
2020-11-16_CO,2021-03-13_CO,CO,120,117,294,-2.4045724868774414,0.03452757000923157,0.05207744240760803,-0.14829885959625244,-0.0019902263496650863,-0.26380041860420916,-0.07608363032341003,-0.04826410132361017,-0.0038553850675630275,0.04498313086304623,-0.046727592342295426,-0.05229631066322327,0.07980342640290031,0.0846091874117933,0.057579563130984585,0.009287623750850738,0.10959373414516449,0.16218745988541647,0.17196385747915138,0.09442170400352243,0.036953409646583196,0.12324583530426025,0.17504096376552372,0.17559129205219956,0.10088594676688123,0.04916605831816548,0.13911260664463043,0.240858902432172,0.23957752867894933,0.23161622881889343
2020-12-12_RD,2021-04-12_RD,RD,120,121,320,-3.900534152984619,-0.012596800923347473,0.038553401827812195,-0.14019368588924408,-0.027724766694265462,-0.3517348296052774,-0.020179033279418945,0.12047316087480492,0.09461576409502251,0.09990457630799546,0.0007693909289302747,0.12435200810432434,0.2294936769362083,0.2115542748566133,0.1011051956049559,0.009687397800067554,0.15263842046260834,0.3088762129450473,0.29628500076126085,0.08292664783322246,0.03441626021555133,0.1623474508523941,0.331969258229581,0.327448366164673,0.09895885854658537,0.05523668759013922,0.2672111988067627,0.38797360658045743,0.3934782063210289,0.38978251814842224
2021-01-11_CO,2021-05-11_CO,CO,120,120,350,-0.9792250990867615,0.04320588707923889,0.03767414391040802,-0.21422018110752106,0.010116944573494213,-0.012074782023841962,0.07743142545223236,0.08292533995352772,0.07308113588156942,0.07058056786986214,0.026420728986265463,0.0807785838842392,0.07630212387048921,0.11190313817118991,0.08346109231419632,0.018592314869022658,0.08971789479255676,0.13059112410764245,0.13539517398069795,0.0952634567577531,0.056544834830294044,0.1581055074930191,0.20314412240710097,0.2051536731084976,0.10641343963942801,0.08753034682255056,0.21869446337223053,0.29249924184401765,0.29206729632667117,0.2880399823188782
2021-01-21_RD,2021-01-22_RD,RD,1,1,360,0.053156450390815735,0.3640761375427246,0.3563483655452728,0.12206082046031952,0.34679194917650247,0.2436530804231015,0.34717363119125366,0.07187112307191518,0.3514798783134714,0.24928041223471856,0.14536067318465964,0.24725544452667236,0.07573566431767492,0.2441361053745966,0.35220263533798046,0.26876533043260586,0.3377664089202881,0.28318390761751544,0.3488710995831139,0.3681553033578585,0.2989974691180608,0.3629873991012573,0.34717196926731897,0.37907704291954825,0.37277073745294653,0.31076414295714605,0.3772847652435303,0.39347517198209647,0.3999643266301155,0.3911004364490509
2021-01-21_RD,2021-05-19_RD,RD,120,118,360,-0.7717205286026001,0.05143618583679199,0.03878411650657654,-0.2442525327205658,0.020184998233032048,-0.19594200720871952,0.002484440803527832,-0.07590032319822168,-0.10796007674568955,0.030798576920264692,-0.05479038597234259,0.0732928216457367,0.16844767324304707,0.1353587817219326,0.06867576956061178,-0.024471711698597215,0.09647899866104126,0.17238608762012664,0.1695565052930112,0.10676254859227349,0.030164923105073765,0.17710623145103455,0.24763473859270752,0.24397272585500282,0.13935487933436821,0.062223411549906876,0.22272488474845886,0.2951147340642201,0.29383638960188485,0.29204025864601135
2021-01-23_CO,2021-02-23_CO,CO,30,31,362,-0.2954181730747223,-0.0019523799419403076,0.07699668407440186,-0.08890333771705627,-0.037006400566295505,-0.2065955002205473,-0.05870996415615082,-0.11379870097564987,-0.10560726084897609,0.04358720850100023,-0.12130483692077232,0.03882439434528351,0.02639225165612008,0.06085202687763497,0.05834306126861488,-0.025377598162206416,0.07741610705852509,0.07655024672260818,0.0670019023073413,0.08993269564227258,-0.003275883601673635,0.10317078232765198,0.1395146958381763,0.13850169635843004,0.09914423940818404,0.025508706779312412,0.17471639811992645,0.24270012198546884,0.24198230318124098,0.2391338050365448
2021-01-23_CO,2021-05-20_CO,CO,120,117,362,-0.8182237148284912,-0.002922534942626953,-0.049290671944618225,-0.23831796646118164,-0.13249934862075471,-0.19308525404565458,-0.0582491010427475,-0.010269523399827035,-0.05059080161158791,-0.06219418242299829,-0.1305866430037541,-0.077588751912117,0.08319526054783533,0.048856275030534635,0.013332079431747412,-0.08910491965963047,0.0978483259677887,0.17879598828211984,0.1637898463513106,0.04330982097980002,-0.04930656971056813,0.1576893925666809,0.25442508410697606,0.24576538683094554,0.05377602108486551,-0.04155763065544357,0.18755383789539337,0.3158546687787519,0.3108081035373149,0.3100617825984955
