subject,alpha,train,test,gap_target,days,L0,L1,L2,L4u,L4s,L3_n300,lam_L3_n300,L6_n300,lam_L6_n300,L6p_n300,lam_L6p_n300,own
T5,10000.0,T5_day40,T5_day47,7,7,-4.118512153625488,0.008106112480163574,0.35969996452331543,0.22653228044509888,0.07160910964012146,0.485197554725387,1e-05,0.5658240730762201,10000.0,0.5560923380200871,1000.0,0.5658242106437683
T5,10000.0,T5_day40,T5_day70,30,30,-15.464929580688477,-1.7359517812728882,-0.20333710312843323,-0.7293335199356079,-0.466994971036911,0.4166634083765283,1e-05,0.6100183716401951,10000.0,0.46848005351934185,10000.0,0.650913417339325
T5,10000.0,T5_day40,T5_day166,120,126,-27.770126342773438,-1.4123138189315796,-0.1467394232749939,-0.6538034677505493,-0.43860650062561035,0.4583394120790008,1e-05,0.5414562138303174,10000.0,0.5386270648303011,1000.0,0.5414562225341797
T5,10000.0,T5_day40,T5_day525,480,485,-36.56606674194336,-14.090356826782227,-0.2585803270339966,-0.1771869659423828,-0.8304466605186462,0.4748293242098914,1e-05,0.5258261862546865,10000.0,0.5275578532276541,10000.0,0.5258257389068604
T5,10000.0,T5_day47,T5_day49,1,2,-1.1775654554367065,0.19491812586784363,0.27534323930740356,0.05472484230995178,0.038444846868515015,0.46777308920415306,1e-05,0.5175500789749906,10000.0,0.3626262653162394,10000.0,0.5273783206939697
T5,10000.0,T5_day47,T5_day54,7,7,-1.7814010381698608,-0.8051114082336426,0.07668328285217285,0.13178232312202454,0.2787761986255646,0.4535095680058628,0.0001,0.5541984186570881,10000.0,0.5511903318782729,10000.0,0.653347373008728
T5,10000.0,T5_day47,T5_day75,30,28,-8.167072296142578,-0.8238903284072876,-0.2646084427833557,-0.6903108358383179,-0.5406932234764099,0.39463491585506955,1e-06,0.4868717633611883,10000.0,0.4617801630925645,1000.0,0.5123302340507507
T5,10000.0,T5_day47,T5_day166,120,119,-2.7628045082092285,-1.1911628246307373,-0.22334504127502441,-0.5082627534866333,-0.19735866785049438,0.459453788227351,0.0001,0.5414562138303174,10000.0,0.5383001933569667,100.0,0.5414562225341797
T5,10000.0,T5_day47,T5_day525,480,478,-11.461606979370117,-2.9783167839050293,-0.44761377573013306,-0.7331727147102356,-0.6940364837646484,0.4465938289214936,0.0001,0.5258261862546865,10000.0,0.5018197996014078,1000.0,0.5258257389068604
T5,10000.0,T5_day49,T5_day51,1,2,-0.6723580360412598,0.1155565083026886,0.42439138889312744,0.4754140079021454,0.4697255790233612,0.5221864388936885,0.0001,0.5701476774385601,10000.0,0.5729645496332474,10000.0,0.6270827651023865
T5,10000.0,T5_day49,T5_day56,7,7,0.014133632183074951,0.3411938548088074,0.3650301694869995,0.49510934948921204,0.4972023665904999,0.5452045624806059,1e-05,0.5610423953268562,10000.0,0.5609059597149731,10000.0,0.6107176542282104
T5,10000.0,T5_day49,T5_day75,30,26,-2.79813289642334,-0.8466077446937561,-0.16106510162353516,-0.28280109167099,-0.28034335374832153,0.436141521911004,1e-05,0.4868717633611883,10000.0,0.47745835385096197,10000.0,0.5123302340507507
T5,10000.0,T5_day49,T5_day166,120,117,-12.878331184387207,-1.0759375095367432,-0.14805197715759277,-0.19153732061386108,-0.29273921251296997,0.4500873204338694,1e-05,0.5414562138303174,10000.0,0.5393065215243897,1000.0,0.5414562225341797
T5,10000.0,T5_day49,T5_day525,480,476,-5.66067361831665,-4.448019027709961,-0.15382570028305054,-0.248834490776062,-0.47230827808380127,0.46741886311211506,1e-05,0.5258261862546865,10000.0,0.5186969484909556,10000.0,0.5258257389068604
T5,10000.0,T5_day51,T5_day57,7,6,0.41482388973236084,0.420560747385025,0.44564536213874817,0.4916074573993683,0.4874841272830963,0.5124349147508169,0.0001,0.5084062189546721,10000.0,0.4937274447998936,10000.0,0.54962158203125
T5,10000.0,T5_day51,T5_day75,30,24,-0.28145498037338257,-0.14998984336853027,-0.0773971676826477,0.009997755289077759,0.03842368721961975,0.4470394910113241,1e-05,0.4868717633611883,10000.0,0.4763629400137633,1000.0,0.5123302340507507
T5,10000.0,T5_day51,T5_day166,120,115,-7.598476409912109,-0.6792775988578796,0.02217695116996765,-0.2157078981399536,-0.40651053190231323,0.45689037948108047,0.0001,0.5414562138303174,10000.0,0.5391751490721941,1000.0,0.5414562225341797
T5,10000.0,T5_day51,T5_day525,480,474,-5.792041778564453,-3.144608497619629,-0.13757270574569702,-0.23962628841400146,-0.3007357120513916,0.4315415425278751,1e-05,0.5258261862546865,10000.0,0.5086639663877293,10000.0,0.5258257389068604
T5,10000.0,T5_day54,T5_day56,1,2,-0.4354708194732666,0.47560015320777893,0.5535023212432861,0.5559519529342651,0.5424090623855591,0.5605076442613386,0.0001,0.5610423953268562,10000.0,0.5753876109283749,10000.0,0.6107176542282104
T5,10000.0,T5_day54,T5_day61,7,7,-4.609488487243652,-0.7099835872650146,0.4515623450279236,0.45993560552597046,0.4618086516857147,0.6064014793395086,0.0001,0.6465334337787336,10000.0,0.6198863228108371,1000.0,0.6465334892272949
T5,10000.0,T5_day54,T5_day166,120,112,-3.3159127235412598,-0.5456488132476807,0.004576176404953003,-0.19679853320121765,-0.3165808916091919,0.4688553379245841,1e-05,0.5414562138303174,10000.0,0.539159096593177,1000.0,0.5414562225341797
T5,10000.0,T5_day54,T5_day525,480,471,-40.00360870361328,-8.26279354095459,-0.14865535497665405,-0.2370351254940033,-0.5094072818756104,0.3430831988834949,1e-06,0.5258261862546865,10000.0,0.5269958817242416,10000.0,0.5258257389068604
T5,10000.0,T5_day56,T5_day57,1,1,0.46565383672714233,0.49549970030784607,0.4859951138496399,0.5040358304977417,0.49886825680732727,0.5349034015467745,0.0001,0.5084062189546721,10000.0,0.5164370758050704,100000.0,0.54962158203125
T5,10000.0,T5_day56,T5_day63,7,7,-4.278735637664795,-1.1035065650939941,0.47913047671318054,0.5384629964828491,0.5358548164367676,0.5480312453371927,0.0001,0.5486898649532258,10000.0,0.5521268379201825,10000.0,0.5486898422241211
T5,10000.0,T5_day56,T5_day182,120,126,-4.866515159606934,-1.5485607385635376,-0.09163093566894531,-0.11580148339271545,-0.30848580598831177,0.3308086101828795,1e-05,0.5333330887958224,10000.0,0.5245591279432216,10000.0,0.5828084349632263
T5,10000.0,T5_day56,T5_day525,480,469,-61.117671966552734,-17.291772842407227,-0.28586214780807495,-0.3116040825843811,-0.4137696623802185,0.47305334239547414,1e-05,0.5258261862546865,10000.0,0.505615582819125,10000.0,0.5258257389068604
T5,10000.0,T5_day57,T5_day63,7,6,-4.66511344909668,-0.4953339695930481,0.4932800829410553,0.5139299631118774,0.5133870244026184,0.5394805798673271,0.0001,0.5486898649532258,10000.0,0.547375156134665,10000.0,0.5486898422241211
T5,10000.0,T5_day57,T5_day182,120,125,-22.157033920288086,-12.152170181274414,-0.07809281349182129,-0.20074135065078735,-0.23682481050491333,0.23642547858756663,1e-05,0.5333330887958224,10000.0,0.5225597148240061,10000.0,0.5828084349632263
T5,10000.0,T5_day57,T5_day525,480,468,-61.50749206542969,-17.677955627441406,-0.2923527956008911,-0.3624328374862671,-0.13592898845672607,0.48849401250676633,1e-05,0.5258261862546865,10000.0,0.5168802302153606,10000.0,0.5258257389068604
T5,10000.0,T5_day61,T5_day63,1,2,-0.2674238085746765,0.19448575377464294,0.45352649688720703,0.5047118663787842,0.4795258045196533,0.549544220427435,0.0001,0.5486898649532258,10000.0,0.5059922589315129,100000.0,0.5486898422241211
T5,10000.0,T5_day61,T5_day68,7,7,-0.4640433192253113,0.284246027469635,0.37856683135032654,0.3922928273677826,0.4182385206222534,0.5928155055674884,0.0001,0.610512575293088,10000.0,0.47474119665306164,10000.0,0.6393769979476929
T5,10000.0,T5_day61,T5_day182,120,121,-9.465494155883789,-0.30317360162734985,-0.10224860906600952,-0.11892259120941162,-0.18407118320465088,0.3192434594159987,1e-05,0.5333330887958224,10000.0,0.4983049678079405,1000.0,0.5828084349632263
T5,10000.0,T5_day61,T5_day525,480,464,-26.723167419433594,-8.031606674194336,-0.22917848825454712,-0.3215901255607605,-0.34731554985046387,0.4319189574215149,1e-05,0.5258261862546865,10000.0,0.4993538372695638,1000.0,0.5258257389068604
T5,10000.0,T5_day63,T5_day70,7,7,-1.4964641332626343,-1.0549099445343018,0.4266781806945801,0.5529344081878662,0.5271762609481812,0.41629436901460765,1e-05,0.6100183716401951,10000.0,0.5899640875418357,10000.0,0.650913417339325
T5,10000.0,T5_day63,T5_day182,120,119,-7.552693843841553,-3.976867437362671,-0.06578391790390015,-0.35186660289764404,-0.3714722990989685,0.09849270448194958,1e-05,0.5333330887958224,10000.0,0.5269679332283335,10000.0,0.5828084349632263
T5,10000.0,T5_day63,T5_day525,480,462,-51.600502014160156,-6.423023223876953,-0.2018808126449585,-0.3795718550682068,-0.34490281343460083,0.43216135272043393,1e-05,0.5258261862546865,10000.0,0.5028203979949035,10000.0,0.5258257389068604
T5,10000.0,T5_day68,T5_day70,1,2,0.31161823868751526,0.3022971749305725,0.6142686605453491,0.535447359085083,0.5779950618743896,0.5942216637930321,0.0001,0.6100183716401951,10000.0,0.46363970574320496,10000.0,0.650913417339325
T5,10000.0,T5_day68,T5_day75,7,7,0.134646475315094,0.32496100664138794,0.4160376787185669,0.4240964651107788,0.435025691986084,0.4749911232943987,0.0001,0.4868717633611883,10000.0,0.46159818195914987,10000.0,0.5123302340507507
T5,10000.0,T5_day68,T5_day189,120,121,-2.405397415161133,0.09080120921134949,0.1975133717060089,0.1168602705001831,0.0764768123626709,0.5456321644396434,1e-05,0.6068162846481923,10000.0,0.5961517773279215,1000.0,0.6278880834579468
T5,10000.0,T5_day68,T5_day525,480,457,-94.20716857910156,-35.55667495727539,-0.40108567476272583,-0.4433630108833313,-0.15690267086029053,0.3559654502204303,1e-06,0.5258261862546865,10000.0,0.5466269405496437,10000.0,0.5258257389068604
T5,10000.0,T5_day70,T5_day189,120,119,-0.2318035364151001,0.03896230459213257,0.17370620369911194,0.10924631357192993,-0.04866248369216919,0.5534903858214444,0.0001,0.6068162846481923,10000.0,0.5960375414886422,1000.0,0.6278880834579468
T5,10000.0,T5_day70,T5_day525,480,455,-51.5698356628418,-15.40836238861084,-0.23693251609802246,-0.3591206669807434,-0.21598434448242188,0.49326014297988185,1e-05,0.5258261862546865,10000.0,0.5387496773359123,10000.0,0.5258257389068604
T5,10000.0,T5_day75,T5_day111,30,36,-3.381880283355713,-0.5000215172767639,0.1382654905319214,0.19866812229156494,0.41885894536972046,0.5730357202062725,0.0001,0.6206234357665801,10000.0,0.6013369226568127,10000.0,0.6206234693527222
T5,10000.0,T5_day75,T5_day189,120,114,-3.6093528270721436,0.1648227572441101,0.18322670459747314,0.24439650774002075,-0.2738382816314697,0.5363385101783263,1e-05,0.6068162846481923,10000.0,0.597542218387069,1000.0,0.6278880834579468
T5,10000.0,T5_day75,T5_day525,480,450,-42.65821838378906,-15.915750503540039,-0.3697723150253296,-0.6708992123603821,-0.28862351179122925,0.4358430979812929,1e-05,0.5258261862546865,10000.0,0.5089393420203827,10000.0,0.5258257389068604
T5,10000.0,T5_day111,T5_day113,1,2,-1.6664013862609863,0.312035471200943,0.4854384958744049,0.45297476649284363,0.4789445698261261,0.6868561634303503,0.0001,0.7065905023996195,10000.0,0.6953873753436476,1000.0,0.7065906524658203
T5,10000.0,T5_day111,T5_day140,30,29,-0.5211796760559082,0.2074970304965973,0.36122575402259827,0.3779841661453247,0.4344087541103363,0.592116980946666,0.0001,0.6420935130737297,10000.0,0.6226420854560738,10000.0,0.6420935988426208
T5,10000.0,T5_day111,T5_day225,120,114,-0.10306930541992188,-0.06341728568077087,0.17574864625930786,0.38899919390678406,0.35040390491485596,0.571079455689218,1e-05,0.6482703677414124,10000.0,0.645426696243293,1000.0,0.660892128944397
T5,10000.0,T5_day111,T5_day600,480,489,-6.405025959014893,-0.16978377103805542,0.05928003787994385,0.10735815763473511,-0.03144899010658264,0.4951312355101345,1e-05,0.5440966149699944,10000.0,0.5215978025977079,1000.0,0.5601785182952881
T5,10000.0,T5_day113,T5_day120,7,7,-0.026255041360855103,-1.5631099939346313,0.3734375238418579,0.42416805028915405,0.39212554693222046,0.4988920733258496,1e-05,0.5357603904919535,10000.0,0.5333741071924055,10000.0,0.5520333051681519
T5,10000.0,T5_day113,T5_day140,30,27,-0.0756807029247284,-0.04578179121017456,0.3146284222602844,0.3410869240760803,0.46318042278289795,0.6144702688641613,0.0001,0.6420935130737297,10000.0,0.6130009529213114,10000.0,0.6420935988426208
T5,10000.0,T5_day113,T5_day225,120,112,-0.0945294201374054,-0.03615942597389221,0.2482832968235016,0.36800867319107056,0.16673991084098816,0.5507821934731398,1e-05,0.6482703677414124,10000.0,0.6431711789091756,1000.0,0.660892128944397
T5,10000.0,T5_day113,T5_day600,480,487,-7.122288703918457,-0.43335461616516113,0.0957404375076294,0.15969762206077576,0.24025055766105652,0.453760644712052,1e-05,0.5440966149699944,10000.0,0.5451004704673508,10000.0,0.5601785182952881
T5,10000.0,T5_day120,T5_day121,1,1,0.4609411954879761,0.0006198883056640625,0.6016381978988647,0.6378360986709595,0.6598094701766968,0.6690122451956925,0.001,0.7003093029071731,10000.0,0.7068664778786892,10000.0,0.7003092765808105
T5,10000.0,T5_day120,T5_day126,7,6,-0.9803088307380676,-0.9955817461013794,0.5368660688400269,0.5706486105918884,0.5537184476852417,0.6069097108139138,0.0001,0.6087443337797169,10000.0,0.5957865464110881,10000.0,0.6251974105834961
T5,10000.0,T5_day120,T5_day252,120,132,0.020685523748397827,0.14024555683135986,0.17382755875587463,0.2033432424068451,0.2512170076370239,0.5405816386088224,1e-05,0.6440246609040952,10000.0,0.6311226980005065,10000.0,0.6501748561859131
T5,10000.0,T5_day120,T5_day600,480,480,-11.513737678527832,-2.7551863193511963,0.07566434144973755,0.24707040190696716,0.07963618636131287,0.48159495738362107,1e-05,0.5440966149699944,10000.0,0.5376746356934411,10000.0,0.5601785182952881
T5,10000.0,T5_day121,T5_day252,120,131,-0.5005845427513123,0.028364986181259155,0.24919652938842773,0.38388916850090027,0.44668516516685486,0.5821883248030799,1e-05,0.6440246609040952,10000.0,0.6340574335469031,10000.0,0.6501748561859131
T5,10000.0,T5_day121,T5_day600,480,479,-8.171340942382812,-3.325037956237793,0.03282502293586731,0.09944215416908264,0.2547314167022705,0.4991031922110431,1e-05,0.5440966149699944,10000.0,0.5423877050693466,10000.0,0.5601785182952881
T5,10000.0,T5_day124,T5_day126,1,2,-2.7039053440093994,-2.7486186027526855,0.49398067593574524,0.522463321685791,0.5225368142127991,0.5726377846929538,0.0001,0.6087443337797169,10000.0,0.6035640632643551,10000.0,0.6251974105834961
T5,10000.0,T5_day124,T5_day252,120,128,-2.5981030464172363,-0.5470585227012634,0.2114836573600769,0.23622339963912964,0.17534327507019043,0.5639027997359238,1e-05,0.6440246609040952,10000.0,0.6399098453033736,10000.0,0.6501748561859131
T5,10000.0,T5_day124,T5_day607,480,483,-18.902950286865234,-2.4190990924835205,-0.21324580907821655,-0.18975406885147095,-0.2162623405456543,0.4660431448586197,1e-05,0.5176876329953358,10000.0,0.5096540871619425,10000.0,0.5176876783370972
T5,10000.0,T5_day126,T5_day252,120,126,0.08570757508277893,0.25075724720954895,0.2618277370929718,0.3447231352329254,0.30408215522766113,0.5847909404466964,1e-05,0.6440246609040952,10000.0,0.6372729464797957,10000.0,0.6501748561859131
T5,10000.0,T5_day126,T5_day607,480,481,-12.8532075881958,-2.6990737915039062,-0.14032769203186035,-0.16448605060577393,-0.14870572090148926,0.36623255654436776,1e-05,0.5176876329953358,10000.0,0.5083105915303041,10000.0,0.5176876783370972
T5,10000.0,T5_day140,T5_day166,30,26,-0.5410410761833191,0.033550918102264404,0.19997277855873108,0.33483418822288513,0.24479728937149048,0.4848221791652158,1e-05,0.5414562138303174,10000.0,0.539238473930997,1000.0,0.5414562225341797
T5,10000.0,T5_day140,T5_day252,120,112,-1.3340396881103516,-0.13116702437400818,0.26583588123321533,0.31425121426582336,0.271695077419281,0.535474850809575,1e-05,0.6440246609040952,10000.0,0.6411802681540469,10000.0,0.6501748561859131
T5,10000.0,T5_day140,T5_day609,480,469,-2.7913036346435547,-1.2163447141647339,-0.3411981463432312,-0.60428786277771,-0.33845579624176025,0.5178843083111931,1e-05,0.6077905828841436,10000.0,0.5995637667794196,10000.0,0.6077908277511597
T5,10000.0,T5_day166,T5_day189,30,23,-2463.589599609375,-20.405521392822266,0.4829177260398865,0.46148937940597534,0.43562203645706177,0.6014076348196601,1e-05,0.6068162846481923,10000.0,0.5940928786828485,1000.0,0.6278880834579468
T5,10000.0,T5_day166,T5_day287,120,121,-2817.46875,-48.30259704589844,0.10537248849868774,0.07466933131217957,0.2647358179092407,0.6310935928321364,1e-05,0.6867599787905644,10000.0,0.6826505722098561,100.0,0.6867604851722717
T5,10000.0,T5_day166,T5_day635,480,469,-2037.0333251953125,-6.97443962097168,-0.18910127878189087,-0.2765169143676758,-0.4089779257774353,0.35775739002352597,0.0001,0.4662748018643492,10000.0,0.4531423751954854,1000.0,0.4662748873233795
T5,10000.0,T5_day182,T5_day189,7,7,-4.911710262298584,-0.37425822019577026,0.2920297682285309,0.4222860038280487,0.47223901748657227,0.550998261496021,1e-05,0.6068162846481923,10000.0,0.5973352748536477,1000.0,0.6278880834579468
T5,10000.0,T5_day182,T5_day287,120,105,-38.74205780029297,-6.63381814956665,0.11833852529525757,0.16739529371261597,0.25047793984413147,0.45277453023905306,0.001,0.6867599787905644,10000.0,0.5674882688942491,100000.0,0.6867604851722717
T5,10000.0,T5_day182,T5_day663,480,481,-11.815860748291016,-5.627004623413086,-0.24392640590667725,-0.407848596572876,-0.44336527585983276,0.392562593840671,1e-05,0.5419232030069483,10000.0,0.5196968542198783,1000.0,0.5419235825538635
T5,10000.0,T5_day189,T5_day225,30,36,-0.6156123280525208,-0.11268013715744019,0.2143421471118927,0.35763487219810486,0.43520474433898926,0.5909264185532274,1e-05,0.6482703677414124,10000.0,0.6471365609638647,1000.0,0.660892128944397
T5,10000.0,T5_day189,T5_day324,120,135,-35.28891372680664,-12.951109886169434,0.09740191698074341,0.18750742077827454,0.09311908483505249,0.5842185549930469,1e-05,0.6425099981866049,10000.0,0.6347876071764766,1000.0,0.6425098180770874
T5,10000.0,T5_day189,T5_day665,480,476,-18.414751052856445,-8.303417205810547,-0.34866440296173096,-0.7060280442237854,-0.2517144978046417,0.25773385677714583,0.001,0.27347212443983454,100000.0,-0.23094068028192288,100000.0,0.23813903331756592
T5,10000.0,T5_day225,T5_day252,30,27,-200.86715698242188,-18.891887664794922,0.43154850602149963,0.39057987928390503,0.46989139914512634,0.5999190580706214,1e-05,0.6440246609040952,10000.0,0.6327301344636911,10000.0,0.6501748561859131
T5,10000.0,T5_day225,T5_day348,120,123,-15.570690155029297,-15.45296859741211,0.24053719639778137,0.25238358974456787,0.3016429543495178,0.545892678064793,1e-05,0.605571625050635,10000.0,0.5833329815418203,10000.0,0.6045581102371216
T5,10000.0,T5_day225,T5_day707,480,482,-842.763671875,-167.73977661132812,-0.4492484927177429,-1.0275206565856934,-0.5881228446960449,0.020951363566407533,1e-06,0.10777142764818681,10000.0,-0.5019261726449946,10000.0,0.31655895709991455
T5,10000.0,T5_day252,T5_day287,30,35,-306.9388122558594,-179.72860717773438,0.40015220642089844,0.3269890546798706,0.35678547620773315,0.5986329869742845,0.001,0.6867599787905644,10000.0,0.6243831153902341,100000.0,0.6867604851722717
T5,10000.0,T5_day252,T5_day355,120,103,-117.46391296386719,-29.572071075439453,0.25200125575065613,0.021796494722366333,0.36704039573669434,0.4994468134161874,1e-06,0.5633887172233053,10000.0,0.5539607501598212,10000.0,0.5633887648582458
T5,10000.0,T5_day252,T5_day735,480,483,-13.293351173400879,-1.7722535133361816,-0.1349930763244629,-0.07851335406303406,-0.004456639289855957,0.25255849058121393,1e-05,0.34248817125450476,10000.0,0.34943400685988796,1000.0,0.46550503373146057
T5,10000.0,T5_day287,T5_day324,30,37,-1.392877221107483,0.13304391503334045,0.49244433641433716,0.4757348895072937,0.47819754481315613,0.5939814523088223,1e-05,0.6425099981866049,10000.0,0.6366799119481532,10000.0,0.6425098180770874
T5,10000.0,T5_day287,T5_day399,120,112,-2.2540788650512695,-0.1510729193687439,0.11766061186790466,0.19475114345550537,0.07125115394592285,0.45361394901090185,0.0001,0.4912617998402817,10000.0,0.33520027238534505,10000.0,0.5622174739837646
T5,10000.0,T5_day287,T5_day761,480,474,-3.94527530670166,-0.6598826050758362,-0.21606740355491638,-0.49224597215652466,-0.4501403570175171,0.36964781286974574,1e-05,0.407482923199538,10000.0,0.3710666345347377,1000.0,0.46336933970451355
T5,10000.0,T5_day324,T5_day355,30,31,-0.6748548746109009,0.40701404213905334,0.3833038806915283,0.1733405590057373,0.18099305033683777,0.43428097090792483,1e-06,0.5633887172233053,10000.0,0.5415542001203599,10000.0,0.5633887648582458
T5,10000.0,T5_day324,T5_day798,480,474,-5.46192741394043,-1.1197543144226074,-0.1561233103275299,-0.6829895377159119,-0.5593920350074768,0.3883291499605373,1e-05,0.48481816856381904,10000.0,0.4095626161241648,0.1,0.5048686265945435
T5,10000.0,T5_day348,T5_day355,7,7,-19.928625106811523,-0.5417801737785339,0.1323082149028778,0.18578308820724487,0.3605198562145233,0.44783829468238623,1e-05,0.5633887172233053,10000.0,0.5364416707720853,10000.0,0.5633887648582458
T5,10000.0,T5_day348,T5_day497,120,149,-1.2025032043457031,-0.7629137635231018,0.0027881860733032227,-0.04456031322479248,-0.15074056386947632,0.3648420888615945,0.0001,0.41569778441810695,10000.0,0.43087196454370075,1000.0,0.5264554023742676
T5,10000.0,T5_day348,T5_day831,480,483,-67.8150863647461,-387.74273681640625,-0.5147388577461243,-0.9058508276939392,-0.5974062085151672,0.5723681819711122,0.0001,0.6168090676374466,10000.0,0.6111513780468676,10000.0,0.6168087720870972
T5,10000.0,T5_day352,T5_day497,120,145,-111.24734497070312,-7.291916847229004,-0.10884582996368408,-0.18867045640945435,-0.09487709403038025,0.27411058271658917,0.0001,0.41569778441810695,10000.0,0.4516805864569582,10000.0,0.5264554023742676
T5,10000.0,T5_day352,T5_day831,480,479,-598.1290283203125,-38.58521270751953,-0.008655548095703125,-0.25091734528541565,-0.5488294363021851,0.5087107572634952,1e-05,0.6168090676374466,10000.0,0.6131526734831161,10000.0,0.6168087720870972
T5,10000.0,T5_day355,T5_day497,120,142,-226.26144409179688,-3.807727336883545,0.07419109344482422,-0.04698494076728821,-0.3546869158744812,0.33118442961999334,1e-05,0.41569778441810695,10000.0,0.4411087592812737,10000.0,0.5264554023742676
T5,10000.0,T5_day355,T5_day833,480,478,-69.28099060058594,-3.2345614433288574,-0.27765148878097534,-0.8374457955360413,-0.7563506364822388,0.44263242680864967,1e-05,0.5185919868137501,10000.0,0.3134344086936042,10000.0,0.5562028884887695
T5,10000.0,T5_day399,T5_day525,120,126,-165.69692993164062,-68.63297271728516,-0.29840904474258423,-0.15262329578399658,-0.3697359561920166,0.44076457113683637,0.0001,0.5258261862546865,10000.0,0.4977918872625638,1000.0,0.5258257389068604
T5,10000.0,T5_day399,T5_day880,480,481,-3.6108806133270264,-0.2026192545890808,-0.18931281566619873,-1.0215834379196167,-0.41940903663635254,0.25837777701674175,1e-06,0.35061245350781234,10000.0,0.25428541323114673,1000.0,0.42889130115509033
T5,10000.0,T5_day497,T5_day525,30,28,-277.9271545410156,-118.65525817871094,0.0946304202079773,0.0975663959980011,-0.08759146928787231,0.5047713130759208,0.0001,0.5258261862546865,10000.0,0.5067173150360481,1000.0,0.5258257389068604
T5,10000.0,T5_day497,T5_day609,120,112,-1.7818944454193115,-1.3098421096801758,-0.3188982605934143,-0.7132351398468018,-0.5996484160423279,0.5391727637703315,0.0001,0.6077905828841436,10000.0,0.5982941241000138,1000.0,0.6077908277511597
T5,10000.0,T5_day497,T5_day985,480,488,-12.66917896270752,-0.8823234438896179,-0.03564804792404175,-0.015510410070419312,0.05922657251358032,-0.7853477778851339,0.0001,-0.8610598523594352,10000.0,-0.8775827318010762,1000.0,-0.653817892074585
T5,10000.0,T5_day525,T5_day635,120,110,-2.6991372108459473,-1.7464195489883423,-0.18882089853286743,-0.3818662762641907,-0.3367997705936432,0.3286287577163034,0.0001,0.4662748018643492,10000.0,0.44438560317340553,10000.0,0.4662748873233795
T5,10000.0,T5_day525,T5_day1015,480,490,-12.723250389099121,-10.254444122314453,0.17534139752388,0.25857260823249817,0.28849679231643677,0.47449420504642614,0.0001,0.5374875205764037,10000.0,0.49159385714137577,10000.0,0.5570526719093323
T5,10000.0,T5_day600,T5_day607,7,7,-0.5463870763778687,-0.3128513693809509,-0.32446610927581787,-0.5194569826126099,-0.6433022618293762,0.41412755111921407,0.0001,0.5176876329953358,10000.0,0.527298935200573,10000.0,0.5176876783370972
T5,10000.0,T5_day600,T5_day635,30,35,-4.097252368927002,-1.4619412422180176,-0.20915347337722778,-0.6549608707427979,-0.7867526412010193,0.35448999257668223,0.0001,0.4662748018643492,10000.0,0.4549448203857004,1000.0,0.4662748873233795
T5,10000.0,T5_day600,T5_day719,120,119,-4.1991376876831055,-1.7144056558609009,-0.2289220094680786,-0.6598533987998962,-0.6262297630310059,0.06535501212319761,1e-05,0.11601399406892166,10000.0,-0.14482682880900116,10000.0,0.274747371673584
T5,10000.0,T5_day600,T5_day1048,480,448,-18.178295135498047,-12.686534881591797,0.036646127700805664,0.03125810623168945,0.12189352512359619,0.3265876412244167,1e-05,0.3849009326919974,10000.0,0.3798290479308643,10000.0,0.45014098286628723
T5,10000.0,T5_day607,T5_day609,1,2,0.03230360150337219,0.38260480761528015,0.4548146724700928,0.47385406494140625,0.48993614315986633,0.5609512434180386,0.0001,0.6077905828841436,10000.0,0.6064200156194457,10000.0,0.6077908277511597
T5,10000.0,T5_day607,T5_day635,30,28,-0.6700087785720825,0.2505682110786438,0.3642396926879883,0.37921181321144104,0.3914922773838043,0.4478787154173021,0.0001,0.4662748018643492,10000.0,0.4706421294965161,10000.0,0.4662748873233795
T5,10000.0,T5_day607,T5_day719,120,112,-0.7720603346824646,-0.615947425365448,0.0005886256694793701,-0.026085346937179565,-0.28747057914733887,0.05972539222088158,0.0001,0.11601399406892166,10000.0,-0.069651018187941,10000.0,0.274747371673584
T5,10000.0,T5_day607,T5_day1048,480,441,-303.0464782714844,-224.11378479003906,-0.1250573992729187,-0.2762640714645386,-0.3450470566749573,0.3266583433326802,1e-05,0.3849009326919974,10000.0,0.3227892134336753,10000.0,0.45014098286628723
T5,10000.0,T5_day609,T5_day635,30,26,-1.604736089706421,0.06871959567070007,0.37026599049568176,0.40314385294914246,0.3642670214176178,0.41244336781138,0.0001,0.4662748018643492,10000.0,0.46894173168041675,10000.0,0.4662748873233795
T5,10000.0,T5_day609,T5_day735,120,126,-3.8434605598449707,-1.6957197189331055,-0.2816193699836731,-0.6464695334434509,-0.5429116487503052,0.3364176659530404,1e-05,0.34248817125450476,10000.0,0.34779676946845256,1000.0,0.46550503373146057
T5,10000.0,T5_day609,T5_day1048,480,439,-69.99472045898438,-56.994781494140625,-0.26785290241241455,-0.5379453301429749,-0.1678539514541626,0.3249952345740782,1e-05,0.3849009326919974,10000.0,0.28402366224588094,10000.0,0.45014098286628723
T5,10000.0,T5_day635,T5_day665,30,30,-13.724638938903809,-0.43839842081069946,-0.08663114905357361,-0.2073579728603363,-0.31133225560188293,0.038944660772459505,0.001,0.27347212443983454,100000.0,-0.03480831184087718,100000.0,0.23813903331756592
T5,10000.0,T5_day635,T5_day761,120,126,-1.4699125289916992,-0.7791296243667603,-0.07053503394126892,-0.25461041927337646,-0.23049086332321167,0.3338858058754391,1e-05,0.407482923199538,10000.0,0.3692101600144142,1000.0,0.46336933970451355
T5,10000.0,T5_day635,T5_day1167,480,532,-3.8858144283294678,-1.3604965209960938,-0.09912911057472229,-0.27126386761665344,-0.07942619919776917,0.4150078997778537,1e-05,0.48177772934468865,10000.0,0.4794025728813801,1000.0,0.538698673248291
T5,10000.0,T5_day658,T5_day665,7,7,-23.54062271118164,0.00741952657699585,0.009470522403717041,-0.3364015817642212,-0.4648837447166443,0.25354584186623524,0.0001,0.27347212443983454,100000.0,0.22087491686294414,100000.0,0.23813903331756592
T5,10000.0,T5_day658,T5_day688,30,30,-1.846462368965149,-0.403219997882843,-0.15950968861579895,-0.17956870794296265,-0.4786202311515808,0.2957115807251778,1e-05,0.3830713834592524,10000.0,0.06977486088650231,10000.0,0.4260515570640564
T5,10000.0,T5_day658,T5_day761,120,103,-0.4806976318359375,-0.4832502603530884,0.002335101366043091,-0.12223941087722778,-0.20607250928878784,0.2905020888610414,1e-05,0.407482923199538,10000.0,0.35027813200383645,10000.0,0.46336933970451355
T5,10000.0,T5_day658,T5_day1167,480,509,-0.7500742077827454,-0.3926382064819336,-0.0489192008972168,0.02704298496246338,-0.0688869059085846,0.37178928215484364,0.0001,0.48177772934468865,10000.0,0.5016094015103416,10000.0,0.538698673248291
T5,10000.0,T5_day663,T5_day665,1,2,-2.924943208694458,-0.06738531589508057,-0.10041016340255737,-0.2729603052139282,-0.20549353957176208,0.022604434780564453,0.01,0.27347212443983454,100000.0,0.2618926290847078,100000.0,0.23813903331756592
T5,10000.0,T5_day663,T5_day693,30,30,-6.409051895141602,-2.155776023864746,-0.008296936750411987,-0.06047475337982178,0.043543070554733276,0.20370017677701407,1e-05,0.3402102877046531,10000.0,0.2395814655384852,10000.0,0.41629430651664734
T5,10000.0,T5_day663,T5_day798,120,135,-6.443853378295898,-2.42063045501709,0.06391984224319458,0.006696373224258423,-0.015031784772872925,0.37114774139198126,1e-05,0.48481816856381904,10000.0,0.449152721724461,10000.0,0.5048686265945435
T5,10000.0,T5_day663,T5_day1167,480,504,-5.297845363616943,-0.638965904712677,0.08224692940711975,-0.020435482263565063,0.09139445424079895,0.4034681420198775,1e-05,0.48177772934468865,10000.0,0.49596656112062354,10000.0,0.538698673248291
T5,10000.0,T5_day665,T5_day693,30,28,-17158250.0,-217051.046875,-0.1382696032524109,-0.27093976736068726,-0.14970910549163818,0.25930320645513344,1e-05,0.3402102877046531,10000.0,0.14136697902691125,10000.0,0.41629430651664734
T5,10000.0,T5_day665,T5_day798,120,133,-8914047.0,-90584.609375,0.167525053024292,0.02685210108757019,-0.26480937004089355,0.35374872990586986,1e-05,0.48481816856381904,10000.0,0.32381196438792587,10000.0,0.5048686265945435
T5,10000.0,T5_day665,T5_day1167,480,502,-6538631.0,-56922.44921875,0.19745966792106628,0.14222639799118042,0.12066873908042908,0.4455911605952486,0.0001,0.48177772934468865,10000.0,0.4865791615802327,1000.0,0.538698673248291
T5,10000.0,T5_day677,T5_day679,1,2,-2.819664716720581,0.18689760565757751,0.42431092262268066,0.49463820457458496,0.4778446555137634,0.5614668233773299,0.0001,0.580576091225441,10000.0,0.5722206662993182,10000.0,0.5805763006210327
T5,10000.0,T5_day677,T5_day684,7,7,-2.303633213043213,-0.0023255646228790283,0.12247106432914734,0.1269855797290802,0.03251352906227112,0.2366872826981849,1e-05,0.23538371583882622,100000.0,0.20695259140396582,10000.0,0.3583507537841797
T5,10000.0,T5_day677,T5_day707,30,30,-56.270904541015625,-14.380607604980469,0.346706360578537,-0.7938272953033447,-0.1980563998222351,-0.1310408553775672,1e-05,0.10777142764818681,10000.0,-0.050917015631773865,10000.0,0.31655895709991455
T5,10000.0,T5_day677,T5_day798,120,121,-14.232497215270996,-8.098286628723145,0.007233083248138428,-0.2998158931732178,-0.07795310020446777,0.3769273225813267,0.0001,0.48481816856381904,10000.0,0.4221570147751335,10000.0,0.5048686265945435
T5,10000.0,T5_day677,T5_day1167,480,490,-4.726195335388184,-1.8407642841339111,-0.09123808145523071,0.026435494422912598,-0.020970165729522705,0.4310788833745007,1e-05,0.48177772934468865,10000.0,0.4536767753789872,10000.0,0.538698673248291
T5,10000.0,T5_day679,T5_day709,30,30,-1.7962216138839722,-1.060154676437378,0.055998146533966064,0.14470002055168152,0.12619075179100037,0.35579257596559893,1e-05,0.40850703359701346,10000.0,0.4116722954631161,1000.0,0.4341495633125305
T5,10000.0,T5_day679,T5_day798,120,119,-23.633939743041992,-8.64804458618164,-0.11973690986633301,-0.5443102121353149,-0.5513073205947876,0.3597294717377677,1e-05,0.48481816856381904,10000.0,0.36389049111893623,10000.0,0.5048686265945435
T5,10000.0,T5_day679,T5_day1167,480,488,-2.3969945907592773,-0.46898818016052246,-0.09610113501548767,-0.0622500479221344,-0.14593669772148132,0.42301516508934106,1e-06,0.48177772934468865,10000.0,0.47484921564045846,1000.0,0.538698673248291
T5,10000.0,T5_day684,T5_day709,30,25,-0.4296889901161194,-0.3212938904762268,0.26000073552131653,0.30640360713005066,0.29503706097602844,0.353906514174682,1e-05,0.40850703359701346,10000.0,0.41362914230924763,10000.0,0.4341495633125305
T5,10000.0,T5_day684,T5_day798,120,114,-111.8846206665039,-63.1507568359375,-0.15877759456634521,-0.6699497699737549,-0.4140573740005493,0.3324913232902913,1e-05,0.48481816856381904,10000.0,0.12923012855061528,10000.0,0.5048686265945435
T5,10000.0,T5_day684,T5_day1167,480,483,-3.575021266937256,-0.29929864406585693,-0.025173962116241455,0.00542682409286499,0.16574892401695251,0.4505496109069527,1e-06,0.48177772934468865,10000.0,0.46002274207472166,1000.0,0.538698673248291
T5,10000.0,T5_day688,T5_day719,30,31,-2.6548819541931152,-1.226823329925537,0.13368195295333862,0.053175538778305054,0.032371312379837036,0.1483655402070962,0.0001,0.11601399406892166,10000.0,0.11199202380607376,10000.0,0.274747371673584
T5,10000.0,T5_day688,T5_day798,120,110,-52.636837005615234,-39.025211334228516,-0.26833152770996094,-0.22499686479568481,-0.5248041152954102,0.3158886615747686,1e-05,0.48481816856381904,10000.0,0.07509798710327548,10000.0,0.5048686265945435
T5,10000.0,T5_day688,T5_day1167,480,479,-1.591773509979248,-0.11929371953010559,-0.11007949709892273,-0.1137431263923645,-0.03693312406539917,0.39185325337839594,1e-05,0.48177772934468865,10000.0,0.4668905147529293,100.0,0.538698673248291
T5,10000.0,T5_day693,T5_day719,30,26,-5.164359092712402,-1.1137926578521729,-0.036633074283599854,-0.13457155227661133,-0.3045821785926819,0.19081497349130377,0.0001,0.11601399406892166,10000.0,0.0202641653724987,10000.0,0.274747371673584
T5,10000.0,T5_day693,T5_day798,120,105,-4.311636924743652,-1.494573712348938,0.019688159227371216,-0.07889464497566223,-0.44392961263656616,0.37862360941005163,1e-06,0.48481816856381904,10000.0,0.3210964983778772,10000.0,0.5048686265945435
T5,10000.0,T5_day693,T5_day1167,480,474,-4.064630031585693,-0.8682804703712463,-0.056059956550598145,-0.017594724893569946,0.09178930521011353,0.392401905921398,1e-05,0.48177772934468865,10000.0,0.4663600141894542,1000.0,0.538698673248291
T5,10000.0,T5_day707,T5_day709,1,2,-1.0194077491760254,-0.0930568277835846,0.14926370978355408,0.008517265319824219,-0.04521292448043823,0.30636959474711956,1e-05,0.40850703359701346,10000.0,0.4129145060872255,1000.0,0.4341495633125305
T5,10000.0,T5_day707,T5_day735,30,28,-0.0727074146270752,0.1414908766746521,0.298583447933197,0.308992475271225,0.3439295291900635,0.35418603905319834,1e-05,0.34248817125450476,10000.0,0.41701631568380565,10000.0,0.46550503373146057
T5,10000.0,T5_day707,T5_day831,120,124,-279.19720458984375,-509.469970703125,0.12758725881576538,0.26014477014541626,0.19584402441978455,0.5533718960830476,1e-05,0.6168090676374466,10000.0,0.6013723584183052,10000.0,0.6168087720870972
T5,10000.0,T5_day707,T5_day1197,480,490,-0.3071703314781189,-0.19317054748535156,0.08033260703086853,0.29444649815559387,0.33581089973449707,0.4188987458603573,0.0001,0.49858858335172096,10000.0,0.4968709967595224,10000.0,0.5159685611724854
T5,10000.0,T5_day709,T5_day735,30,26,-0.7513294219970703,-0.3761163651943207,-0.14806514978408813,-0.6321295499801636,-0.7129855155944824,0.3340653055514839,0.0001,0.34248817125450476,10000.0,0.3364212682793648,1000.0,0.46550503373146057
T5,10000.0,T5_day709,T5_day831,120,122,-345.69256591796875,-744.2007446289062,0.37024635076522827,0.41370612382888794,0.4264463484287262,0.5808541561289295,0.0001,0.6168090676374466,10000.0,0.6108883154835596,1000.0,0.6168087720870972
T5,10000.0,T5_day709,T5_day1197,480,488,-3.760960817337036,-0.4542173147201538,-0.2740190625190735,-0.4699878692626953,-0.7391336560249329,0.4396954110160042,0.0001,0.49858858335172096,10000.0,0.48911902382886646,1000.0,0.5159685611724854
T5,10000.0,T5_day719,T5_day833,120,114,-1.4703779220581055,-0.445308655500412,0.275010883808136,0.3260824382305145,0.19819799065589905,0.48743429153018064,0.0001,0.5185919868137501,10000.0,0.06420482023561186,10000.0,0.5562028884887695
T5,10000.0,T5_day719,T5_day1197,480,478,-6.698415756225586,-0.4159809947013855,-0.2924961447715759,-0.2582717835903168,-0.8074348568916321,0.42307622038070086,1e-06,0.49858858335172096,10000.0,0.4860622607341628,100.0,0.5159685611724854
T5,10000.0,T5_day735,T5_day761,30,26,-0.5827757716178894,-0.06529462337493896,0.2711430788040161,0.29466405510902405,0.3371221721172333,0.36651086635567337,1e-05,0.407482923199538,10000.0,0.37954763507252726,10000.0,0.46336933970451355
T5,10000.0,T5_day735,T5_day854,120,119,-2.917569160461426,-0.3776601552963257,-0.24781090021133423,0.06467536091804504,0.18025341629981995,0.33246940312113876,1e-05,0.2995400561125093,10000.0,0.27100898738392254,1000.0,0.3369090259075165
T5,10000.0,T5_day735,T5_day1209,480,474,-0.22483575344085693,-0.0880814790725708,0.07416483759880066,0.22405362129211426,0.1649741530418396,0.47249799138812526,1e-05,0.5214267110061397,10000.0,0.4711689226296542,10000.0,0.552610456943512
T5,10000.0,T5_day761,T5_day798,30,37,-6.723702430725098,-5.7412824630737305,0.35226723551750183,0.3440110981464386,0.3817588984966278,0.45609915543366464,0.0001,0.48481816856381904,10000.0,0.4226674371610883,10000.0,0.5048686265945435
T5,10000.0,T5_day761,T5_day880,120,119,-11.986376762390137,-1.7427057027816772,-0.34194910526275635,-0.8333757519721985,-0.165211021900177,0.24915466194248925,1e-05,0.35061245350781234,10000.0,0.31699067556161453,10000.0,0.42889130115509033
T5,10000.0,T5_day761,T5_day1244,480,483,-12.512845993041992,-0.49611127376556396,0.1100955605506897,0.19475057721138,0.32593101263046265,0.4099612648653793,1e-05,0.4957268323520978,10000.0,0.493882477408284,10000.0,0.5225927829742432
T5,10000.0,T5_day798,T5_day831,30,33,-1414.804443359375,-33.41216278076172,-0.10602134466171265,0.11941245198249817,0.0523933470249176,0.5493797044313112,1e-05,0.6168090676374466,10000.0,0.6079282794130232,1000.0,0.6168087720870972
T5,10000.0,T5_day798,T5_day919,120,121,-0.628318190574646,-0.32184648513793945,0.25486627221107483,0.2200755774974823,0.2245589792728424,0.09384040846268327,1e-05,0.4284290145973669,10000.0,0.1328347276613447,10000.0,0.4939385950565338
T5,10000.0,T5_day798,T5_day1288,480,490,-1.7930026054382324,-0.4145404100418091,-0.24655628204345703,-0.09074419736862183,-0.23521709442138672,0.007422869426344958,1e-05,-0.18605859984528406,10000.0,-0.08357804005170982,10000.0,-0.07213795185089111
T5,10000.0,T5_day831,T5_day833,1,2,-0.48416417837142944,-0.3869589567184448,0.40691107511520386,0.43113407492637634,0.34110692143440247,0.5104575571812522,0.0001,0.5185919868137501,10000.0,0.47092012517568727,10000.0,0.5562028884887695
T5,10000.0,T5_day831,T5_day854,30,23,-1.309340238571167,0.005442887544631958,0.09301427006721497,0.07055267691612244,0.05638578534126282,0.3269469247564566,1e-05,0.2995400561125093,10000.0,0.3047647437810315,10000.0,0.3369090259075165
T5,10000.0,T5_day831,T5_day952,120,121,-0.4429394006729126,0.08581233024597168,0.24426618218421936,0.19981154799461365,0.19241032004356384,0.28233644527245033,1e-05,0.2821259338800854,10000.0,0.35230008055094636,10000.0,0.46717673540115356
T5,10000.0,T5_day831,T5_day1302,480,471,-0.48390114307403564,0.04967549443244934,-0.01621869206428528,-0.07335418462753296,0.10886719822883606,0.4699244037950042,1e-05,0.5204141997708376,10000.0,0.5122021629157052,1000.0,0.5204139351844788
T5,10000.0,T5_day833,T5_day952,120,119,-0.9118641018867493,-0.5858004093170166,0.23653757572174072,0.174528568983078,0.1907922327518463,0.278429033204782,0.0001,0.2821259338800854,10000.0,0.37797077262163553,10000.0,0.46717673540115356
T5,10000.0,T5_day833,T5_day1302,480,469,-0.5825724601745605,-0.39575451612472534,0.04724937677383423,0.09582960605621338,0.09311249852180481,0.45823407937107935,1e-05,0.5204141997708376,10000.0,0.5131256747432977,1000.0,0.5204139351844788
T5,10000.0,T5_day847,T5_day854,7,7,-0.17707747220993042,-0.06222563982009888,-0.0991860032081604,0.05900675058364868,0.1349148452281952,0.32655000165075926,0.0001,0.2995400561125093,10000.0,0.2690145609366913,1000.0,0.3369090259075165
T5,10000.0,T5_day847,T5_day875,30,28,-143.36781311035156,-87.8157958984375,-0.2099742293357849,0.08711937069892883,0.02526441216468811,-0.35971299344189156,1e-05,-0.11742982349279546,10000.0,-0.08152217842223419,10000.0,0.26945042610168457
T5,10000.0,T5_day847,T5_day964,120,117,-4.130428791046143,-0.6398317813873291,0.07419729232788086,-0.3062592148780823,-0.2831864356994629,0.31587943069724134,1e-05,0.4327930701471375,10000.0,0.34933712298227626,10000.0,0.5055674314498901
T5,10000.0,T5_day847,T5_day1302,480,455,-10.506892204284668,-0.2848661541938782,-0.037366390228271484,0.14781075716018677,0.10867670178413391,0.4283497446285692,1e-05,0.5204141997708376,10000.0,0.5126647970790377,1000.0,0.5204139351844788
T5,10000.0,T5_day852,T5_day854,1,2,-3492.45458984375,-47.29563903808594,-0.011064261198043823,0.06626549363136292,0.07253220677375793,0.3022678104179982,1e-05,0.2995400561125093,10000.0,0.27055069758236405,0.1,0.3369090259075165
T5,10000.0,T5_day852,T5_day882,30,30,-20296.18359375,-28446.19921875,-0.301874041557312,-2.3860385417938232,-1.7150795459747314,-2.5630655681666745,0.0001,-0.011188176496086222,10000.0,-0.13576031410530542,10000.0,0.32663679122924805
T5,10000.0,T5_day852,T5_day964,120,112,-3781.754638671875,-30.884397506713867,-0.13647401332855225,-0.15670374035835266,-0.13692259788513184,0.3575565811660152,1e-05,0.4327930701471375,10000.0,0.41683628582210425,1000.0,0.5055674314498901
T5,10000.0,T5_day852,T5_day1302,480,450,-3003.06201171875,-39.377498626708984,-0.06613606214523315,-0.07556164264678955,-0.4198243021965027,0.4309059475980002,1e-05,0.5204141997708376,10000.0,0.5097384808942597,100.0,0.5204139351844788
T5,10000.0,T5_day854,T5_day882,30,28,-681.6072998046875,-457.4891052246094,-0.10376131534576416,-0.3633899688720703,-0.6309177279472351,-0.16137391963919023,0.0001,-0.011188176496086222,10000.0,-0.21689725418878703,10000.0,0.32663679122924805
T5,10000.0,T5_day854,T5_day964,120,110,-7.664087295532227,-1.2417936325073242,-0.08178943395614624,-0.2717217803001404,-0.1444759964942932,0.3551871248886042,0.0001,0.4327930701471375,10000.0,0.4558120585368377,10000.0,0.5055674314498901
T5,10000.0,T5_day854,T5_day1302,480,448,-4.955629825592041,-0.8698610663414001,0.07930651307106018,-0.12618237733840942,-0.12543922662734985,0.44358337630207023,1e-05,0.5204141997708376,10000.0,0.5120892418887484,1000.0,0.5204139351844788
T5,10000.0,T5_day875,T5_day882,7,7,-0.47477835416793823,-0.06330159306526184,0.17123466730117798,0.010462850332260132,0.07723978161811829,-0.11582882864394228,1e-05,-0.011188176496086222,10000.0,0.10593815241111376,10000.0,0.32663679122924805
T5,10000.0,T5_day875,T5_day985,120,110,-0.5030220150947571,-3.7873964309692383,-0.3056606650352478,-0.5264131426811218,-0.4815003275871277,-0.43609834630606004,1e-05,-0.8610598523594352,10000.0,-0.9166805714058995,10000.0,-0.653817892074585
T5,10000.0,T5_day875,T5_day1302,480,427,-1.9454902410507202,-0.23037880659103394,-0.031497836112976074,-0.2489626407623291,-0.09892627596855164,0.40522174390628257,0.0001,0.5204141997708376,10000.0,0.5124751838109005,1000.0,0.5204139351844788
T5,10000.0,T5_day880,T5_day882,1,2,-1.5971095561981201,-2.262376070022583,-0.24293437600135803,-0.16965878009796143,-0.7396265268325806,-0.17192868020258723,0.0001,-0.011188176496086222,10000.0,-0.10735173941494391,10000.0,0.32663679122924805
T5,10000.0,T5_day880,T5_day985,120,105,-0.8625440001487732,-1.3430352210998535,-0.8378196358680725,-1.3782575130462646,-0.7129700779914856,0.10639795921794376,1e-05,-0.8610598523594352,10000.0,-0.6841446638677429,10000.0,-0.653817892074585
T5,10000.0,T5_day880,T5_day1302,480,422,-1.1976450681686401,-0.92765873670578,-0.20674026012420654,-0.3061257004737854,-0.457428902387619,0.45328878633454883,1e-06,0.5204141997708376,10000.0,0.5120456512305404,1000.0,0.5204139351844788
T5,10000.0,T5_day882,T5_day889,7,7,-1.699152946472168,-0.6523246169090271,-0.027895092964172363,-0.358476459980011,-0.20560768246650696,0.4438442679360969,0.0001,0.5100865716441354,10000.0,0.5052147756019136,1000.0,0.5100871920585632
T5,10000.0,T5_day882,T5_day919,30,37,-25.99904441833496,-6.744560241699219,-0.23540383577346802,-0.8397961258888245,-0.7771523594856262,0.22822577267448108,1e-05,0.4284290145973669,10000.0,0.18743540959491728,1000.0,0.4939385950565338
T5,10000.0,T5_day882,T5_day1015,120,133,-4.833124160766602,-1.6834595203399658,-0.14347010850906372,-0.5476950407028198,-0.4117821455001831,0.46019661834668457,1e-05,0.5374875205764037,10000.0,0.4976031579074003,10000.0,0.5570526719093323
T5,10000.0,T5_day882,T5_day1302,480,420,-0.9904603362083435,-0.9771581888198853,-0.16541683673858643,-0.49229860305786133,-0.8048985600471497,0.4816135864062974,1e-05,0.5204141997708376,10000.0,0.5131359384980008,1000.0,0.5204139351844788
T5,10000.0,T5_day889,T5_day896,7,7,-7.9838385581970215,-0.679810106754303,-0.10235965251922607,-0.05612778663635254,0.011298388242721558,0.30672775207972836,1e-05,0.4063819292420446,10000.0,0.3643251405964425,10000.0,0.45585107803344727
T5,10000.0,T5_day889,T5_day919,30,30,-16.427894592285156,-3.881784439086914,0.20703506469726562,0.07709640264511108,0.12255081534385681,0.2160406521139931,1e-05,0.4284290145973669,10000.0,0.47925336741483593,10000.0,0.4939385950565338
T5,10000.0,T5_day889,T5_day1015,120,126,-54.392333984375,-30.46209716796875,0.3451298773288727,0.3427850306034088,0.3929438889026642,0.5058097503340707,0.0001,0.5374875205764037,10000.0,0.5200136787166132,10000.0,0.5570526719093323
T5,10000.0,T5_day889,T5_day1302,480,413,-5.226253986358643,0.07242065668106079,0.3106122612953186,0.36700427532196045,0.39364203810691833,0.46713195541901953,1e-05,0.5204141997708376,10000.0,0.5130459124754838,1000.0,0.5204139351844788
T5,10000.0,T5_day896,T5_day919,30,23,-4.801845550537109,-3.25911808013916,-0.3392678499221802,-1.171797513961792,-0.7323793172836304,0.12146443535912171,1e-05,0.4284290145973669,10000.0,0.4811941143156777,10000.0,0.4939385950565338
T5,10000.0,T5_day896,T5_day1015,120,119,-5.5879902839660645,-3.8610684871673584,0.07649257779121399,0.14231663942337036,0.10135301947593689,0.44976349702570684,0.0001,0.5374875205764037,10000.0,0.5307089418035978,10000.0,0.5570526719093323
T5,10000.0,T5_day896,T5_day1302,480,406,-0.1373615860939026,0.07441097497940063,0.0718744695186615,-0.09927690029144287,0.016346633434295654,0.4129226667150431,1e-05,0.5204141997708376,10000.0,0.5133110490301999,1000.0,0.5204139351844788
T5,10000.0,T5_day919,T5_day952,30,33,-0.6381410360336304,-0.0068138837814331055,0.04836186766624451,-0.052678316831588745,0.12326964735984802,0.13619004359870812,1e-05,0.2821259338800854,10000.0,0.32143726783673476,1000.0,0.46717673540115356
T5,10000.0,T5_day919,T5_day1036,120,117,-3.434939384460449,-1.4175127744674683,0.32887163758277893,0.40854403376579285,0.4011852443218231,0.4873320324459827,0.0001,0.5191794649853088,10000.0,0.530525213113259,10000.0,0.5440713763237
T5,10000.0,T5_day919,T5_day1302,480,383,-0.4883136749267578,0.15948590636253357,0.25752413272857666,0.3981395959854126,0.409103661775589,0.45912041571389556,1e-06,0.5204141997708376,10000.0,0.5131494345011127,1000.0,0.5204139351844788
T5,10000.0,T5_day938,T5_day945,7,7,-0.4427911043167114,-0.42923808097839355,-3.7761893272399902,-2.490947723388672,-2.401390790939331,-14.849126868896908,0.0001,-4.3288751269163885,10000.0,-6.454720654539881,10000.0,-7.422839164733887
T5,10000.0,T5_day938,T5_day964,30,26,-1.986281156539917,-0.44521161913871765,0.06557750701904297,0.032114773988723755,-0.025279372930526733,0.4455237837663691,1e-05,0.4327930701471375,10000.0,0.4309053186756276,10000.0,0.5055674314498901
T5,10000.0,T5_day938,T5_day1048,120,110,-0.8674343824386597,-0.673514723777771,-0.20027709007263184,-0.43889307975769043,-0.633582353591919,0.30006388216558205,1e-05,0.3849009326919974,10000.0,0.35719578131985374,10000.0,0.45014098286628723
T5,10000.0,T5_day938,T5_day1519,480,581,-0.24326032400131226,-0.12348851561546326,-0.054721832275390625,-0.2909087538719177,-0.2754955291748047,0.36351131773183054,0.0001,0.4917754484315812,10000.0,0.47985178186130734,10000.0,0.5418779850006104
T5,10000.0,T5_day945,T5_day952,7,7,-199.5906219482422,-1.9169269800186157,0.10734623670578003,0.048030734062194824,0.04808470606803894,0.07544385808123821,1e-06,0.2821259338800854,10000.0,0.3328894499967763,10000.0,0.46717673540115356
T5,10000.0,T5_day945,T5_day1048,120,103,-145.73306274414062,-4.8331098556518555,0.1365116834640503,0.25973692536354065,0.27291059494018555,0.33165946786159295,1e-05,0.3849009326919974,10000.0,0.3782153329732213,10000.0,0.45014098286628723
T5,10000.0,T5_day945,T5_day1519,480,574,-122.47208404541016,-1.1025655269622803,0.240826815366745,0.3752022385597229,0.278521865606308,0.4471460374809729,1e-05,0.4917754484315812,10000.0,0.492724493184355,10000.0,0.5418779850006104
T5,10000.0,T5_day952,T5_day959,7,7,-383.2501220703125,-1.5768017768859863,0.21831348538398743,0.1457647681236267,0.09578686952590942,0.26872873710804485,0.0001,0.2836340719465374,10000.0,0.26747878875334097,100000.0,0.30134090781211853
T5,10000.0,T5_day952,T5_day985,30,33,-0.07118180394172668,-0.5584051012992859,-0.1052892804145813,-0.4454646706581116,-0.5647299289703369,-0.4839126825276464,0.0001,-0.8610598523594352,10000.0,-0.9142631725159707,10000.0,-0.653817892074585
T5,10000.0,T5_day952,T5_day1048,120,96,-54.27534484863281,-45.932289123535156,-0.09798651933670044,-0.0633704662322998,-0.12187433242797852,0.3106601332328585,1e-05,0.3849009326919974,10000.0,0.3442477062082091,10000.0,0.45014098286628723
T5,10000.0,T5_day952,T5_day1519,480,567,0.014306992292404175,0.0023386776447296143,0.05299699306488037,-0.1773187518119812,-0.30544787645339966,0.43962922300511853,1e-05,0.4917754484315812,10000.0,0.5041534077537398,10000.0,0.5418779850006104
T5,10000.0,T5_day957,T5_day959,1,2,-1.4753668308258057,-0.05589517951011658,-0.01165229082107544,-0.015824496746063232,0.0011220872402191162,0.2072293434984127,0.0001,0.2836340719465374,10000.0,0.2560392580052638,10000.0,0.30134090781211853
T5,10000.0,T5_day957,T5_day964,7,7,-0.16664981842041016,0.09906929731369019,0.263110876083374,0.26175397634506226,0.26551368832588196,0.4181564537848965,0.0001,0.4327930701471375,10000.0,0.41975954912924807,10000.0,0.5055674314498901
T5,10000.0,T5_day957,T5_day985,30,28,-1.1553771495819092,-1.2377372980117798,-0.057392120361328125,-0.10405367612838745,-0.003569096326828003,-0.5237379271053857,1e-05,-0.8610598523594352,10000.0,-0.7944251107337588,10000.0,-0.653817892074585
T5,10000.0,T5_day957,T5_day1048,120,91,-2.4071645736694336,-0.21199262142181396,-0.009329050779342651,0.05956825613975525,0.09162575006484985,0.2929131753205729,1e-05,0.3849009326919974,10000.0,0.38130964667491485,10000.0,0.45014098286628723
T5,10000.0,T5_day957,T5_day1519,480,562,-0.8973733186721802,-0.13638100028038025,-0.059487223625183105,-0.007059454917907715,0.04756966233253479,0.38730768590070747,0.0001,0.4917754484315812,10000.0,0.4993669251398617,10000.0,0.5418779850006104
T5,10000.0,T5_day959,T5_day985,30,26,-0.5254620313644409,-3.425818681716919,-0.718856155872345,-1.6770784854888916,-1.2251355648040771,-0.6333857370930508,0.0001,-0.8610598523594352,10000.0,-0.7191487455628512,10000.0,-0.653817892074585
T5,10000.0,T5_day959,T5_day1519,480,560,-0.09215950965881348,-0.10581105947494507,-0.03130882978439331,-0.3566514849662781,-0.1799655556678772,0.46713958930334504,1e-05,0.4917754484315812,10000.0,0.5039218785946138,10000.0,0.5418779850006104
T5,10000.0,T5_day964,T5_day1519,480,555,-0.8613088726997375,-0.7904831171035767,-0.12614822387695312,-0.5146636962890625,-0.32106703519821167,0.42181544378467706,1e-05,0.4917754484315812,10000.0,0.5001474971205369,10000.0,0.5418779850006104
T5,10000.0,T5_day985,T5_day1015,30,30,-3.8766820430755615,-3.6691133975982666,0.3445785641670227,0.36630377173423767,0.389302521944046,0.48188007821795664,0.0001,0.5374875205764037,10000.0,0.5355807693726108,10000.0,0.5570526719093323
T5,10000.0,T5_day985,T5_day1519,480,534,-3.1653313636779785,-0.16556888818740845,0.2591787874698639,0.3376217782497406,0.31731536984443665,0.47058238504223,0.0001,0.4917754484315812,10000.0,0.48859680745124734,10000.0,0.5418779850006104
T5,10000.0,T5_day1015,T5_day1048,30,33,-5.472560405731201,-1.0159201622009277,0.30298736691474915,0.2876155376434326,0.3087100088596344,0.3563301190449699,1e-05,0.3849009326919974,10000.0,0.3687151566359103,10000.0,0.45014098286628723
T5,10000.0,T5_day1015,T5_day1519,480,504,-18.131624221801758,-3.47206974029541,0.23466718196868896,0.25969722867012024,0.29105308651924133,0.4708876216564944,1e-05,0.4917754484315812,10000.0,0.478069094490603,10000.0,0.5418779850006104
T5,10000.0,T5_day1036,T5_day1167,120,131,-1.1539878845214844,-0.9588723182678223,0.4008299708366394,0.224257230758667,0.35511431097984314,0.4159686009390511,0.0001,0.48177772934468865,10000.0,0.4980355408449268,10000.0,0.538698673248291
T5,10000.0,T5_day1036,T5_day1519,480,483,0.18886202573776245,0.1469886600971222,0.30082258582115173,0.39286008477211,0.40104711055755615,0.45351965375859843,0.0001,0.4917754484315812,10000.0,0.4695545940512551,10000.0,0.5418779850006104
T5,10000.0,T5_day1048,T5_day1167,120,119,-3.5727994441986084,-0.6216402053833008,0.35738635063171387,0.38113531470298767,0.4111629128456116,0.4339425770560312,0.0001,0.48177772934468865,10000.0,0.49706768520221056,10000.0,0.538698673248291
T5,10000.0,T5_day1048,T5_day1519,480,471,-1.5341882705688477,0.13988256454467773,0.33349233865737915,0.36328744888305664,0.3736882209777832,0.4440697607471191,0.0001,0.4917754484315812,10000.0,0.4977431932746531,10000.0,0.5418779850006104
T5,10000.0,T5_day1167,T5_day1197,30,30,-1.6891140937805176,-0.17875152826309204,0.3409915268421173,0.36097997426986694,0.3325052559375763,0.46022202739616275,1e-06,0.49858858335172096,10000.0,0.5029226345772874,10000.0,0.5159685611724854
T5,10000.0,T5_day1167,T5_day1288,120,121,-8.53798770904541,-4.219546318054199,-1.2613015174865723,-1.1276726722717285,-1.289841651916504,0.0511651125361513,1e-05,-0.18605859984528406,10000.0,-0.08534394391896882,10000.0,-0.07213795185089111
T5,10000.0,T5_day1167,T5_day1671,480,504,-0.3958132266998291,-0.2735654413700104,-0.15139985084533691,-0.06678605079650879,-0.0707462728023529,0.3804476821727276,0.0001,0.46203400766442765,10000.0,0.43937591050780167,10000.0,0.46203386783599854
T5,10000.0,T5_day1197,T5_day1302,120,105,-0.03216904401779175,0.11563655734062195,0.35157322883605957,0.4299238622188568,0.3611392378807068,0.4705976588929776,0.0001,0.5204141997708376,10000.0,0.5201293177603982,10000.0,0.5204139351844788
T5,10000.0,T5_day1197,T5_day1671,480,474,-7.9522809982299805,-0.9471481442451477,0.001331418752670288,-0.017820417881011963,0.02968055009841919,0.3650714297086847,0.0001,0.46203400766442765,10000.0,0.4412885290417552,10000.0,0.46203386783599854
T5,10000.0,T5_day1209,T5_day1244,30,35,-6.424251079559326,-0.5192256569862366,0.4139699935913086,0.3943638503551483,0.38089025020599365,0.48538416421565933,0.0001,0.4957268323520978,10000.0,0.4915708553286785,1000.0,0.5225927829742432
T5,10000.0,T5_day1209,T5_day1302,120,93,-2.8780620098114014,0.09251254796981812,0.42336589097976685,0.43198516964912415,0.42051878571510315,0.48635247478299176,0.0001,0.5204141997708376,10000.0,0.5267661684584904,10000.0,0.5204139351844788
T5,10000.0,T5_day1209,T5_day1671,480,462,-11.269966125488281,-0.5279495716094971,-0.11816233396530151,-0.09645536541938782,0.018721729516983032,0.3462236838645412,0.0001,0.46203400766442765,10000.0,0.4329275130128413,10000.0,0.46203386783599854
T5,10000.0,T5_day1244,T5_day1743,480,499,-0.8480947017669678,-0.7165082693099976,-0.09218752384185791,-0.1732235848903656,-0.12340331077575684,0.30924686879897034,0.0001,0.3550890693175346,10000.0,0.30076951028485915,10000.0,0.3550882637500763
T5,10000.0,T5_day1288,T5_day1743,480,455,-7.644732475280762,-1.037466049194336,0.16963893175125122,0.15376567840576172,0.12666741013526917,0.35571674306675954,0.0001,0.3550890693175346,10000.0,0.3437367163659064,10000.0,0.3550882637500763
T5,10000.0,T5_day1302,T5_day1804,480,502,-22.380611419677734,-1.0506911277770996,-0.03145316243171692,0.024325788021087646,-0.13967573642730713,0.2352463462914512,0.0001,0.29644473813130123,10000.0,0.27172512919068653,10000.0,0.29644453525543213
T5,10000.0,T5_day1519,T5_day2007,480,488,-0.7325648665428162,0.07333812117576599,0.23756635189056396,0.32372143864631653,0.32550328969955444,0.4045199815983706,0.0001,0.48592675609596975,10000.0,0.48523785412347703,10000.0,0.48592713475227356
T5,10000.0,T5_day1671,T5_day1804,120,133,-0.6799723505973816,-0.3913399577140808,-0.10189777612686157,-0.1922348141670227,-0.17857325077056885,0.2450454512844057,0.0001,0.29644473813130123,10000.0,0.27843267041265285,10000.0,0.29644453525543213
T5,10000.0,T5_day1671,T5_day2149,480,478,-2.1860742568969727,-0.6717948317527771,-0.21807369589805603,-0.6248587965965271,-0.41817188262939453,0.40165059927517915,1e-05,0.47663439319551093,10000.0,0.4673809612232209,1000.0,0.4766337275505066
T5,10000.0,T5_day1743,T5_day1862,120,119,-46.064910888671875,-7.695501327514648,-0.12074434757232666,-0.1754823923110962,-0.03673273324966431,0.4422511893422058,0.0001,0.5490205152093562,10000.0,0.5358515338073304,1000.0,0.5490208268165588
T5,10000.0,T5_day1743,T5_day2149,480,406,-0.9927337765693665,-0.6479532718658447,-0.47325319051742554,-0.5935824513435364,-0.3179563879966736,0.3672116123874677,1e-05,0.47663439319551093,10000.0,0.4679773880765879,1000.0,0.4766337275505066
T5,10000.0,T5_day1804,T5_day1895,120,91,-1.1844959259033203,-0.09100466966629028,0.06931242346763611,-0.10000821948051453,-0.08311933279037476,0.3764512030715399,0.0001,0.4680028854662072,10000.0,0.45163340782956873,10000.0,0.4680032730102539
T5,10000.0,T5_day1862,T5_day1895,30,33,-0.6323230862617493,-0.44519251585006714,0.1341855823993683,0.292156457901001,0.29796984791755676,0.43439919313252606,0.0001,0.4680028854662072,10000.0,0.46838292784095353,10000.0,0.4680032730102539
T5,10000.0,T5_day1862,T5_day2007,120,145,-1.9851189851760864,0.004925161600112915,0.19804218411445618,0.2558453679084778,0.2837860882282257,0.4404717776050388,0.0001,0.48592675609596975,10000.0,0.4844602941784987,10000.0,0.48592713475227356
T5,10000.0,T5_day1895,T5_day2007,120,112,-0.8647889494895935,-0.19343534111976624,0.3277107775211334,0.3808176517486572,0.368405282497406,0.4385013791430508,0.0001,0.48592675609596975,10000.0,0.4830200515112169,10000.0,0.48592713475227356
T5,10000.0,T5_day2007,T5_day2126,120,119,-3.1549603939056396,-0.49651187658309937,-0.2094210684299469,-0.43476149439811707,-0.4743737280368805,0.2952483243730331,1e-05,0.4061708418854461,10000.0,0.2963128295460272,10000.0,0.4573703408241272
T5,10000.0,T5_day2007,T5_day2595,480,588,-9.636825561523438,-5.824707984924316,-0.299144983291626,-0.36739057302474976,-0.580170214176178,0.34008793487948313,1e-05,0.4214949796601805,10000.0,0.40716230485159555,1000.0,0.4339956045150757
T5,10000.0,T5_day2077,T5_day2107,30,30,-7.023735523223877,-6.488121032714844,-0.2074429988861084,-0.26892462372779846,-0.22455048561096191,0.3441514830892206,1e-06,0.4410374428729514,10000.0,0.4349635488328418,1000.0,0.45503759384155273
T5,10000.0,T5_day2077,T5_day2595,480,518,-7.364714622497559,-8.939016342163086,-0.2870016396045685,-0.4114418625831604,-0.461667537689209,0.36124070952934634,1e-05,0.4214949796601805,10000.0,0.37900126956663965,10000.0,0.4339956045150757
T5,10000.0,T5_day2107,T5_day2133,30,26,-11.11696720123291,-1.7450767755508423,0.09530031681060791,0.07989329099655151,0.13520997762680054,0.3872976341592745,1e-05,0.47224933931498936,10000.0,0.4687222646671528,0.1,0.4722491204738617
T5,10000.0,T5_day2107,T5_day2595,480,488,-1.741265058517456,-2.335670232772827,0.03247201442718506,0.1561063826084137,0.05694332718849182,0.2952284219119215,1e-06,0.4214949796601805,10000.0,0.4026039445179763,1000.0,0.4339956045150757
T5,10000.0,T5_day2126,T5_day2133,7,7,-0.5134570002555847,-0.04007032513618469,0.1692976951599121,0.2834419906139374,0.2815401256084442,0.4541562985381538,1e-05,0.47224933931498936,10000.0,0.46872222229660554,0.1,0.4722491204738617
T5,10000.0,T5_day2126,T5_day2149,30,23,-0.0688437819480896,0.20899704098701477,0.29102930426597595,0.2331826090812683,0.2145422399044037,0.372671204154107,1e-05,0.47663439319551093,10000.0,0.46166855461083667,10000.0,0.4766337275505066
T5,10000.0,T5_day2126,T5_day2609,480,483,-0.3841480612754822,-0.07605025172233582,0.011107921600341797,0.13416898250579834,0.09987351298332214,0.3244164885783973,0.0001,0.45626605049880337,10000.0,0.4368628939112131,10000.0,0.4562651216983795
T5,10000.0,T5_day2133,T5_day2609,480,476,-0.8975051045417786,-0.056340813636779785,0.10246199369430542,0.17650964856147766,0.15977728366851807,0.34207022980719143,0.0001,0.45626605049880337,10000.0,0.4545364476081406,10000.0,0.4562651216983795
T5,10000.0,T5_day2149,T5_day2609,480,460,-9.015360832214355,0.015525609254837036,0.2687222957611084,0.3243506848812103,0.33555126190185547,0.38163692982423747,0.0001,0.45626605049880337,10000.0,0.45355957437031275,10000.0,0.4562651216983795
