train,test,gap_target,days,L2,own,L3,lam_L3,L5,lam_L5,L6p,lam_L6p
2020-01-27_CO,2020-02-04_CO,7,8,0.21519996225833893,0.3766871690750122,0.2865942418575287,0.0001,0.28067418932914734,0.0001,0.30789458751678467,0.01
2020-01-27_CO,2020-02-25_CO,30,29,0.04280617833137512,0.30346912145614624,0.18638409674167633,0.0001,0.17580477893352509,0.001,0.2326051890850067,0.01
2020-01-27_CO,2021-05-20_CO,480,479,-0.17915625870227814,0.4328407347202301,0.03357939422130585,0.0001,0.16498658061027527,0.0001,0.3187134861946106,0.0001
2020-02-06_CO,2020-06-26_CO,120,141,-0.13774099946022034,0.2433544546365738,-0.0155266672372818,0.0001,0.12294130027294159,0.0001,0.2079431563615799,0.0001
2020-02-06_CO,2021-06-01_CO,480,481,-0.2705667018890381,0.41936469078063965,0.05767354369163513,0.0001,0.25565510988235474,0.0001,0.3629235625267029,0.0001
2020-03-10_RD,2020-03-17_RD,7,7,0.36378756165504456,0.479073703289032,0.4487462043762207,0.0001,0.4346608817577362,0.0001,0.4822942018508911,0.0001
2020-03-10_RD,2020-07-29_RD,120,141,0.18115127086639404,0.4413202404975891,0.32628756761550903,0.0001,0.36224931478500366,0.0001,0.420595645904541,0.0001
2020-03-10_RD,2021-07-03_RD,480,480,-0.01153525710105896,0.4209060072898865,0.22463491559028625,0.0001,0.3111363649368286,0.0001,0.3889346122741699,0.0001
2020-07-31_CO,2020-12-03_CO,120,125,0.0317050963640213,0.36129313707351685,0.15457618236541748,0.0001,0.21883971989154816,0.001,0.2611311674118042,0.01
2020-07-31_CO,2021-11-23_CO,480,480,-0.07993720471858978,0.30896055698394775,0.05412916839122772,0.0001,0.21071182191371918,0.0001,0.2569340765476227,0.0001
2021-02-23_CO,2021-02-25_CO,1,2,0.21028931438922882,0.3826971650123596,0.2871238887310028,0.0001,0.30607908964157104,0.001,0.37304002046585083,0.0001
2021-02-23_CO,2021-03-23_CO,30,28,0.1305309683084488,0.35539770126342773,0.28375691175460815,0.0001,0.3239325284957886,0.0001,0.33987995982170105,0.01
2021-02-23_CO,2021-06-28_CO,120,125,-0.07301343977451324,0.38640260696411133,0.20734903216362,0.0001,0.2651761770248413,0.0001,0.38037776947021484,0.0001
2021-02-23_CO,2022-06-13_CO,480,475,-0.13247598707675934,0.5200559496879578,0.17503304779529572,0.0001,0.2976033389568329,0.0001,0.4413795471191406,0.0001
2021-05-04_CO,2021-05-11_CO,7,7,0.16156010329723358,0.40676334500312805,0.26506465673446655,0.0001,0.3008681535720825,0.0001,0.3860371708869934,0.0001
2021-05-04_CO,2021-06-01_CO,30,28,0.0655524879693985,0.41936469078063965,0.17179350554943085,0.0001,0.3047999143600464,0.0001,0.4169653356075287,0.0001
2021-05-04_CO,2021-08-31_CO,120,119,0.02559123933315277,0.41557544469833374,0.22015763819217682,0.0001,0.2952238619327545,0.0001,0.37890058755874634,0.0001
2021-05-04_CO,2022-08-26_CO,480,479,-0.37847501039505005,0.3633165955543518,0.0022023767232894897,0.0001,0.1885041892528534,0.0001,0.261773020029068,0.0001
2021-05-26_RD,2021-06-24_RD,30,29,0.3442878723144531,0.48415541648864746,0.44965264201164246,0.0001,0.4431139826774597,0.0001,0.48018914461135864,0.01
2021-05-26_RD,2021-09-17_RD,120,114,0.17323577404022217,0.4260860085487366,0.2849464416503906,0.0001,0.34571194648742676,0.0001,0.35859695076942444,0.01
2021-05-26_RD,2022-09-21_RD,480,483,0.04536832869052887,0.4113757014274597,0.23232580721378326,0.0001,0.2953334450721741,0.0001,0.3444197177886963,0.0001
2021-06-15_CO,2021-07-14_CO,30,29,-0.01805327832698822,0.3518727719783783,0.1226436197757721,0.0001,0.2835856080055237,0.0001,0.34083956480026245,0.0001
2021-06-15_CO,2021-10-15_CO,120,122,0.08802254498004913,0.4951469302177429,0.2617768943309784,0.0001,0.3883178234100342,0.0001,0.4564017951488495,0.0001
2021-06-15_CO,2022-10-10_CO,480,482,-0.4047578275203705,0.459654301404953,0.07325239479541779,0.0001,0.11505156755447388,0.001,0.3814541697502136,0.0001
2021-08-11_RD,2021-08-18_RD,7,7,0.17934978008270264,0.413166344165802,0.30522656440734863,0.0001,0.34202077984809875,0.001,0.3881813585758209,0.0001
2021-08-11_RD,2021-09-03_RD,30,23,0.08672681450843811,0.3370271623134613,0.1997135579586029,0.0001,0.26945871114730835,0.001,0.3491162657737732,0.0001
2021-08-11_RD,2022-11-09_RD,480,455,-0.22805140912532806,0.4888416528701782,0.14083409309387207,0.0001,0.31716299057006836,0.0001,0.4240874946117401,0.0001
2021-10-15_RD,2022-02-10_RD,120,118,0.06418147683143616,0.3321843147277832,0.2558285593986511,0.0001,0.27410849928855896,0.001,0.2926040291786194,0.01
2021-10-15_RD,2023-02-07_RD,480,480,0.052681371569633484,0.42154794931411743,0.20593354105949402,0.0001,0.32462063431739807,0.0001,0.3826180696487427,0.0001
2021-10-26_CO,2021-10-27_CO,1,1,0.2053586095571518,0.29076090455055237,0.3004246950149536,0.0001,0.27598732709884644,0.001,0.2995493412017822,0.01
2021-10-26_CO,2021-11-02_CO,7,7,0.21767665445804596,0.27395835518836975,0.25619345903396606,0.0001,0.25202876329421997,0.001,0.2862131595611572,0.01
2021-10-26_CO,2021-11-23_CO,30,28,0.22532135248184204,0.30896055698394775,0.25245675444602966,0.0001,0.2583949565887451,0.0001,0.2924118638038635,0.0001
2021-10-26_CO,2022-02-25_CO,120,122,0.054704174399375916,0.33536362648010254,0.16259276866912842,0.0001,0.25617924332618713,0.0001,0.2507583200931549,0.01
2021-10-26_CO,2022-12-09_CO,480,409,0.04602275788784027,0.3826169967651367,0.17004874348640442,0.0001,0.2825826108455658,0.0001,0.34572625160217285,0.0001
2022-01-19_RD,2022-01-26_RD,7,7,0.1616130918264389,0.27971476316452026,0.2869483530521393,0.0001,0.26713836193084717,0.001,0.2765207886695862,0.01
2022-01-19_RD,2022-02-21_RD,30,33,0.1501334309577942,0.27074405550956726,0.22138385474681854,0.0001,0.22698374092578888,0.001,0.24884197115898132,0.01
2022-01-19_RD,2022-05-23_RD,120,124,0.13959990441799164,0.5105733275413513,0.3662083148956299,0.0001,0.3728179335594177,0.0001,0.4842451214790344,0.0001
2022-01-19_RD,2023-05-17_RD,480,483,0.054654672741889954,0.31406688690185547,0.20024245977401733,0.0001,0.2580226957798004,0.0001,0.31658175587654114,0.0001
2022-02-02_RD,2022-02-03_RD,1,1,0.12634555995464325,0.3095259368419647,0.27260857820510864,0.0001,0.2314571589231491,0.001,0.26437628269195557,0.01
2022-02-02_RD,2022-02-09_RD,7,7,0.12763044238090515,0.3354557752609253,0.24835200607776642,0.0001,0.3263516426086426,0.001,0.37028712034225464,0.0001
2022-02-02_RD,2022-02-25_RD,30,23,0.17374588549137115,0.3158920109272003,0.2756912112236023,0.0001,0.28904110193252563,0.001,0.28196418285369873,0.01
2022-02-02_RD,2022-06-02_RD,120,120,0.1657998412847519,0.46881693601608276,0.346263587474823,0.0001,0.38101691007614136,0.0001,0.4600173234939575,0.0001
2022-02-02_RD,2023-05-19_RD,480,471,0.017125204205513,0.37716659903526306,0.21876487135887146,0.0001,0.28608962893486023,0.0001,0.3718256652355194,0.0001
2022-03-14_CO,2022-03-16_CO,1,2,0.20684044063091278,0.324338436126709,0.28800711035728455,0.0001,0.31406116485595703,0.001,0.3560333251953125,0.0001
2022-03-14_CO,2022-03-21_CO,7,7,0.07367679476737976,0.3268789052963257,0.06147891283035278,0.0001,0.16222360730171204,0.0001,0.3164416551589966,0.0001
2022-03-14_CO,2022-04-11_CO,30,28,0.11252643167972565,0.3233625292778015,0.20763033628463745,0.0001,0.21939241886138916,0.001,0.23951652646064758,0.01
2022-03-14_CO,2022-07-18_CO,120,126,0.08765019476413727,0.48015397787094116,0.22286279499530792,0.0001,0.3848208785057068,0.0001,0.448074072599411,0.0001
2022-03-16_CO,2022-03-18_CO,1,2,0.07270953059196472,0.2944841980934143,0.20362588763237,0.0001,0.23594385385513306,0.0001,0.3164750933647156,0.0001
2022-03-16_CO,2022-04-15_CO,30,30,0.18060314655303955,0.5465840101242065,0.3334227204322815,0.0001,0.39806291460990906,0.0001,0.4967644214630127,0.0001
2022-03-16_CO,2022-07-18_CO,120,124,-0.14527691900730133,0.48015397787094116,0.14064769446849823,0.0001,0.335710346698761,0.0001,0.42405784130096436,0.0001
2022-04-05_RD,2022-04-06_RD,1,1,0.2079147845506668,0.3611231744289398,0.3262159526348114,0.0001,0.2962108254432678,0.001,0.3237169086933136,0.01
2022-04-05_RD,2022-04-13_RD,7,8,0.31182053685188293,0.5649953484535217,0.4214552044868469,0.0001,0.4451318383216858,0.001,0.5138508081436157,0.0001
2022-04-05_RD,2022-05-10_RD,30,35,0.2651498317718506,0.5689924359321594,0.4425707459449768,0.0001,0.4621712565422058,0.0001,0.5380868911743164,0.0001
2022-04-05_RD,2022-08-05_RD,120,122,0.26120346784591675,0.5274163484573364,0.3780263662338257,0.0001,0.4272730052471161,0.001,0.5010803937911987,0.0001
2022-04-05_RD,2023-06-22_RD,480,443,-0.031749218702316284,0.45741546154022217,0.14141516387462616,0.0001,0.26327669620513916,0.0001,0.33488306403160095,0.01
2022-04-07_RD,2022-04-08_RD,1,1,0.21565192937850952,0.419282466173172,0.33733421564102173,0.0001,0.34965649247169495,0.001,0.39597874879837036,0.0001
2022-04-07_RD,2022-04-14_RD,7,7,0.3122130036354065,0.5107786655426025,0.42238837480545044,0.0001,0.4684392213821411,0.0001,0.5146010518074036,0.0001
2022-04-07_RD,2022-05-10_RD,30,33,0.25241193175315857,0.5689924359321594,0.4033191502094269,0.0001,0.48215895891189575,0.001,0.5543256998062134,0.0001
2022-04-07_RD,2022-08-05_RD,120,120,0.16824647784233093,0.5274163484573364,0.39635366201400757,0.0001,0.4182860255241394,0.0001,0.49129602313041687,0.0001
2022-04-07_RD,2023-06-22_RD,480,441,-0.06554825603961945,0.45741546154022217,0.23660333454608917,0.0001,0.27714237570762634,0.001,0.2987130880355835,0.01
2022-04-28_RD,2022-04-29_RD,1,1,0.368826687335968,0.515618622303009,0.4531938433647156,0.0001,0.4469453692436218,0.0001,0.5102571249008179,0.0001
2022-04-28_RD,2022-05-26_RD,30,28,0.36274254322052,0.5300418138504028,0.4910990595817566,0.0001,0.49100548028945923,0.0001,0.5515359044075012,0.0001
2022-04-28_RD,2022-08-25_RD,120,119,0.010187774896621704,0.43810054659843445,0.30512696504592896,0.0001,0.35039886832237244,0.0001,0.4288089871406555,0.0001
2022-04-28_RD,2023-06-22_RD,480,420,0.02039557695388794,0.45741546154022217,0.25869691371917725,0.0001,0.35527634620666504,0.001,0.37209680676460266,0.01
2022-06-10_CO,2022-10-10_CO,120,122,0.29791101813316345,0.459654301404953,0.40985095500946045,0.0001,0.4104194641113281,0.001,0.40487343072891235,0.01
2022-08-29_CO,2022-09-27_CO,30,29,0.3048173785209656,0.570848822593689,0.3718213140964508,0.0001,0.4667067527770996,0.0001,0.515135645866394,0.0001
2022-08-29_CO,2022-12-09_CO,120,102,0.1540214717388153,0.3826169967651367,0.2730325162410736,0.0001,0.30031657218933105,0.0001,0.3848661780357361,0.0001
2022-09-06_RD,2022-09-30_RD,30,24,0.4390476942062378,0.5572831034660339,0.4616253674030304,0.0001,0.49103909730911255,0.0001,0.5292236804962158,0.0001
2022-09-06_RD,2023-01-10_RD,120,126,0.27443021535873413,0.4439391493797302,0.4137941896915436,0.0001,0.4231598973274231,0.001,0.44104263186454773,0.01
2022-09-21_RD,2022-10-25_RD,30,34,0.3279242515563965,0.5363895893096924,0.44782644510269165,0.0001,0.44758880138397217,0.0001,0.5010799765586853,0.0001
2022-09-21_RD,2023-01-17_RD,120,118,0.28251591324806213,0.3396826386451721,0.35788384079933167,0.0001,0.35306257009506226,0.001,0.36618930101394653,0.0001
2023-01-27_RD,2023-02-03_RD,7,7,0.2708953619003296,0.4994874596595764,0.37465399503707886,0.0001,0.3913334012031555,0.001,0.4709852337837219,0.0001
2023-01-27_RD,2023-02-24_RD,30,28,-0.019132673740386963,0.34955093264579773,0.1841951608657837,0.0001,0.24306164681911469,0.001,0.33458411693573,0.0001
2023-01-27_RD,2023-05-19_RD,120,112,-0.28343889117240906,0.37716659903526306,0.14680102467536926,0.0001,0.251973420381546,0.0001,0.35669398307800293,0.0001
2023-03-14_RD,2023-03-20_RD,7,6,0.2320937067270279,0.42175841331481934,0.3469737768173218,0.0001,0.36345717310905457,0.001,0.3872082233428955,0.01
2023-03-14_RD,2023-04-13_RD,30,30,0.34399497509002686,0.5561152696609497,0.43458741903305054,0.0001,0.44669389724731445,0.0001,0.5271762609481812,0.0001
2023-03-14_RD,2023-06-22_RD,120,100,0.0024625808000564575,0.45741546154022217,0.2089650183916092,0.0001,0.30244290828704834,0.001,0.4086480438709259,0.0001
2023-04-07_RD,2023-04-14_RD,7,7,0.45141369104385376,0.5556564331054688,0.5062384605407715,0.0001,0.48728716373443604,0.0001,0.5249248147010803,0.01
2023-04-07_RD,2023-05-08_RD,30,31,0.05411851406097412,0.41012799739837646,0.24397793412208557,0.0001,0.3181115984916687,0.001,0.37752392888069153,0.0001
