train,test,gap_target,days,L2_nn,own_nn,L3_nn,lam_L3,L5_nn,lam_L5,L6p_nn,lam_L6p,L2_rr,L3_rr,L5_rr,L6p_rr,own_rr,ret_nn,rem_nn,gain_nn,ret_rr,rem_rr,gain_rr
2020-01-27_CO,2020-02-04_CO,7,8,0.2151999622583389,0.3766871690750122,0.2865942418575287,0.0001,0.2806741893291473,0.0001,0.3078945875167846,0.01,0.1514759659767151,0.2164788251332242,0.2350204735994339,0.2887402656685059,0.2840074300765991,0.5712962371051314,0.7451121577046729,0.7608282558741928,0.5333521236957103,0.8275152292179362,0.7622294426411241
2020-01-27_CO,2020-02-25_CO,30,29,0.0428061783313751,0.3034691214561462,0.1863840967416763,0.0001,0.175804778933525,0.001,0.2326051890850067,0.01,-0.0138151794672012,0.0360569732798789,0.1898275762796402,0.2185047699969601,0.2120365798473358,0.1410561250053276,0.5793168612673176,0.6141781274066473,-0.06515469867108775,0.8952586219618999,0.17005072099276244
2020-01-27_CO,2021-05-20_CO,480,479,-0.1791562587022781,0.4328407347202301,0.0335793942213058,0.0001,0.1649865806102752,0.0001,0.3187134861946106,0.0001,-0.1838061213493347,-0.0982928304300015,0.214696004986763,0.3155460464764537,0.3100618124008178,-0.4139080366779183,0.38117156583452233,0.07757909902590406,-0.5928047698815873,0.692429691113412,-0.3170104363027398
2020-02-06_CO,2020-06-26_CO,120,141,-0.1377409994602203,0.2433544546365738,-0.0155266672372818,0.0001,0.1229413002729415,0.0001,0.2079431563615799,0.0001,-0.2059868574142456,-0.0436911978122781,0.1382742077112198,0.1879674175029548,0.1839698255062103,-0.5660097723130776,0.5051943694909649,-0.06380268345804217,-1.1196774082241658,0.7516135177643686,-0.23749110862097986
2020-02-06_CO,2021-06-01_CO,480,481,-0.2705667018890381,0.4193646907806396,0.0576735436916351,0.0001,0.2556551098823547,0.0001,0.3629235625267029,0.0001,-0.2290536761283874,0.0943295940058639,0.2036534547805786,0.2914602819446572,0.2877318859100342,-0.6451823623619413,0.6096247860220598,0.1375259886193014,-0.7960663636702613,0.7077889686659734,0.3278385143430303
2020-03-10_RD,2020-03-17_RD,7,7,0.3637875616550445,0.479073703289032,0.4487462043762207,0.0001,0.4346608817577362,0.0001,0.4822942018508911,0.0001,0.2687962055206299,0.2812473039391085,0.3526149094104767,0.3793842572787644,0.3748720586299896,0.7593561474100913,0.907294386591491,0.9366955466254965,0.7170345170642342,0.9406273454979438,0.75024877812168
2020-03-10_RD,2020-07-29_RD,120,141,0.181151270866394,0.4413202404975891,0.326287567615509,0.0001,0.3622493147850036,0.0001,0.420595645904541,0.0001,0.0792416781187057,0.149685690445657,0.3197275698184967,0.3503946794267026,0.3480436205863952,0.4104757820809345,0.8208309557172521,0.7393442169061164,0.2276774330332409,0.918642235935281,0.43007738568361537
2020-03-10_RD,2021-07-03_RD,480,480,-0.0115352571010589,0.4209060072898865,0.2246349155902862,0.0001,0.3111363649368286,0.0001,0.3889346122741699,0.0001,-0.08271324634552,0.0906673478549505,0.2715647518634796,0.3223382587962086,0.3170729279518127,-0.027405779203132957,0.7392062825146202,0.5336937741436786,-0.26086505360082457,0.8564741039788512,0.28595108526177837
2020-07-31_CO,2020-12-03_CO,120,125,0.0317050963640213,0.3612931370735168,0.1545761823654174,0.0001,0.2188397198915481,0.001,0.2611311674118042,0.01,0.0500509142875671,0.0697487299261421,0.1870797723531723,0.3010152528703225,0.2957105636596679,0.08775449381860213,0.6057123632741965,0.42784145754189584,0.1692564298959928,0.6326448742239782,0.23586823907452842
2020-07-31_CO,2021-11-23_CO,480,480,-0.0799372047185897,0.3089605569839477,0.0541291683912277,0.0001,0.2107118219137191,0.0001,0.2569340765476227,0.0001,0.0273932963609695,0.0081601602297213,0.1532755941152572,0.1886047338608982,0.1809508800506591,-0.2587294815200081,0.6820023370318652,0.1751976657461814,0.15138526186388515,0.8470563617725766,0.04509599636894155
2021-02-23_CO,2021-02-25_CO,1,2,0.2102893143892288,0.3826971650123596,0.2871238887310028,0.0001,0.306079089641571,0.001,0.3730400204658508,0.0001,0.207535058259964,0.2249024678960411,0.2739459276199341,0.3043023828503639,0.2970177829265594,0.5494927415582952,0.7997945049623919,0.7502639553698545,0.698729403388211,0.9223216365050774,0.7572020290503969
2021-02-23_CO,2021-03-23_CO,30,28,0.1305309683084488,0.3553977012634277,0.2837569117546081,0.0001,0.3239325284957886,0.0001,0.339879959821701,0.01,0.1316028535366058,0.126979295711756,0.2855832576751709,0.3275286613611657,0.3232659995555877,0.3672814085302614,0.9114648950857549,0.7984207853507808,0.4071039135496086,0.8834311621629821,0.39280127166581613
2021-02-23_CO,2021-06-28_CO,120,125,-0.0730134397745132,0.3864026069641113,0.20734903216362,0.0001,0.2651761770248413,0.0001,0.3803777694702148,0.0001,-0.1432556807994842,0.0734778030426621,0.275084912776947,0.3377522214770962,0.3346012532711029,-0.18895690261555256,0.6862691199427405,0.5366139576353283,-0.4281385063534553,0.8221275625470112,0.21959811065958088
2021-02-23_CO,2022-06-13_CO,480,475,-0.1324759870767593,0.5200559496879578,0.1750330477952957,0.0001,0.2976033389568329,0.0001,0.4413795471191406,0.0001,-0.0225988924503326,0.135462110208003,0.313330590724945,0.4027342657898008,0.4018000960350036,-0.25473410535202434,0.5722525415494234,0.33656580200710795,-0.05624411908643211,0.7798171125813982,0.3371380732477524
2021-05-04_CO,2021-05-11_CO,7,7,0.1615601032972335,0.406763345003128,0.2650646567344665,0.0001,0.3008681535720825,0.0001,0.3860371708869934,0.0001,0.0884322375059127,0.1264374801458169,0.2329414933919906,0.2936596569831805,0.2880399823188782,0.3971845184230922,0.7396638789312957,0.6516434186871685,0.30701375827753213,0.808712358321526,0.43895808883171905
2021-05-04_CO,2021-06-01_CO,30,28,0.0655524879693985,0.4193646907806396,0.1717935055494308,0.0001,0.3047999143600464,0.0001,0.4169653356075287,0.0001,-0.049451008439064,0.0081971462450642,0.2306142300367355,0.2908560837484137,0.2877318859100342,0.15631379896903996,0.7268134896923892,0.4096518121963019,-0.17186488832359012,0.8014900027758558,0.02848883508040267
2021-05-04_CO,2021-08-31_CO,120,119,0.0255912393331527,0.4155754446983337,0.2201576381921768,0.0001,0.2952238619327545,0.0001,0.3789005875587463,0.0001,0.0267794281244277,0.057211278472484,0.2275490760803222,0.2774378575310022,0.2704474329948425,0.061580248928637706,0.7103977525598453,0.5297657525265702,0.09901897691496443,0.8413800551202187,0.21154306342990892
2021-05-04_CO,2022-08-26_CO,480,479,-0.37847501039505,0.3633165955543518,0.0022023767232894,0.0001,0.1885041892528534,0.0001,0.261773020029068,0.0001,-0.2025913894176483,-0.0025498451997314,0.2165286093950271,0.298979405049858,0.2972473800182342,-1.0417223298527538,0.5188427711793125,0.006061866565519786,-0.6815582004632661,0.7284458129849437,-0.008578192344622124
2021-05-26_RD,2021-06-24_RD,30,29,0.3442878723144531,0.4841554164886474,0.4496526420116424,0.0001,0.4431139826774597,0.0001,0.4801891446113586,0.01,0.2130120247602462,0.1558676569795415,0.3141980171203613,0.3489180493168078,0.3460385799407959,0.7111102356582353,0.9152308692344248,0.9287361592952167,0.6155730519894361,0.907985511829686,0.45043433309144043
2021-05-26_RD,2021-09-17_RD,120,114,0.1732357740402221,0.4260860085487366,0.2849464416503906,0.0001,0.3457119464874267,0.0001,0.3585969507694244,0.01,0.1294364184141159,-0.0421924901551998,0.2512755393981933,0.306500127674814,0.3031302094459533,0.40657465996189135,0.8113665775248836,0.6687533407185274,0.4269994028331703,0.8289359871372192,-0.13918932801952397
2021-05-26_RD,2022-09-21_RD,480,483,0.0453683286905288,0.4113757014274597,0.2323258072137832,0.0001,0.2953334450721741,0.0001,0.3444197177886963,0.0001,0.005950704216957,0.080166638246024,0.2405889481306076,0.2753003752453174,0.271100103855133,0.1102844152756282,0.7179166004393965,0.5647533541908785,0.02195021002329406,0.8874542824194949,0.29570862240931645
2021-06-15_CO,2021-07-14_CO,30,29,-0.0180532783269882,0.3518727719783783,0.1226436197757721,0.0001,0.2835856080055237,0.0001,0.3408395648002624,0.0001,-0.0252758711576461,0.1030609597949284,0.1834945678710937,0.2675809586981293,0.2616214156150818,-0.051306266823332176,0.8059322305931341,0.3485453537260571,-0.0966123935161102,0.7013744170739656,0.3939316647783906
2021-06-15_CO,2021-10-15_CO,120,122,0.0880225449800491,0.4951469302177429,0.2617768943309784,0.0001,0.3883178234100342,0.0001,0.4564017951488495,0.0001,-0.0012902617454528,0.0887684175128001,0.2919842004776001,0.3573805080228327,0.3550468683242798,0.17777055578500875,0.7842476641009767,0.5286852817927417,-0.0036340603468563697,0.8223821318455292,0.2500188719640361
2021-06-15_CO,2022-10-10_CO,480,482,-0.4047578275203705,0.459654301404953,0.0732523947954177,0.0001,0.1150515675544738,0.001,0.3814541697502136,0.0001,-0.4607118368148803,0.0326427864996184,0.225520372390747,0.322882375340787,0.3173416554927826,-0.8805700855691133,0.2503002086629316,0.15936410161183878,-1.4517849416883704,0.7106548052777649,0.10286322622515218
2021-08-11_RD,2021-08-18_RD,7,7,0.1793497800827026,0.413166344165802,0.3052265644073486,0.0001,0.3420207798480987,0.001,0.3881813585758209,0.0001,0.0966850668191909,0.0915445268181257,0.2415054887533188,0.3076934365650804,0.3024073243141174,0.4340861316882342,0.8278040665162386,0.7387498249007,0.31971800629657343,0.7986099189266379,0.30271927780107705
2021-08-11_RD,2021-09-03_RD,30,23,0.0867268145084381,0.3370271623134613,0.1997135579586029,0.0001,0.2694587111473083,0.001,0.3491162657737732,0.0001,0.073955237865448,0.1398147375944834,0.2196174412965774,0.2760986419704401,0.271541029214859,0.2573288571553632,0.7995163039609575,0.592574072035339,0.27235382468455743,0.8087817960018239,0.5148935982114654
2021-08-11_RD,2022-11-09_RD,480,455,-0.228051409125328,0.4888416528701782,0.140834093093872,0.0001,0.3171629905700683,0.0001,0.4240874946117401,0.0001,-0.1618993878364563,-0.0108778931994479,0.2820174396038055,0.3344125170188025,0.3294336199760437,-0.46651386555615726,0.6488051677018147,0.2880975716103172,-0.49144767874095413,0.8560675732619935,-0.033019985028361516
2021-10-15_RD,2022-02-10_RD,120,118,0.0641814768314361,0.3321843147277832,0.2558285593986511,0.0001,0.2741084992885589,0.001,0.2926040291786194,0.01,0.0137699842453002,-0.0658626596166198,0.1650884002447128,0.2524024529675245,0.2501699924468994,0.19321043765727236,0.8251699045850013,0.7701403951246051,0.055042509737545715,0.6599048855939592,-0.2632716217177793
2021-10-15_RD,2023-02-07_RD,480,480,0.0526813715696334,0.4215479493141174,0.205933541059494,0.0001,0.324620634317398,0.0001,0.3826180696487427,0.0001,-0.0130481719970703,-0.0037655862394141,0.2009307891130447,0.2387380387803361,0.2361524850130081,0.12497124385339557,0.7700681140676271,0.48851747801065015,-0.05525316405775515,0.8508518938599217,-0.015945571096601753
2021-10-26_CO,2021-10-27_CO,1,1,0.2053586095571518,0.2907609045505523,0.3004246950149536,0.0001,0.2759873270988464,0.001,0.2995493412017822,0.01,0.1098033636808395,0.1269288324245812,0.1705625653266906,0.1961517190086522,0.1832313984632492,0.7062799927472633,0.9491899453451543,1.0332362099345482,0.5992606321937929,0.9308588307309154,0.6927242464398882
2021-10-26_CO,2021-11-02_CO,7,7,0.2176766544580459,0.2739583551883697,0.256193459033966,0.0001,0.2520287632942199,0.001,0.2862131595611572,0.01,0.1703632026910781,0.1799988109610824,0.2103134095668792,0.2328663380190406,0.2200562506914138,0.7945611087801088,0.9199528268481854,0.9351547568527749,0.7741802478039101,0.95572567880293,0.8179672715295682
2021-10-26_CO,2021-11-23_CO,30,28,0.225321352481842,0.3089605569839477,0.2524567544460296,0.0001,0.2583949565887451,0.0001,0.2924118638038635,0.0001,0.1370621919631958,0.1082542740293697,0.1718731224536895,0.1877095309944685,0.1809508800506591,0.7292884071721452,0.8363363890561935,0.8171164530207208,0.7574552382658973,0.9498330287510721,0.598252266024143
2021-10-26_CO,2022-02-25_CO,120,122,0.0547041743993759,0.3353636264801025,0.1625927686691284,0.0001,0.2561792433261871,0.0001,0.2507583200931549,0.01,0.0823503136634826,0.0063308763372896,0.2305980920791626,0.2827691149625971,0.2783904671669006,0.16311898512530418,0.7638849985461572,0.48482529359448945,0.29580866938993267,0.8283261076641482,0.02274099541452371
2021-10-26_CO,2022-12-09_CO,480,409,0.0460227578878402,0.3826169967651367,0.1700487434864044,0.0001,0.2825826108455658,0.0001,0.3457262516021728,0.0001,0.0440088957548141,0.0503885083928123,0.2284003347158432,0.2680439507656388,0.2658399641513824,0.12028414387479637,0.7385521637425443,0.4444359370443391,0.16554657572009476,0.8591647815065939,0.18954451996584906
2022-01-19_RD,2022-01-26_RD,7,7,0.1616130918264389,0.2797147631645202,0.2869483530521393,0.0001,0.2671383619308471,0.001,0.2765207886695862,0.01,0.1092296093702316,0.1765138382010213,0.2165486812591552,0.2454030575509875,0.2410900890827179,0.5777781980402039,0.9550384788725792,1.0258605938627718,0.4530655315853941,0.8982064840701828,0.7321488779261245
2022-01-19_RD,2022-02-21_RD,30,33,0.1501334309577942,0.2707440555095672,0.2213838547468185,0.0001,0.2269837409257888,0.001,0.2488419711589813,0.01,0.0704631507396698,0.1114635147979665,0.1650951951742172,0.1941574088559329,0.188018336892128,0.5545216151661323,0.8383701739954469,0.8176868531061636,0.3747674397316721,0.8780802867591445,0.5928332131876936
2022-01-19_RD,2022-05-23_RD,120,124,0.1395999044179916,0.5105733275413513,0.3662083148956299,0.0001,0.3728179335594177,0.0001,0.4842451214790344,0.0001,0.0124651193618774,0.1504332343767339,0.2562546730041504,0.3443884736758105,0.339748740196228,0.2734179340903495,0.7301946918275382,0.7172492081775868,0.03668922908934981,0.7542476032615922,0.4427779019573361
2022-01-19_RD,2023-05-17_RD,480,483,0.0546546727418899,0.3140668869018554,0.2002424597740173,0.0001,0.2580226957798004,0.0001,0.3165817558765411,0.0001,0.0468421727418899,0.1121895450511765,0.2112947851419448,0.235084226655696,0.230883315205574,0.17402239784345447,0.8215533268250321,0.6375790257589055,0.20288245038487315,0.9151583125606632,0.48591447567913304
2022-02-02_RD,2022-02-03_RD,1,1,0.1263455599546432,0.3095259368419647,0.2726085782051086,0.0001,0.2314571589231491,0.001,0.2643762826919555,0.01,0.1360731720924377,0.1474412077641582,0.1800540536642074,0.242790223629563,0.2346581667661667,0.4081905421035902,0.7477795278956693,0.8807293533669035,0.5798782713070137,0.7673035894959008,0.6283233598730068
2022-02-02_RD,2022-02-09_RD,7,7,0.1276304423809051,0.3354557752609253,0.2483520060777664,0.0001,0.3263516426086426,0.001,0.3702871203422546,0.0001,0.1196797341108322,0.0820258646879029,0.1878280490636825,0.2147786266337872,0.2051994353532791,0.38046875860649937,0.9728604086628072,0.7403420194050689,0.5832361765751793,0.9153438884483801,0.39973728264253783
2022-02-02_RD,2022-02-25_RD,30,23,0.1737458854913711,0.3158920109272003,0.2756912112236023,0.0001,0.2890411019325256,0.001,0.2819641828536987,0.01,0.1341347396373748,0.1416404462947489,0.209081158041954,0.2467180817892798,0.2430356442928314,0.5500167129310913,0.9149997212152898,0.8727387894818821,0.5519138562068578,0.8602900971597156,0.5827970078499581
2022-02-02_RD,2022-06-02_RD,120,120,0.1657998412847519,0.4688169360160827,0.346263587474823,0.0001,0.3810169100761413,0.0001,0.4600173234939575,0.0001,0.1165776401758194,0.1262118488019378,0.2776631116867065,0.3274605530500188,0.3214764893054962,0.35365582714158633,0.812720020982925,0.7385901849393608,0.36263193127332155,0.8637120315907324,0.3926005571188126
2022-02-02_RD,2023-05-19_RD,480,471,0.017125204205513,0.377166599035263,0.2187648713588714,0.0001,0.2860896289348602,0.0001,0.3718256652355194,0.0001,-0.0070381611585617,0.0552851146621602,0.2493348270654678,0.278584484517935,0.274442046880722,0.04540488009626719,0.75852323526695,0.5800218574986225,-0.0256453456697203,0.9085154038871955,0.20144549747578663
2022-03-14_CO,2022-03-16_CO,1,2,0.2068404406309127,0.324338436126709,0.2880071103572845,0.0001,0.314061164855957,0.001,0.3560333251953125,0.0001,0.163411259651184,0.1800073952743836,0.2291927337646484,0.264590855253018,0.2569689154624939,0.6377302767474237,0.9683131256551506,0.8879832862139381,0.6359183925303791,0.8919083981505943,0.7005026072916463
2022-03-14_CO,2022-03-21_CO,7,7,0.0736767947673797,0.3268789052963257,0.0614789128303527,0.0001,0.162223607301712,0.0001,0.3164416551589966,0.0001,0.0309059023857116,0.0355839053364529,0.2131335884332656,0.2789369084576692,0.2765788435935974,0.2253947672168978,0.49628044108460095,0.18807855702594267,0.11174355198015243,0.7706069837591855,0.12865736537947056
2022-03-14_CO,2022-04-11_CO,30,28,0.1125264316797256,0.3233625292778015,0.2076303362846374,0.0001,0.2193924188613891,0.001,0.2395165264606475,0.01,0.1160747408866882,0.1126821594504247,0.207253873348236,0.2578459673967095,0.252816379070282,0.34798846957018287,0.6784719904046413,0.642097699904684,0.4591266646312495,0.8197802456881965,0.4457075125623071
2022-03-14_CO,2022-07-18_CO,120,126,0.0876501947641372,0.4801539778709411,0.2228627949953079,0.0001,0.3848208785057068,0.0001,0.448074072599411,0.0001,0.1277339458465576,0.1823269053586699,0.2622288167476654,0.3296624599466195,0.321398377418518,0.18254601399490308,0.8014530676431081,0.4641485966304134,0.3974318317115373,0.8158996285354506,0.5672925508309202
2022-03-16_CO,2022-03-18_CO,1,2,0.0727095305919647,0.2944841980934143,0.20362588763237,0.0001,0.235943853855133,0.0001,0.3164750933647156,0.0001,0.0796436518430709,0.1293815594647757,0.1933404952287674,0.2251511330278274,0.2286237776279449,0.24690469323213146,0.8012105755850726,0.6914662618595825,0.3483611926519754,0.8456709850337772,0.565914712840268
2022-03-16_CO,2022-04-15_CO,30,30,0.1806031465530395,0.5465840101242065,0.3334227204322815,0.0001,0.398062914609909,0.0001,0.4967644214630127,0.0001,0.1296955198049545,0.1093571975312592,0.2988392412662506,0.3587556339283809,0.3560187816619873,0.3304215696174482,0.7282739839378993,0.6100118449431297,0.36429403864454124,0.8393917867793157,0.30716693378015525
2022-03-16_CO,2022-07-18_CO,120,124,-0.1452769190073013,0.4801539778709411,0.1406476944684982,0.0001,0.335710346698761,0.0001,0.4240578413009643,0.0001,-0.0035846382379531,0.0968854643578605,0.2123635858297348,0.3278901373074713,0.321398377418518,-0.30256318952406924,0.699172270085817,0.2929220644847024,-0.011153255553886203,0.6607487801756993,0.30144976193111994
2022-04-05_RD,2022-04-06_RD,1,1,0.2079147845506668,0.3611231744289398,0.3262159526348114,0.0001,0.2962108254432678,0.001,0.3237169086933136,0.01,0.1004246771335601,0.1434461003459964,0.2317383736371994,0.2531361799468856,0.2443372160196304,0.575744785361537,0.8202487306766707,0.9033370764716809,0.4110085183482316,0.9484366622994559,0.5870824865847359
2022-04-05_RD,2022-04-13_RD,7,8,0.3118205368518829,0.5649953484535217,0.4214552044868469,0.0001,0.4451318383216858,0.001,0.5138508081436157,0.0001,0.1570456773042678,0.1698836620729225,0.315228521823883,0.3694055014898316,0.364776462316513,0.5518992991807511,0.7878504478666584,0.7459445562524257,0.4305257973799877,0.8641690305948586,0.4657199123925822
2022-04-05_RD,2022-05-10_RD,30,35,0.2651498317718506,0.5689924359321594,0.4425707459449768,0.0001,0.4621712565422058,0.0001,0.5380868911743164,0.0001,0.141005054116249,0.170308321786897,0.3120371103286743,0.364526587314775,0.3610684871673584,0.4659988692775245,0.8122625668741055,0.7778148143919161,0.39052162990588524,0.8642047739381986,0.471678719799099
2022-04-05_RD,2022-08-05_RD,120,122,0.2612034678459167,0.5274163484573364,0.3780263662338257,0.0001,0.4272730052471161,0.001,0.5010803937911987,0.0001,0.1523926258087158,0.1416108797581074,0.2968813776969909,0.3638527954502699,0.3604070544242859,0.4952509883508965,0.8101246889613224,0.7167513243370855,0.4228347473723779,0.8237390862707422,0.3929192784095655
2022-04-05_RD,2023-06-22_RD,480,443,-0.0317492187023162,0.4574154615402221,0.1414151638746261,0.0001,0.2632766962051391,0.0001,0.3348830640316009,0.01,-0.033395379781723,0.0802373541920681,0.2499892562627792,0.306272630272881,0.3046796917915344,-0.06941002517800633,0.5755745451162199,0.3091613112474358,-0.10960815794894702,0.8204985858848279,0.2633498600457016
2022-04-07_RD,2022-04-08_RD,1,1,0.2156519293785095,0.419282466173172,0.3373342156410217,0.0001,0.3496564924716949,0.001,0.3959787487983703,0.0001,0.1424436122179031,-0.0329899686140162,0.224544882774353,0.2587991532596058,0.2553367018699646,0.5143356729099208,0.8339401732274676,0.8045512103568289,0.5578657951430946,0.8794069991892784,-0.12920182790963208
2022-04-07_RD,2022-04-14_RD,7,7,0.3122130036354065,0.5107786655426025,0.4223883748054504,0.0001,0.4684392213821411,0.0001,0.5146010518074036,0.0001,0.1403864324092865,0.1507831754831087,0.2570140361785888,0.2952029307432365,0.2924680709838867,0.6112491078767771,0.9171080410817785,0.8269499164706601,0.4800060120648895,0.8787763919458709,0.5155543132481494
2022-04-07_RD,2022-05-10_RD,30,33,0.2524119317531585,0.5689924359321594,0.4033191502094269,0.0001,0.4821589589118957,0.001,0.5543256998062134,0.0001,0.1029080897569656,0.1101285833152071,0.3061605393886566,0.3638306543016837,0.3610684871673584,0.44361210415678254,0.8473908060341653,0.7088304250454295,0.2850098898530206,0.847929271785905,0.30500746320783606
2022-04-07_RD,2022-08-05_RD,120,120,0.1682464778423309,0.5274163484573364,0.3963536620140075,0.0001,0.4182860255241394,0.0001,0.4912960231304168,0.0001,0.1312243491411209,0.1063250142124572,0.2969974875450134,0.3627996460117624,0.3604070544242859,0.3190012564730739,0.7930850584127754,0.7515005235869536,0.36410039018447804,0.8240612493543922,0.295013687737885
2022-04-07_RD,2023-06-22_RD,480,441,-0.0655482560396194,0.4574154615402221,0.2366033345460891,0.0001,0.2771423757076263,0.001,0.2987130880355835,0.01,-0.1090455055236816,0.0830571676225349,0.2440663576126098,0.3066302710751171,0.3046796917915344,-0.14330135631817842,0.6058876426573443,0.5172613399411374,-0.3579021131421252,0.8010588305951255,0.2726048695078884
2022-04-28_RD,2022-04-29_RD,1,1,0.368826687335968,0.515618622303009,0.4531938433647156,0.0001,0.4469453692436218,0.0001,0.5102571249008179,0.0001,0.2265325188636779,0.2000490747036591,0.3219256401062011,0.3545761416190279,0.3547942638397217,0.7153090896690363,0.8668138618565436,0.878932264588363,0.6384898008554444,0.9073586382772835,0.5638452903343197
2022-04-28_RD,2022-05-26_RD,30,28,0.36274254322052,0.5300418138504028,0.4910990595817566,0.0001,0.4910054802894592,0.0001,0.5515359044075012,0.0001,0.2283249497413635,0.2454411895389654,0.3343772888183594,0.3694957518359229,0.3665519058704376,0.6843659004662964,0.9263523508129093,0.9265289015865504,0.622899365914272,0.9122235717867178,0.6695946347792819
2022-04-28_RD,2022-08-25_RD,120,119,0.0101877748966217,0.4381005465984344,0.3051269650459289,0.0001,0.3503988683223724,0.0001,0.4288089871406555,0.0001,-0.0550235360860824,0.1322431836369962,0.2844901084899902,0.3228338421937704,0.3190208673477173,0.023254421789069068,0.7998138122469637,0.6964770243156307,-0.17247629142111703,0.8917601875237514,0.4145283182772415
2022-04-28_RD,2023-06-22_RD,480,420,0.0203955769538879,0.4574154615402221,0.2586969137191772,0.0001,0.355276346206665,0.001,0.3720968067646026,0.01,-0.0509877651929855,-0.0806766181178213,0.2462006658315658,0.3069546813884639,0.3046796917915344,0.04458873533747929,0.7767038416462105,0.5655622414862972,-0.1673487487570125,0.8080639191404306,-0.2647915837233459
2022-06-10_CO,2022-10-10_CO,120,122,0.2979110181331634,0.459654301404953,0.4098509550094604,0.0001,0.4104194641113281,0.001,0.4048734307289123,0.01,0.209689125418663,0.191012809310739,0.2870402336120605,0.3227399024384785,0.3173416554927826,0.6481197221968459,0.8928872477791756,0.8916504289348178,0.6607677302655025,0.9045148301326258,0.6019153363718532
2022-08-29_CO,2022-09-27_CO,30,29,0.3048173785209656,0.570848822593689,0.3718213140964508,0.0001,0.4667067527770996,0.0001,0.515135645866394,0.0001,0.2279911190271377,0.2128475436998912,0.2955273389816284,0.3665367812023149,0.3607228994369507,0.5339721594519682,0.8175662877897987,0.6513481317296168,0.6320394945344671,0.8192641483058452,0.5900583080035205
2022-08-29_CO,2022-12-09_CO,120,102,0.1540214717388153,0.3826169967651367,0.2730325162410736,0.0001,0.300316572189331,0.0001,0.3848661780357361,0.0001,0.0681672692298889,0.1281096531984776,0.209071084856987,0.2702648244469057,0.2658399641513824,0.4025473856127696,0.7849012843872053,0.7135922307410463,0.25642220291254286,0.7864546834573436,0.4819051703058674
2022-09-06_RD,2022-09-30_RD,30,24,0.4390476942062378,0.5572831034660339,0.4616253674030304,0.0001,0.4910390973091125,0.0001,0.5292236804962158,0.0001,0.198267325758934,0.1534257085436608,0.3086287975311279,0.3595295714345661,0.3539573550224304,0.7878360055698288,0.8811304241149328,0.8283498360742354,0.5601446698186839,0.8719378002798386,0.43345817332694825
2022-09-06_RD,2023-01-10_RD,120,126,0.2744302153587341,0.4439391493797302,0.4137941896915436,0.0001,0.4231598973274231,0.001,0.4410426318645477,0.01,0.1244532912969589,0.2132202896372168,0.2693337798118591,0.3072973978651837,0.3034535050392151,0.618170791519889,0.9531934678855428,0.9320966404285248,0.410123097048676,0.8875619340005754,0.7026456643157326
2022-09-21_RD,2022-10-25_RD,30,34,0.3279242515563965,0.5363895893096924,0.4478264451026916,0.0001,0.4475888013839721,0.0001,0.5010799765586853,0.0001,0.1391736716032028,0.1843419734500199,0.265884518623352,0.2913019991513506,0.2880405783653259,0.6113546162937638,0.8344472195293674,0.8348902626522314,0.48317383749551723,0.9230800748015681,0.6399861245113054
2022-09-21_RD,2023-01-17_RD,120,118,0.2825159132480621,0.3396826386451721,0.3578838407993316,0.0001,0.3530625700950622,0.001,0.3661893010139465,0.0001,0.1194445341825485,0.068799764513107,0.1992260217666626,0.2153198333987295,0.207027330994606,0.8317054836092885,1.0393895063440866,1.0535829626935165,0.5769505582123385,0.9623174911715079,0.3323221343895872
2023-01-27_RD,2023-02-03_RD,7,7,0.2708953619003296,0.4994874596595764,0.3746539950370788,0.0001,0.3913334012031555,0.001,0.4709852337837219,0.0001,0.1424576640129089,0.1471709801982156,0.2490577697753906,0.2924548439011111,0.2896198630332947,0.542346672897368,0.783469922287673,0.7500768793923729,0.49187808640228514,0.8599471292021118,0.5081522332648049
2023-01-27_RD,2023-02-24_RD,30,28,-0.0191326737403869,0.3495509326457977,0.1841951608657837,0.0001,0.2430616468191146,0.001,0.33458411693573,0.0001,-0.0418024212121963,-0.1003730740669354,0.1392161101102829,0.2125463186268233,0.204706534743309,-0.05473500984697463,0.6953540217425499,0.5269479885851996,-0.20420657926047303,0.6800765314348779,-0.4903266727307843
2023-01-27_RD,2023-05-19_RD,120,112,-0.283438891172409,0.377166599035263,0.1468010246753692,0.0001,0.251973420381546,0.0001,0.3566939830780029,0.0001,-0.2105118334293365,-0.1894923613206734,0.2262016236782074,0.2788854318936267,0.274442046880722,-0.751495206355505,0.6680692856314879,0.3892206389719152,-0.767053867371967,0.8242236430211408,-0.6904640286516686
2023-03-14_RD,2023-03-20_RD,7,6,0.2320937067270279,0.4217584133148193,0.3469737768173218,0.0001,0.3634571731090545,0.001,0.3872082233428955,0.01,0.1104696542024612,0.1570574060331343,0.2563772201538086,0.302270810462652,0.2997074723243713,0.5503001230085309,0.861766266267115,0.8226837114884655,0.3685915914799104,0.8554248519914557,0.5240356698986544
2023-03-14_RD,2023-04-13_RD,30,30,0.3439949750900268,0.5561152696609497,0.4345874190330505,0.0001,0.4466938972473144,0.0001,0.5271762609481812,0.0001,0.2259291857481002,0.1999888825716307,0.3803226351737976,0.4208185044950904,0.4184367656707763,0.6185677571841398,0.803239762719792,0.7814700346171184,0.5399362682338005,0.9089130458317167,0.47794290315536186
2023-03-14_RD,2023-06-22_RD,120,100,0.0024625808000564,0.4574154615402221,0.2089650183916092,0.0001,0.3024429082870483,0.001,0.4086480438709259,0.0001,-0.0329160541296005,0.1017855310913968,0.2272600978612899,0.305103126909386,0.3046796917915344,0.005383685089621433,0.6611995739467443,0.4568385547965002,-0.10803494626127581,0.7458984106390131,0.3340738941046314
2023-04-07_RD,2023-04-14_RD,7,7,0.4514136910438537,0.5556564331054688,0.5062384605407715,0.0001,0.487287163734436,0.0001,0.5249248147010803,0.01,0.3325411081314087,0.3304855395070373,0.3817537426948547,0.4176321593149634,0.4142502844333648,0.8123971291414369,0.8769576571102964,0.9110637983825569,0.8027540852175332,0.9215533628831161,0.7977919434843461
2023-04-07_RD,2023-05-08_RD,30,31,0.0541185140609741,0.4101279973983764,0.2439779341220855,0.0001,0.3181115984916687,0.001,0.3775239288806915,0.0001,0.0607478469610214,0.1227553685877597,0.252969741821289,0.3051646582218069,0.3025285005569458,0.13195518083201296,0.7756398014999988,0.5948824163913354,0.20080041004132324,0.8361848267372475,0.4057646415520217
