train,test,style,gap_target,days,train_day,L0,L1,L2,L4u,L4s,L3_n300,lam_L3_n300,L4_n300,lam_L4_n300,L5_n300,lam_L5_n300,L6_n300,lam_L6_n300,L6p_n300,lam_L6p_n300,own
2020-02-24_CO,2020-02-25_CO,CO,1,1,28,-0.5131983160972595,0.13540075719356537,0.16193722188472748,0.1527649611234665,0.15854637324810028,0.10378581854459423,1e-06,0.1843771302257812,0.0001,0.22584261000156403,0.001,0.22099634903424906,1000.0,0.23616371632890676,10000.0,0.24708959460258484
2023-04-13_RD,2023-04-14_RD,RD,1,1,1172,0.017821580171585083,0.33234894275665283,0.38474059104919434,0.37749287486076355,0.37235182523727417,0.40105431010896675,0.0001,0.38422765124637015,0.001,0.4070737957954407,0.01,0.41683103356987206,1000.0,0.42464870997153503,10000.0,0.40174728631973267
2022-02-09_RD,2022-02-10_RD,RD,1,1,744,-0.207155242562294,0.20190441608428955,0.20258544385433197,0.1912115067243576,0.07404091954231262,0.15570599658026876,1e-05,0.20441065790081386,1e-05,0.2203664481639862,0.001,0.2536378790673769,1000.0,0.2613081825479657,10000.0,0.2561900019645691
2021-09-07_CO,2021-09-08_CO,CO,1,1,589,-1.1332592964172363,0.145351842045784,0.17118844389915466,0.1638786941766739,0.17433381080627441,0.1696831363311074,1e-05,0.18894812024022625,1e-05,0.1788741648197174,0.001,0.21104932948701138,1000.0,0.22851144578832883,10000.0,0.23153966665267944
2023-02-06_RD,2023-02-07_RD,RD,1,1,1106,-0.1463760882616043,0.19460277259349823,0.20720680058002472,0.1957782357931137,0.19050368666648865,0.21229731368425425,1e-05,0.19915327266857202,0.001,0.22683954238891602,0.001,0.23934741347090074,1000.0,0.24550582915609334,10000.0,0.23173847794532776
2022-11-02_RD,2022-11-04_RD,RD,1,2,1010,-0.5662319660186768,0.25781020522117615,0.29358798265457153,0.2663814425468445,0.2640520930290222,0.3245555671578862,1e-05,0.3298432002903223,1e-06,0.34281840920448303,0.01,0.3519776816200492,1000.0,0.36230445587348015,10000.0,0.35612016916275024
2023-03-13_RD,2023-03-14_RD,RD,1,1,1141,-0.8322454690933228,0.2353188693523407,0.26830583810806274,0.2668793797492981,0.25156813859939575,0.2313060300600062,1e-05,0.2820548891174618,1e-06,0.2974383234977722,0.001,0.30297258160831086,1000.0,0.3142946712897038,10000.0,0.29954493045806885
2021-10-05_CO,2021-10-07_CO,CO,1,2,617,-0.5247443914413452,0.1562199890613556,0.2009483277797699,0.1766865998506546,0.16694805026054382,0.18196720790387738,1e-06,0.2275200980357128,0.0001,0.254968523979187,0.001,0.2758014380752366,1000.0,0.2887972899758603,10000.0,0.28229576349258423
2022-04-21_RD,2022-04-22_RD,RD,1,1,815,0.08210724592208862,0.280338317155838,0.2842566967010498,0.2894933223724365,0.23751184344291687,0.2866371636066789,1e-05,0.29238605289001957,0.001,0.31704485416412354,0.01,0.3286173484484409,1000.0,0.3381963785012716,10000.0,0.3318811058998108
2022-09-12_CO,2022-09-13_CO,CO,1,1,959,-12.332074165344238,0.21547508239746094,0.25000154972076416,0.22811783850193024,0.243149071931839,0.26198904877980705,0.0001,0.2644480958030088,0.0001,0.2952837347984314,0.001,0.29405082801589383,1000.0,0.3075046028698034,10000.0,0.2959587574005127
2021-05-18_CO,2021-05-20_CO,CO,1,2,477,-0.6538653373718262,0.17303353548049927,0.19274604320526123,0.14489160478115082,0.09228764474391937,0.13257356196148426,1e-06,0.2519216406909921,1e-06,0.29662007093429565,0.001,0.31585467225216846,1000.0,0.3154225306607962,1000.0,0.3208964467048645
2022-04-13_RD,2022-04-14_RD,RD,1,1,807,-1.8713799715042114,0.18217580020427704,0.25006023049354553,0.23605269193649292,0.24076898396015167,0.25134468685114947,1e-05,0.27473309349964714,0.001,0.28873974084854126,0.001,0.2962623364583544,1000.0,0.30623266034508906,10000.0,0.29327392578125
2021-07-29_CO,2021-07-30_CO,CO,1,1,549,-0.041927456855773926,0.1849561482667923,0.19662581384181976,0.16270969808101654,0.14901159703731537,0.13928748140459513,1e-05,0.19486187891461473,1e-06,0.24893136322498322,0.001,0.24467340441845178,1000.0,0.24630531209292575,1000.0,0.25054365396499634
2022-03-14_CO,2022-03-16_CO,CO,1,2,777,-7.409191608428955,0.14444750547409058,0.181306391954422,0.1640664041042328,0.17047229409217834,0.17026490434324026,1e-05,0.20049470148691464,0.0001,0.23763389885425568,0.001,0.2624749584557553,1000.0,0.27171482645775746,10000.0,0.27291908860206604
2022-09-19_CO,2022-09-21_CO,CO,1,2,966,-5.252228736877441,0.19135425984859467,0.22210736572742462,0.21103696525096893,0.2110292911529541,0.22337047259664866,1e-05,0.24203257149034954,1e-06,0.26353973150253296,0.001,0.2695152250566285,1000.0,0.27993046468436156,10000.0,0.2576291859149933
2022-08-08_CO,2022-08-10_CO,CO,1,2,924,-3.362093925476074,0.10832637548446655,0.17968657612800598,0.18924932181835175,0.1855047643184662,0.2304836079086934,1e-05,0.23563406624928274,0.0001,0.25181877613067627,0.001,0.2912740442432689,1000.0,0.29357542265565384,10000.0,0.27987152338027954
2020-02-05_CO,2020-02-06_CO,CO,1,1,9,0.005360126495361328,0.16798242926597595,0.2449244111776352,0.17855502665042877,0.20936165750026703,0.24624528293115283,1e-05,0.2691587037950003,0.0001,0.30269956588745117,0.001,0.2923001686758462,1000.0,0.31762796293772155,10000.0,0.3113054037094116
2023-06-20_RD,2023-06-21_RD,RD,1,1,1240,-0.5685812830924988,0.3282848000526428,0.35555410385131836,0.3442797064781189,0.3447781503200531,0.36767850793308643,1e-05,0.3616060190569507,1e-06,0.37903761863708496,0.001,0.4058948223160701,1000.0,0.4138051889855231,10000.0,0.40100547671318054
2021-07-19_RD,2021-07-21_RD,RD,1,2,539,-1.7365573644638062,0.24666772782802582,0.24638035893440247,0.21408002078533173,0.1955684870481491,0.2834692465070118,1e-05,0.29688203785080525,1e-05,0.3331291675567627,0.001,0.3406067529695377,1000.0,0.3405544368156583,1000.0,0.325255811214447
2021-04-12_RD,2021-04-14_RD,RD,1,2,441,-1.2046536207199097,0.23948374390602112,0.2558428943157196,0.23787575960159302,0.2339620739221573,0.2550782742298505,1e-05,0.2749076274001152,1e-05,0.2961789071559906,0.01,0.3183029879880752,1000.0,0.32462328754568537,10000.0,0.31849658489227295
2022-06-01_RD,2022-06-02_RD,RD,1,1,856,-1.5854055881500244,0.2015974223613739,0.24152562022209167,0.23638783395290375,0.23627060651779175,0.25515075916684904,1e-05,0.28768180940846355,0.0001,0.3216707706451416,0.001,0.3254968804533219,1000.0,0.33517215961824876,10000.0,0.3250599801540375
2022-07-21_RD,2022-07-22_RD,RD,1,1,906,-1.0613234043121338,0.1900644302368164,0.2955106794834137,0.2761915326118469,0.2235412448644638,0.23396676241122563,1e-05,0.3242202622174025,1e-06,0.3311772048473358,0.001,0.34380137356350526,1000.0,0.3584881137616013,10000.0,0.34806394577026367
2021-08-30_CO,2021-08-31_CO,CO,1,1,581,-0.15150900185108185,0.16147272288799286,0.17629189789295197,0.1756993532180786,0.16189737617969513,0.2002302750171517,1e-05,0.20027681231853506,0.0001,0.26348650455474854,0.001,0.275065436242567,1000.0,0.274921692441214,1000.0,0.26887038350105286
2021-07-26_RD,2021-07-28_RD,RD,1,2,546,-0.0370640754699707,0.24459725618362427,0.2555316984653473,0.1913425773382187,0.04676103591918945,0.25045931330382154,1e-05,0.2705905718839883,0.001,0.3006928563117981,0.01,0.3247868088740785,1000.0,0.3293454582227736,10000.0,0.3253888487815857
2023-01-30_RD,2023-01-31_RD,RD,1,1,1099,-0.14331504702568054,0.25361597537994385,0.25535595417022705,0.24788276851177216,0.23458600044250488,0.25828585966987583,1e-05,0.25591064997312785,0.001,0.29182639718055725,0.001,0.3034721809089155,1000.0,0.30547137380865763,10000.0,0.28549396991729736
2021-03-29_CO,2021-03-30_CO,CO,1,1,427,-0.8158277273178101,0.1721399575471878,0.17237503826618195,0.16096580028533936,0.15520434081554413,0.2192583013958913,1e-05,0.21079695423071204,0.0001,0.2598111033439636,0.001,0.27703155945209723,1000.0,0.26914486352203026,10000.0,0.2648226320743561
2020-02-04_CO,2020-02-05_CO,CO,1,1,8,-0.1087699681520462,0.19375929236412048,0.21261325478553772,0.20379871129989624,0.20575664937496185,0.2019628266332117,1e-05,0.2464456879191229,1e-06,0.27159494161605835,0.001,0.3060437346662837,1000.0,0.31117578840077764,10000.0,0.3056756854057312
2022-08-10_RD,2022-08-11_RD,RD,1,1,926,-19.289043426513672,0.2131182998418808,0.2905491888523102,0.2744426727294922,0.2591608464717865,0.3170986075868175,1e-05,0.3361848253608017,1e-06,0.3437860906124115,0.01,0.3571878145919324,1000.0,0.36507423299146213,10000.0,0.3528800308704376
2022-04-06_RD,2022-04-07_RD,RD,1,1,800,-1.6840994358062744,0.18785803020000458,0.1778322160243988,0.16747182607650757,0.15902426838874817,0.14378145325630473,1e-05,0.21860465272260415,1e-06,0.24428600072860718,0.001,0.2670706137953021,1000.0,0.27158697521508746,10000.0,0.26938560605049133
2021-10-25_CO,2021-10-26_CO,CO,1,1,637,0.1481112390756607,0.24396157264709473,0.25268688797950745,0.24311593174934387,0.2394554615020752,0.2493541953899795,1e-05,0.23843674431680845,0.001,0.27717435359954834,0.001,0.28014135993795697,1000.0,0.30259410710421675,10000.0,0.2911962866783142
2022-04-06_RD,2022-04-13_RD,RD,7,7,800,-3.6928184032440186,0.16276170313358307,0.28694644570350647,0.23101800680160522,0.2216387838125229,0.29306163657754225,1e-05,0.31183478045063284,1e-06,0.3297702670097351,0.001,0.36779813774550585,1000.0,0.36763348528260403,10000.0,0.36264026165008545
2020-12-04_CO,2020-12-11_CO,CO,7,7,312,-0.3413907289505005,0.13427412509918213,0.15125414729118347,0.13717129826545715,0.07852953672409058,0.13775198106614983,1e-05,0.17208273167854884,0.0001,0.21928973495960236,0.001,0.23391544169996287,1000.0,0.24910392684945504,10000.0,0.24478061497211456
2022-03-14_CO,2022-03-21_CO,CO,7,7,777,-1.5619384050369263,-0.04855695366859436,0.09461602568626404,0.10419580340385437,0.10950581729412079,0.008963165447586158,1e-05,0.18125990380845178,1e-06,0.227945938706398,0.001,0.27282908973892817,10000.0,0.27815190232760045,10000.0,0.2728298604488373
2022-04-13_RD,2022-04-21_RD,RD,7,8,807,-3.5499086380004883,0.07758720219135284,0.2059604674577713,0.22328096628189087,0.19259804487228394,0.22993968064726453,1e-06,0.294507198701173,1e-06,0.29786521196365356,0.001,0.3272124401300714,1000.0,0.3270610886055591,1000.0,0.3332447409629822
2022-04-21_RD,2022-04-28_RD,RD,7,7,815,-1.8980234861373901,0.2042684257030487,0.2256762534379959,0.2016773372888565,0.1469155102968216,0.23658593739681985,1e-05,0.30703787531844945,0.0001,0.3464372158050537,0.001,0.36309299545953133,1000.0,0.3619196451310762,1000.0,0.35836976766586304
2022-09-12_CO,2022-09-19_CO,CO,7,7,959,-4.557164192199707,0.1524471938610077,0.16912777721881866,0.12706433236598969,0.15636470913887024,0.2196372062159681,1e-05,0.1980911673204306,1e-06,0.2621903121471405,0.001,0.26793838075349596,1000.0,0.27295273615233173,10000.0,0.2735084891319275
2022-07-21_RD,2022-07-27_RD,RD,7,6,906,-1.1836645603179932,0.1889938861131668,0.279213547706604,0.268513560295105,0.25887537002563477,0.23285678207627422,1e-05,0.30021891749172624,1e-06,0.3257271647453308,0.001,0.3406912391226219,1000.0,0.35295687399768005,10000.0,0.34530776739120483
2022-11-02_RD,2022-11-09_RD,RD,7,7,1010,-0.13166391849517822,0.21546056866645813,0.2246379852294922,0.24371422827243805,0.23389586806297302,0.22521464594338284,1e-05,0.26403287869609743,1e-05,0.30905675888061523,0.001,0.33477845134299083,1000.0,0.3343326318604513,1000.0,0.33461523056030273
2021-07-08_RD,2021-07-15_RD,RD,7,7,528,-0.45401281118392944,0.25467944145202637,0.30216002464294434,0.2924266755580902,0.2759815454483032,0.21262447294377224,1e-05,0.32297389126523063,1e-06,0.33027052879333496,0.001,0.3626693311495653,1000.0,0.36404269373735804,10000.0,0.35650861263275146
2021-07-21_RD,2021-07-28_RD,RD,7,7,541,0.01630173623561859,0.23305551707744598,0.24326880276203156,0.2032991498708725,0.13288500905036926,0.2602775933354925,1e-05,0.27492565930361745,0.0001,0.3025701940059662,0.01,0.3247868088740785,1000.0,0.3293826818305201,10000.0,0.3253888487815857
2021-07-26_RD,2021-08-02_RD,RD,7,7,546,-0.9665985107421875,-0.02103494107723236,-0.0452723354101181,-0.17616957426071167,-0.24502378702163696,-0.13527662982677063,1e-05,0.20884427348483037,1e-06,0.25439298152923584,0.0001,0.30387792957585236,1000.0,0.3038720630569558,1000.0,0.31518998742103577
2022-04-15_RD,2022-04-22_RD,RD,7,7,809,-1.220879077911377,0.16993266344070435,0.22550484538078308,0.23610153794288635,0.24021878838539124,0.19304090324283382,1e-05,0.261446760495256,1e-06,0.30513668060302734,0.001,0.3286173484484409,1000.0,0.3308851230564652,10000.0,0.3318811058998108
2022-07-18_CO,2022-07-25_CO,CO,7,7,903,0.11825081706047058,0.22502529621124268,0.2291281670331955,0.21576978266239166,0.2165699005126953,0.23071709268753335,1e-06,0.2422886754257466,0.0001,0.2599201500415802,0.001,0.2825998883739452,1000.0,0.28633989019085115,10000.0,0.2681819200515747
2022-03-28_CO,2022-04-04_CO,CO,7,7,791,-2.936976194381714,-0.02301257848739624,0.0898866057395935,0.07122920453548431,0.05257853865623474,0.08178903420898373,1e-05,0.09330949492716123,0.0001,0.14307841658592224,0.001,0.2012798844530297,10000.0,0.2085818731179483,10000.0,0.20128031075000763
2023-05-02_RD,2023-05-08_RD,RD,7,6,1191,-2.660064935684204,0.09403419494628906,0.17392833530902863,0.1494731605052948,0.1399090439081192,0.17397701974857557,1e-05,0.20379752389716194,1e-06,0.2857308089733124,0.001,0.30620342039484294,1000.0,0.3060668504382532,1000.0,0.3022555708885193
2020-02-04_CO,2020-02-11_CO,CO,7,7,8,-0.15380071103572845,0.2146444022655487,0.24410828948020935,0.2504872679710388,0.24314697086811066,0.23119037198685083,1e-05,0.26001346618939025,0.001,0.2821260690689087,0.001,0.29317770183326874,1000.0,0.30846328522222366,10000.0,0.2996886670589447
2023-04-26_RD,2023-05-02_RD,RD,7,6,1185,-0.10404521226882935,0.1585116684436798,0.15765242278575897,0.10082371532917023,0.08150029182434082,0.1982126485456805,1e-05,0.22234694020324725,1e-06,0.26507216691970825,0.001,0.28773365098680337,1000.0,0.2891072416806222,1000.0,0.27888935804367065
2021-09-07_CO,2021-09-14_CO,CO,7,7,589,-1.2964746952056885,0.13549257814884186,0.18692664802074432,0.17405131459236145,0.15749812126159668,0.15942943679032373,1e-05,0.16355622224252223,0.001,0.20049719512462616,0.001,0.1946821901488565,1000.0,0.2170743091009783,10000.0,0.2056429535150528
2021-08-05_CO,2021-08-12_CO,CO,7,7,556,-0.4099005162715912,0.17923273146152496,0.18161578476428986,0.15710940957069397,0.14991417527198792,0.14595631653095734,1e-06,0.2341669208101086,1e-06,0.27300727367401123,0.001,0.3178575019472075,1000.0,0.3201907265048728,10000.0,0.29942870140075684
2022-04-04_CO,2022-04-11_CO,CO,7,7,798,-2.2922792434692383,0.05209262669086456,0.13257190585136414,0.11181214451789856,0.11365243792533875,0.14003621021196458,1e-05,0.16675031210203314,0.0001,0.2217693030834198,0.001,0.2579556878939765,1000.0,0.2573843225537918,10000.0,0.2660287320613861
2021-11-23_CO,2021-11-29_CO,CO,7,6,666,-2.258918046951294,0.0192825049161911,0.1594383865594864,0.15401452779769897,0.1578042358160019,0.15149827029862334,0.0001,0.258666132061505,1e-06,0.2868490517139435,0.001,0.35118401659589943,1000.0,0.35009117586636945,1000.0,0.35860851407051086
2021-08-12_CO,2021-08-19_CO,CO,7,7,563,-1.3457850217819214,0.08368353545665741,0.14245229959487915,0.13306912779808044,0.07392624020576477,0.14435154866094235,1e-05,0.17790167031815737,1e-05,0.24219293892383575,0.001,0.29265101699466955,1000.0,0.2926992819324405,1000.0,0.2904476821422577
2023-01-30_RD,2023-02-06_RD,RD,7,7,1099,-0.18272051215171814,0.21802762150764465,0.22936730086803436,0.22625532746315002,0.20208367705345154,0.2170957108870279,0.0001,0.2169020606239346,1e-06,0.23964503407478333,0.01,0.23129873731548395,1000.0,0.2508669485403361,10000.0,0.2518044114112854
2021-10-19_CO,2021-10-26_CO,CO,7,7,631,-0.3395378589630127,0.1933383345603943,0.17837156355381012,0.16207453608512878,0.15910694003105164,0.21636391447902206,1e-05,0.18236155049210648,0.001,0.26904165744781494,0.001,0.28014135993795697,1000.0,0.2877574394721686,10000.0,0.2911962866783142
2023-02-06_RD,2023-02-13_RD,RD,7,7,1106,-0.3394449055194855,0.10154210031032562,0.09114809334278107,0.0775117576122284,0.08317752182483673,0.12437375901232059,1e-05,0.11185783148443168,0.0001,0.18893705308437347,0.001,0.220141775703042,1000.0,0.2196279616821397,1000.0,0.22198694944381714
2021-07-19_RD,2021-07-26_RD,RD,7,7,539,-0.06175406277179718,0.13736435770988464,0.1892499178647995,0.14491227269172668,0.09412802755832672,0.25014635937734864,0.0001,0.20454405951200022,0.001,0.2486693561077118,0.01,0.2886195835992648,1000.0,0.2875171403432908,10000.0,0.2832888960838318
2021-07-29_CO,2021-08-05_CO,CO,7,7,549,-2.314818859100342,-0.06522686779499054,-0.020251676440238953,-0.03042714297771454,-0.017030924558639526,-0.22960224175945762,1e-06,0.051576771199220106,1e-06,0.1283019781112671,0.001,0.2249072731750372,1000.0,0.22491679604140458,1000.0,0.2230813354253769
2022-03-07_CO,2022-03-14_CO,CO,7,7,770,-2.8069825172424316,0.1711208075284958,0.1561906337738037,0.16051508486270905,0.169264554977417,0.14568472861283527,1e-05,0.17697980041414668,0.0001,0.186403289437294,0.001,0.23177655776384687,10000.0,0.2411371846684548,10000.0,0.23177669942378998
2021-03-29_CO,2021-04-06_CO,CO,7,8,427,-0.4707079529762268,0.20700699090957642,0.22208411991596222,0.21338579058647156,0.18576346337795258,0.26371050857902995,1e-05,0.28540998249098143,1e-06,0.30242693424224854,0.001,0.34054723222036026,1000.0,0.3403045421150419,10000.0,0.33913546800613403
2021-08-30_CO,2021-09-06_CO,CO,7,7,581,-16.079425811767578,0.03688289225101471,0.07653532922267914,0.06534743309020996,0.06201428174972534,0.09909931995895324,1e-05,0.1021886084064185,0.0001,0.1300233006477356,0.001,0.13354238439556293,1000.0,0.14043657395556972,10000.0,0.1454758495092392
2021-09-17_RD,2021-10-15_RD,RD,30,28,599,-0.8539379239082336,0.2617924213409424,0.27114105224609375,0.24530428647994995,0.13348771631717682,0.10656312130897067,1e-06,0.34726319133070216,1e-06,0.3653417229652405,0.001,0.3864153869975887,1000.0,0.387396611914239,1000.0,0.38633549213409424
2022-03-28_CO,2022-04-27_CO,CO,30,30,791,-1.7589393854141235,0.020853430032730103,0.09820340573787689,0.061107784509658813,-0.010177522897720337,0.10211323755662263,1e-05,0.17212761178438896,1e-06,0.14968852698802948,0.001,0.21586123281684802,1000.0,0.22254997213887384,10000.0,0.2343927025794983
2023-05-02_RD,2023-06-06_RD,RD,30,35,1191,-1.9266266822814941,0.10011053085327148,0.11067984998226166,0.09897340834140778,0.05971154570579529,0.1863062850281532,1e-05,0.18343188670019422,1e-06,0.23586995899677277,0.001,0.2797824624742062,1000.0,0.2697498391413995,10000.0,0.2760617733001709
2021-10-08_CO,2021-11-02_CO,CO,30,25,620,-0.6710661053657532,0.05202262103557587,0.05745624005794525,0.04206936061382294,0.0250728577375412,0.08388898163375641,1e-05,0.08910354235019746,1e-06,0.1684788465499878,0.001,0.2198710441002798,10000.0,0.2231428028172796,1000.0,0.21987105906009674
2021-06-28_CO,2021-07-27_CO,CO,30,29,518,-0.614572286605835,0.15350793302059174,0.17479123175144196,0.15603545308113098,0.11590245366096497,0.11322556014380497,1e-05,0.22639764830896542,1e-06,0.25486719608306885,0.001,0.298474057820917,1000.0,0.29816479297775533,1000.0,0.293667733669281
2020-06-26_CO,2020-07-31_CO,CO,30,35,151,-0.3290640711784363,0.036493152379989624,0.05713014304637909,0.02907845377922058,0.05676436424255371,0.0933384889853075,1e-05,0.07680116787959201,1e-06,0.1572517305612564,0.001,0.20521594869722842,1000.0,0.20418744890010285,1000.0,0.2255004495382309
2022-03-14_CO,2022-04-11_CO,CO,30,28,777,-1.2805895805358887,0.14490622282028198,0.16858325898647308,0.14574246108531952,0.1471358686685562,0.11697405686358459,1e-06,0.1576789131789555,0.0001,0.22698765993118286,0.001,0.2579556878939765,1000.0,0.2698649127932008,10000.0,0.2660287320613861
2023-04-26_RD,2023-05-19_RD,RD,30,23,1185,-0.34737709164619446,0.09543032944202423,0.09797327220439911,-0.013872399926185608,0.049705177545547485,0.11299813839552264,1e-05,0.18356127246515197,1e-06,0.25168561935424805,0.001,0.2779701312226928,1000.0,0.2777474272900312,1000.0,0.2814912796020508
2022-04-15_RD,2022-05-13_RD,RD,30,28,809,-0.52866530418396,0.19819577038288116,0.22780448198318481,0.22202612459659576,0.22714675962924957,0.19132119532048378,1e-05,0.3171203217640116,1e-06,0.3408704102039337,0.001,0.37221212068227444,1000.0,0.37264848024897695,1000.0,0.3623211681842804
2021-08-25_RD,2021-09-17_RD,RD,30,23,576,-1.691744089126587,0.05164936184883118,0.12647941708564758,0.1381278783082962,0.13337063789367676,-0.12079014886525152,1e-06,0.21570088744026386,1e-06,0.23773780465126038,0.001,0.30658884540427145,1000.0,0.30677198461196276,1000.0,0.3082231879234314
2020-08-11_RD,2020-09-04_RD,RD,30,24,197,-3.5419058799743652,-1.5183393955230713,0.20437350869178772,0.18888415396213531,0.10707686841487885,0.1615060897654909,1e-06,0.2429417635173881,1e-06,0.2694038450717926,0.001,0.3080378512950026,1000.0,0.3185783227434106,10000.0,0.3073635697364807
2021-05-18_CO,2021-06-15_CO,CO,30,28,477,-1.7013057470321655,0.0650831013917923,0.07657988369464874,0.05661991238594055,0.018314480781555176,0.07688353957859503,1e-05,0.16545135780593428,1e-06,0.2193131297826767,0.0001,0.2577186463933093,1000.0,0.25881502951841046,1000.0,0.26311424374580383
2021-10-19_CO,2021-11-16_CO,CO,30,28,631,-2.422846794128418,0.05834569036960602,0.0905718207359314,0.09356671571731567,0.07815064489841461,0.11993379375733593,1e-05,0.1053080628071966,0.0001,0.18565067648887634,0.001,0.2232162706724656,1000.0,0.22415656809736795,10000.0,0.22171247005462646
2022-04-21_RD,2022-05-23_RD,RD,30,32,815,-128.9412078857422,-0.9815959930419922,0.19365835189819336,0.10672874748706818,0.07315978407859802,0.1240506682568927,1e-05,0.29766705426744033,1e-06,0.29147928953170776,0.01,0.34498024443985875,1000.0,0.34664770877689544,1000.0,0.3405154347419739
2022-03-07_CO,2022-04-04_CO,CO,30,28,770,-0.6688437461853027,0.06893005967140198,0.05282874405384064,0.05696365237236023,0.05615769326686859,0.07577007766776508,1e-05,0.07738969695300038,0.0001,0.13173480331897736,0.001,0.2012798844530297,10000.0,0.20328981885718703,10000.0,0.20128031075000763
2022-07-18_CO,2022-08-22_CO,CO,30,35,903,-2.3787152767181396,0.2545262277126312,0.2579388916492462,0.25123703479766846,0.23112799227237701,0.28651313440478354,1e-05,0.2730774067354499,0.0001,0.31730061769485474,0.001,0.3207578200865878,1000.0,0.329641521521312,10000.0,0.31498920917510986
2022-09-09_CO,2022-10-10_CO,CO,30,31,956,-18.650590896606445,0.1950175166130066,0.2350350171327591,0.20926515758037567,0.21679054200649261,0.22076083848251718,1e-05,0.2339842545705358,0.0001,0.2906663119792938,0.001,0.32077467171469454,1000.0,0.3290789522162402,10000.0,0.3094666004180908
2021-03-29_CO,2021-05-03_CO,CO,30,35,427,-5.704176902770996,-0.03905586898326874,0.08642825484275818,0.11228150129318237,0.14461828768253326,0.15717910978179575,1e-06,0.20900757805019238,1e-06,0.2301194965839386,0.001,0.3280241923442918,1000.0,0.3258149343207185,1000.0,0.3426706790924072
2021-07-20_CO,2021-08-19_CO,CO,30,30,540,-1.464836835861206,-0.04028265178203583,-0.05707123875617981,-0.06825888156890869,-0.12590184807777405,-0.06408308339218488,1e-06,0.037942060604060523,1e-06,0.23151633143424988,0.0001,0.29265101699466955,1000.0,0.2927405805535297,1000.0,0.2904476821422577
2022-01-20_CO,2022-02-25_CO,CO,30,36,724,-0.23904883861541748,0.09528827667236328,0.09231741726398468,0.09832346439361572,0.10244786739349365,0.13756292593520436,1e-05,0.13835638247955495,0.0001,0.22408579289913177,0.001,0.2812007846498653,1000.0,0.2816752122350319,1000.0,0.27463680505752563
2022-09-30_RD,2022-11-01_RD,RD,30,32,977,-0.41108763217926025,0.2530853748321533,0.2782191038131714,0.2578912675380707,0.23090440034866333,0.2788631886143694,1e-05,0.3100030554436529,1e-06,0.3360518217086792,0.001,0.35357013535988896,1000.0,0.35932679271310963,10000.0,0.3408643305301666
2021-10-15_CO,2021-11-12_CO,CO,30,28,627,-0.5181840062141418,0.16848990321159363,0.17380672693252563,0.15573441982269287,0.15076549351215363,0.19004454908372795,1e-05,0.21662394689039027,1e-06,0.23448973894119263,0.001,0.2566587678221155,1000.0,0.2656582749942813,10000.0,0.26926034688949585
2022-06-13_CO,2022-07-18_CO,CO,30,35,868,-23.23522186279297,-0.600982666015625,0.24970722198486328,0.22671672701835632,0.2117026299238205,0.23169065472449954,1e-05,0.2504575664584997,1e-06,0.2964276969432831,0.001,0.329534912545944,1000.0,0.3383742985796182,10000.0,0.3307996690273285
2023-02-24_RD,2023-03-28_RD,RD,30,32,1124,-0.49178725481033325,0.08540555834770203,0.10915547609329224,-0.035090625286102295,-0.09821315109729767,-0.04527798681519632,1e-05,0.21229964662385276,1e-06,0.2678833603858948,0.001,0.3108596923111486,1000.0,0.3104167054061431,1000.0,0.3103574514389038
2021-07-29_CO,2021-08-27_CO,CO,30,29,549,-16.161256790161133,-0.014748349785804749,0.020121842622756958,0.0015726685523986816,0.0037233680486679077,-0.044112769785546985,1e-06,0.08835367030916336,1e-06,0.228000670671463,0.0001,0.26213942433506654,1000.0,0.26009867580885926,1000.0,0.2561628222465515
2023-03-28_RD,2023-04-26_RD,RD,30,29,1156,-2.4470014572143555,-0.040482744574546814,0.07977403700351715,0.040880635380744934,0.008142054080963135,0.08875420647404547,1e-06,0.17643037567595263,1e-06,0.2312488555908203,0.001,0.2701866262597027,1000.0,0.2711926001129369,1000.0,0.26028794050216675
2021-10-05_CO,2021-11-02_CO,CO,30,28,617,-0.0666327178478241,0.014465808868408203,0.02413514256477356,0.0004230290651321411,-0.012541905045509338,-0.0010364696495996084,1e-06,0.08091275073824297,1e-05,0.1562952846288681,0.001,0.2198710441002798,10000.0,0.22246798124693004,1000.0,0.21987105906009674
2021-07-21_RD,2021-08-18_RD,RD,30,28,541,-2.1802375316619873,-0.02531018853187561,-0.031094104051589966,-0.1101752519607544,-0.1451549232006073,-0.6030860288138196,1e-06,0.09851022166936621,1e-06,0.24282170832157135,0.0001,0.3069882994811757,1000.0,0.30717095164340646,1000.0,0.3083345890045166
2020-10-23_CO,2020-11-16_CO,CO,30,24,270,-0.8538639545440674,0.15469244122505188,0.24140651524066925,0.20574848353862762,0.20391717553138733,0.169976179863816,1e-06,0.2431442377535392,1e-06,0.32307514548301697,0.001,0.3711205612948775,1000.0,0.3699888384293011,1000.0,0.3846482038497925
2021-10-25_CO,2021-11-23_CO,CO,30,29,637,-1.0916963815689087,0.10315607488155365,0.1535961925983429,0.15603435039520264,0.15058739483356476,0.12033194722705123,1e-05,0.12978235239557567,0.0001,0.17056170105934143,0.001,0.18352222995188258,1000.0,0.20434536445541546,10000.0,0.17815963923931122
2021-07-30_CO,2021-11-29_CO,CO,120,122,550,-1.629657506942749,0.1257663369178772,0.15128964185714722,0.13963133096694946,0.10249392688274384,-0.22607479822780996,1e-06,0.23372881842636192,1e-06,0.2869090735912323,0.001,0.35118401659589943,1000.0,0.3518806864915685,1000.0,0.35860851407051086
2021-08-05_CO,2021-11-29_CO,CO,120,116,556,-0.22776742279529572,-0.0015689879655838013,0.01010635495185852,0.010561332106590271,0.016076073050498962,-0.05226880376256479,1e-05,0.20533266248321114,1e-06,0.2989070415496826,0.0001,0.35118401659589943,1000.0,0.35159546392967134,1000.0,0.35860851407051086
2022-04-06_RD,2022-08-05_RD,RD,120,121,800,-10.76591682434082,0.20734728872776031,0.21988976001739502,0.18253467977046967,0.17027056217193604,0.21238171299800204,1e-05,0.28765902637621094,1e-06,0.32026880979537964,0.001,0.3634102192154395,1000.0,0.3642911451976046,1000.0,0.3541691303253174
2021-07-21_RD,2021-10-29_RD,RD,120,100,541,-0.5342511534690857,0.19212712347507477,0.18180741369724274,0.14951039850711823,-0.012456998229026794,0.18632551357897162,1e-06,0.25580951985118006,1e-06,0.3248558044433594,0.001,0.3790918753250242,1000.0,0.3787498572515187,1000.0,0.37357112765312195
2021-08-27_CO,2021-12-15_CO,CO,120,110,578,-1.705930471420288,0.02845051884651184,0.06852330267429352,0.07561461627483368,0.05526311695575714,0.10626048800737847,1e-05,0.07985074217404634,1e-05,0.15296831727027893,0.001,0.21297005052254925,10000.0,0.20550812733344626,10000.0,0.2129703015089035
2022-04-15_RD,2022-08-11_RD,RD,120,118,809,-14.004216194152832,0.0945989191532135,0.13570576906204224,0.12453998625278473,0.13962657749652863,0.026151762402693235,1e-06,0.2833216519017586,1e-06,0.3146957755088806,0.001,0.3571878145919324,1000.0,0.35728365623209185,1000.0,0.3528800308704376
2020-07-31_CO,2020-12-03_CO,CO,120,125,186,-0.6158049702644348,0.07217516005039215,0.10464555025100708,0.06170608103275299,0.04833956062793732,0.09230306726615597,1e-05,0.1609308347911551,1e-06,0.20312641561031342,0.001,0.3001020186881701,1000.0,0.3007816217817533,1000.0,0.2974454164505005
2022-08-10_RD,2022-11-09_RD,RD,120,91,926,-0.09524981677532196,0.21447084844112396,0.1746777594089508,0.1437688171863556,0.18518635630607605,0.22942486901401132,1e-05,0.24912774684641403,1e-06,0.3035842180252075,0.001,0.33477845134299083,1000.0,0.3336440480469195,1000.0,0.33461523056030273
2021-10-05_CO,2022-01-31_CO,CO,120,118,617,-0.26024484634399414,-0.004749670624732971,0.013019949197769165,0.061881572008132935,0.04982979595661163,-0.32042959089462913,1e-06,0.13401844466622748,1e-06,0.20185959339141846,0.0001,0.28226652367149796,1000.0,0.2829950837119738,1000.0,0.29530709981918335
2023-03-13_RD,2023-06-22_RD,RD,120,101,1141,-0.805987536907196,0.10103799402713776,0.08596135675907135,-0.022169247269630432,0.07538449764251709,-0.19494823650979062,1e-06,0.20760787106933898,1e-06,0.26193928718566895,0.001,0.3075801832785789,1000.0,0.3062371383984366,1000.0,0.30663925409317017
2022-07-18_CO,2022-11-07_CO,CO,120,112,903,-0.028882861137390137,0.17804451286792755,0.18876074254512787,0.17019006609916687,0.14128127694129944,0.18980990688819108,1e-06,0.20770511566703898,1e-06,0.2597198486328125,0.001,0.28935612206074135,1000.0,0.2889182748184955,1000.0,0.2893010377883911
2021-08-12_CO,2021-12-15_CO,CO,120,125,563,-1.094219446182251,0.04763001203536987,0.0606783926486969,0.060332998633384705,0.05981054902076721,0.10654384527185334,1e-05,0.08764531319321892,1e-05,0.1499088555574417,0.001,0.21297005052254925,10000.0,0.2048108946788316,10000.0,0.2129703015089035
2021-08-30_CO,2021-12-15_CO,CO,120,107,581,-0.31460049748420715,0.03895069658756256,0.05349992215633392,0.06829115748405457,0.06641265749931335,0.03202052217752638,1e-06,0.07232585864012292,1e-06,0.15036608278751373,0.001,0.21297005052254925,10000.0,0.20021866339359576,10000.0,0.2129703015089035
2022-02-03_RD,2022-06-02_RD,RD,120,119,738,-9.727385520935059,-0.01434241235256195,0.05737747251987457,0.058680832386016846,0.06200516223907471,0.14575625995112396,1e-05,0.22230952277599916,1e-06,0.26957249641418457,0.001,0.3254968804533219,1000.0,0.3265308634637819,1000.0,0.3250599801540375
2021-09-17_RD,2022-01-19_RD,RD,120,124,599,-5.145780563354492,-0.13703350722789764,0.08941999077796936,0.008412256836891174,-0.05915391445159912,0.08178748276797898,1e-05,0.2104411063722424,1e-06,0.2340932935476303,0.001,0.3339094189685859,1000.0,0.3328571484398256,1000.0,0.3308958411216736
2022-06-13_CO,2022-10-10_CO,CO,120,119,868,-33.303062438964844,0.1271955668926239,0.18826012313365936,0.1455489844083786,0.2052963376045227,0.18153111805645603,1e-05,0.23468876503711172,0.0001,0.28901758790016174,0.001,0.32077467171469454,1000.0,0.3219820746045481,1000.0,0.3094666004180908
2023-02-24_RD,2023-06-22_RD,RD,120,118,1124,-0.6576899290084839,0.09362234175205231,0.09233234822750092,0.022464796900749207,0.026158958673477173,0.11009755214606187,1e-05,0.21495557726311765,1e-06,0.24706636369228363,0.001,0.3075801832785789,1000.0,0.30636954716631504,1000.0,0.30663925409317017
2022-09-09_CO,2022-12-09_CO,CO,120,91,956,-1.5812400579452515,0.1431928426027298,0.15755704045295715,0.1511777639389038,0.1262303739786148,0.17993622619135152,1e-05,0.1950389571934414,1e-06,0.22248712182044983,0.001,0.26932598800552066,1000.0,0.27327329730397276,10000.0,0.2649759352207184
2022-02-09_RD,2022-06-02_RD,RD,120,113,744,-10.204303741455078,-0.04935653507709503,0.011910110712051392,-0.014801576733589172,-0.037185460329055786,-0.033302072877858274,1e-06,0.21937722664449222,1e-06,0.2590867280960083,0.001,0.3254968804533219,1000.0,0.3257721527727603,1000.0,0.3250599801540375
2020-02-24_CO,2020-06-26_CO,CO,120,123,28,-1.827405333518982,-0.02457509934902191,0.035649433732032776,-0.03044813871383667,-0.01367121934890747,0.09320889963240714,1e-05,0.07916171323047705,1e-05,0.15777672827243805,0.001,0.1880386627203175,1000.0,0.1884637461104196,1000.0,0.1938532590866089
2023-01-30_RD,2023-06-06_RD,RD,120,127,1099,-3.091479539871216,0.058951616287231445,0.05312499403953552,0.05147077143192291,0.05754193663597107,0.11663793479705103,1e-05,0.18910792436730448,1e-06,0.23820753395557404,0.001,0.2797824624742062,1000.0,0.27976580648386273,1000.0,0.2760617733001709
2022-04-15_CO,2022-08-10_CO,CO,120,117,809,-5.566714286804199,0.06880822777748108,0.07076659798622131,0.07804928719997406,0.03571362793445587,0.15675936348353633,1e-05,0.21828057580831103,1e-06,0.24237950146198273,0.001,0.2912740442432689,1000.0,0.29136477374773184,1000.0,0.27987152338027954
2020-02-05_CO,2020-06-26_CO,CO,120,142,9,-0.44810885190963745,-0.08247558772563934,-0.07306057214736938,-0.07209698855876923,-0.09024053812026978,-0.04955585773350374,1e-05,0.058494218316415936,1e-06,0.16728992760181427,0.0001,0.1880386627203175,1000.0,0.18748309309717054,1000.0,0.1938532590866089
2021-11-29_CO,2022-03-28_CO,CO,120,119,672,-5.211794376373291,-0.018221497535705566,0.04695834219455719,-0.021289527416229248,-0.008722886443138123,0.09376209725154627,1e-05,0.03196539098160947,1e-06,0.12464489042758942,0.001,0.22771834959032064,1000.0,0.22486380186320024,1000.0,0.2598981261253357
2020-12-04_CO,2021-04-02_CO,CO,120,119,312,-0.6505685448646545,-0.12571045756340027,0.0030586421489715576,-0.030918538570404053,-0.10933704674243927,0.015761940419483172,1e-05,0.10255135973877547,1e-06,0.15814454853534698,0.001,0.25336651425236356,10000.0,0.2165339559427807,10000.0,0.25336742401123047
2020-02-11_CO,2020-06-26_CO,CO,120,136,15,-0.9217888116836548,-0.05133436620235443,-0.05139888823032379,-0.0502360463142395,-0.05167025327682495,0.0968594292291223,1e-05,0.055177464762402595,1e-06,0.14546269178390503,0.001,0.1880386627203175,1000.0,0.18681964888881714,1000.0,0.1938532590866089
2022-06-01_RD,2022-09-30_RD,RD,120,121,856,-1.9635933637619019,0.19123826920986176,0.16057278215885162,0.09521891176700592,0.13588593900203705,-0.2563060271395965,1e-06,0.24224197502040082,1e-06,0.32323145866394043,0.001,0.36037885327757635,1000.0,0.36139749717655784,1000.0,0.3610132932662964
2022-03-14_CO,2022-07-18_CO,CO,120,126,777,-3.8277323246002197,-0.19201406836509705,0.16322271525859833,0.1458398848772049,0.13197362422943115,0.18312871015351312,1e-05,0.2076202878179769,1e-06,0.2708188593387604,0.001,0.329534912545944,1000.0,0.32988370375568066,1000.0,0.3307996690273285
2020-10-23_CO,2021-02-23_CO,CO,120,123,270,-5.094261646270752,-0.10220418870449066,0.07501427829265594,0.05833110213279724,0.054197221994400024,-0.007459089676385644,1e-06,0.12314577504848326,1e-06,0.19992932677268982,0.001,0.2427001171332165,1000.0,0.24240584108404006,1000.0,0.2446974515914917
2022-01-20_CO,2022-05-13_CO,CO,120,113,724,-1.6699306964874268,0.1094195693731308,0.13494189083576202,0.09235882759094238,0.08856004476547241,0.06539267819492425,1e-06,0.22971403645816904,1e-06,0.2527170181274414,0.0001,0.28790778506916104,1000.0,0.2891980117608637,1000.0,0.28127890825271606
2021-07-30_CO,2022-11-07_CO,CO,480,465,550,-1.3473154306411743,-0.012649193406105042,-0.022679880261421204,-0.008918792009353638,0.0061879754066467285,-0.26181376416052604,1e-06,0.06780450057214352,1e-06,0.22518174350261688,0.0001,0.28935612206074135,1000.0,0.2891463097926653,1000.0,0.2893010377883911
2020-08-11_RD,2021-10-29_RD,RD,480,444,197,-3.0016298294067383,0.11114321649074554,0.11494579911231995,0.09564769268035889,0.05218467116355896,0.14529151363054574,1e-05,0.24244909635359344,1e-06,0.32074862718582153,0.0001,0.3790918753250242,1000.0,0.37880591810508946,1000.0,0.37357112765312195
2020-08-08_RD,2021-10-29_RD,RD,480,447,194,-0.2788161039352417,0.12162606418132782,0.11450386047363281,0.06601284444332123,0.05131947994232178,0.11494942459536078,1e-05,0.24084089836947564,1e-06,0.32883185148239136,0.0001,0.3790918753250242,1000.0,0.37867167069137786,1000.0,0.37357112765312195
2021-11-23_CO,2022-12-09_CO,CO,480,381,666,-4.050708293914795,0.07905411720275879,0.0872647762298584,0.08204585313796997,0.07052414119243622,0.12454680286978326,1e-05,0.14278323097060516,1e-06,0.22824913263320923,0.0001,0.26932598800552066,1000.0,0.2686376801038618,1000.0,0.2649759352207184
2020-02-04_CO,2021-06-01_CO,CO,480,483,8,-0.9547111392021179,-0.05105820298194885,-0.08424481749534607,-0.05209776759147644,-0.03052419424057007,0.10924379780692459,1e-06,0.1341408583551655,1e-06,0.22922521829605103,0.0001,0.2914936631354415,1000.0,0.2900033621392245,1000.0,0.28479892015457153
2021-07-29_CO,2022-11-07_CO,CO,480,466,549,-3.9347949028015137,0.02307024598121643,-0.03806179761886597,-0.03435449302196503,-0.050212204456329346,0.07577348788039681,1e-05,0.04868395434024911,1e-06,0.22375333309173584,0.0001,0.28935612206074135,1000.0,0.2891975478957251,1000.0,0.2893010377883911
2021-10-15_CO,2022-12-09_CO,CO,480,420,627,-2.716465711593628,0.05711071193218231,0.06504356861114502,0.03895777463912964,0.019673332571983337,0.13921882318945109,1e-05,0.16865849862160526,1e-06,0.2313166856765747,0.0001,0.26932598800552066,1000.0,0.26959697134542593,1000.0,0.2649759352207184
2021-08-25_RD,2023-01-10_RD,RD,480,503,576,-3.8252205848693848,-0.2604586184024811,-0.0014538615942001343,0.022403210401535034,0.017296403646469116,0.030344469674681657,1e-05,0.16987795002832182,1e-06,0.27100062370300293,0.0001,0.30740555326846897,1000.0,0.3069011568170621,1000.0,0.3054942786693573
2021-07-19_RD,2022-11-09_RD,RD,480,478,539,-0.028334423899650574,0.01528102159500122,0.0037802308797836304,-0.0324312299489975,-0.024864286184310913,0.09044503996963796,1e-06,0.16290845605681767,1e-06,0.27727097272872925,0.0001,0.33477845134299083,1000.0,0.3334710159369727,1000.0,0.33461523056030273
2020-02-11_CO,2021-06-01_CO,CO,480,476,15,-1.0330532789230347,-0.03215344250202179,-0.06548410654067993,-0.07142791152000427,-0.06399095058441162,0.08970288241788463,1e-06,0.15193296123138966,1e-06,0.24027632176876068,0.0001,0.2914936631354415,1000.0,0.2909717484229174,1000.0,0.28479892015457153
2021-08-30_CO,2022-12-09_CO,CO,480,466,581,-0.3014281988143921,0.034301549196243286,0.05124334990978241,0.03268773853778839,0.02622140944004059,0.09606556398314156,1e-05,0.11576395462328273,1e-06,0.21191753447055817,0.0001,0.26932598800552066,1000.0,0.26879493423379464,1000.0,0.2649759352207184
2021-09-17_RD,2023-01-10_RD,RD,480,480,599,-0.5815731287002563,-0.08089412748813629,-0.052814289927482605,-0.024794667959213257,-0.13882742822170258,0.09648412769450782,1e-05,0.20256699634884615,1e-06,0.22936657071113586,0.001,0.30740555326846897,1000.0,0.30691614437857917,1000.0,0.3054942786693573
2021-07-28_RD,2022-11-09_RD,RD,480,469,548,-0.6067573428153992,0.014220058917999268,-0.01934117078781128,-0.06703531742095947,-0.027720704674720764,0.1431213128115849,1e-06,0.14692899231604678,1e-06,0.2818852663040161,0.0001,0.33477845134299083,1000.0,0.33362959235179424,1000.0,0.33461523056030273
2021-09-07_CO,2022-12-09_CO,CO,480,458,589,-6.511353015899658,-0.014801621437072754,-0.01004105806350708,-0.07389286160469055,-0.027616173028945923,0.10682671950121492,1e-06,0.09285409964158095,1e-06,0.22206632792949677,0.0001,0.26932598800552066,1000.0,0.2683753117040467,1000.0,0.2649759352207184
2021-04-15_CO,2022-08-08_CO,CO,480,480,444,-11.06401252746582,-0.17662368714809418,-0.04346778988838196,-0.008802354335784912,-0.0022370368242263794,-0.06451606286161221,1e-05,0.23669825542488385,1e-06,0.2702571749687195,0.0001,0.35319419103520056,1000.0,0.3530465806904227,1000.0,0.3513706922531128
2020-02-28_RD,2021-06-24_RD,RD,480,482,32,-0.293612003326416,0.03904178738594055,-0.010508731007575989,0.0554819256067276,0.07151617109775543,0.10050562594303913,1e-06,0.20867786790122222,1e-06,0.2613788843154907,0.001,0.34885654008425704,1000.0,0.34923485789018555,1000.0,0.3411526679992676
2020-12-12_RD,2022-04-06_RD,RD,480,480,320,-1.5240554809570312,-0.0445655882358551,0.024703696370124817,-0.01519671082496643,0.014070585370063782,0.026528518547518393,1e-05,0.12230250988287325,1e-05,0.17916472256183624,0.001,0.25515535691328,1000.0,0.25351613996327194,1000.0,0.28432267904281616
2022-04-06_RD,2023-06-22_RD,RD,480,442,800,-0.4873383641242981,0.042502909898757935,0.042671918869018555,0.016566172242164612,0.02588130533695221,-0.11710095788279479,1e-06,0.17227991255337866,1e-06,0.2448195368051529,0.001,0.3075801832785789,1000.0,0.30722388205736295,1000.0,0.30663925409317017
2022-04-21_RD,2023-06-22_RD,RD,480,427,815,-0.1306791454553604,0.01312418282032013,0.006155028939247131,-0.20184262096881866,-0.40689796209335327,0.07824068865766651,1e-05,0.18384979052337216,1e-06,0.2342958003282547,0.001,0.3075801832785789,1000.0,0.3061972709260501,1000.0,0.30663925409317017
2021-08-05_CO,2022-12-09_CO,CO,480,491,556,-0.31165897846221924,-0.07988110184669495,-0.08925068378448486,-0.07157988846302032,-0.05498528480529785,0.006680901044727544,1e-05,0.10263188222870365,1e-06,0.2226124405860901,0.0001,0.26932598800552066,1000.0,0.2696866483670989,1000.0,0.2649759352207184
2021-01-08_CO,2022-04-29_CO,CO,480,476,347,-0.8143397569656372,0.07503151893615723,0.023385852575302124,0.05511930584907532,0.04558682441711426,0.0028948190974078247,1e-05,0.11378857849082963,1e-06,0.13078831136226654,0.001,0.2176258752507119,1000.0,0.21768433906709383,1000.0,0.22802050411701202
2021-08-12_CO,2022-12-09_CO,CO,480,484,563,-0.4685189127922058,-0.03500427305698395,-0.0472840815782547,-0.04528975486755371,-0.011943697929382324,0.0059857072590488725,1e-06,0.09382787067583587,1e-06,0.22126342356204987,0.0001,0.26932598800552066,1000.0,0.26875200819046363,1000.0,0.2649759352207184
2021-08-27_CO,2022-12-09_CO,CO,480,469,578,-3.4398536682128906,-0.002148658037185669,0.010823220014572144,-0.012706562876701355,-0.00586053729057312,-0.11886927645677281,1e-06,0.10690400852872234,1e-06,0.2150186002254486,0.0001,0.26932598800552066,1000.0,0.26939883513603025,1000.0,0.2649759352207184
2021-03-29_CO,2022-07-25_CO,CO,480,483,427,-8.726496696472168,-0.8990414142608643,0.0001173168420791626,-0.03513072431087494,-0.0383739173412323,0.11259508408874994,1e-05,0.16167604626055493,1e-06,0.223519966006279,0.0001,0.2825998883739452,1000.0,0.2861247202602971,1000.0,0.2681819200515747
2021-11-29_CO,2022-12-09_CO,CO,480,375,672,-6.053351402282715,0.0896332859992981,0.10710477828979492,0.07281723618507385,0.01092885434627533,0.11131065065719056,1e-05,0.11108518959921415,1e-06,0.19299831986427307,0.001,0.26932598800552066,1000.0,0.2690550991828242,1000.0,0.2649759352207184
2021-06-28_CO,2022-10-27_CO,CO,480,486,518,-7.133821487426758,-0.16314224898815155,-0.12674157321453094,-0.09416598081588745,-0.05541336536407471,-0.024499968320494586,1e-06,0.11834563373846735,1e-06,0.25095632672309875,0.0001,0.31318439321847924,1000.0,0.31004707059992975,1000.0,0.3108123242855072
2022-02-03_RD,2023-06-06_RD,RD,480,488,738,-1.158576488494873,0.028891101479530334,0.04031822085380554,0.039933741092681885,0.015203550457954407,0.07569852626330917,1e-05,0.19128413939593877,1e-06,0.24248990416526794,0.001,0.2797824624742062,1000.0,0.2803582134218339,1000.0,0.2760617733001709
2020-06-26_CO,2021-10-19_CO,CO,480,480,151,-0.3876248598098755,0.03891757130622864,-0.009561285376548767,0.016882821917533875,-0.0008807182312011719,0.1026596937020689,1e-05,0.217102537821142,1e-06,0.3145168721675873,0.0001,0.36517634613184247,1000.0,0.36543805290776965,1000.0,0.35784029960632324
2020-12-04_CO,2022-03-28_CO,CO,480,479,312,-4.329702377319336,0.006372779607772827,-0.023989543318748474,-0.00693550705909729,-0.003667116165161133,-0.038484256505090825,1e-05,0.05943939677984239,1e-06,0.11693403124809265,0.0001,0.22771834959032064,1000.0,0.22387418768578385,1000.0,0.2598981261253357
2021-07-26_RD,2022-11-09_RD,RD,480,471,546,-0.27864325046539307,0.060995250940322876,-0.007255375385284424,-0.15124055743217468,-0.18623970448970795,0.13160104625298794,1e-05,0.159317227454169,1e-06,0.2768084406852722,0.0001,0.33477845134299083,1000.0,0.3338211751105318,1000.0,0.33461523056030273
