participant,day,days,block,ae,kl_neural,kl_output,kl_sum,log_kl,log_kl_neural,log_kl_output
T11,658,0,Block_05,27.00415802001953,0.7791777638573878,9.169364115990675e-06,0.7791869332215038,-0.24950301288575588,-0.24951478080165562,-11.49613087532658
T11,658,0,Block_05,30.675004959106445,0.5490741024685013,1.391319455290585e-05,0.5490880156630542,-0.5994947091533545,-0.599520048161111,-11.113264196409016
T11,658,0,Block_05,27.71125602722168,0.5951436822601277,1.2857039862979036e-05,0.5951565392999907,-0.518929136549652,-0.5189507395335508,-11.18671716111235
T11,658,0,Block_05,30.207490921020508,0.9113141824045696,2.503355364691373e-05,0.9113392159582165,-0.09283899813640269,-0.09286646745799905,-10.556124327072986
T11,658,0,Block_05,34.156681060791016,0.6698284805773138,3.068572312070472e-05,0.6698591663004345,-0.4006862953937418,-0.4007321055904506,-10.35964435327138
T11,658,0,Block_07,31.014266967773438,1.0909064568252118,5.862485648044924e-06,1.0909123193108599,0.08701525301707276,0.08700987907828532,-11.889440842490385
T11,658,0,Block_07,20.955228805541992,0.9110994194933033,4.0054595412009064e-05,0.9111394740887153,-0.09305819592696567,-0.09310215783733607,-10.100607781632032
T11,658,0,Block_07,18.80869483947754,1.1446099279924864,8.715386975666206e-06,1.144618643379462,0.13507239263090973,0.1350647783808777,-11.541799643126714
T11,658,0,Block_07,22.688007354736328,1.1994101461046922,6.228623655069043e-06,1.1994163747283473,0.1818359178307296,0.18183072477620238,-11.837461905742716
T11,658,0,Block_07,17.925517082214355,2.843212193725604,2.7621643592823375e-05,2.8432398153691967,1.0449445337489471,1.0449348188568373,-10.461347357363888
T11,665,7,Block_06,18.90535259246826,10.153871189899986,1.5226490566178086e-06,10.153872712549042,2.3178552792358293,2.3178551292783633,-12.890200995634785
T11,665,7,Block_06,15.715902328491211,10.254433489771348,5.745133790924228e-06,10.254439234905139,2.3277108054324183,2.3277102451741043,-11.9066892329306
T11,665,7,Block_06,18.546865463256836,10.564141333797135,1.5101274331463799e-05,10.564156435071467,2.3574668973029618,2.357465467819804,-11.036612138083537
T11,665,7,Block_06,21.124709129333496,10.391463577728178,1.566610218262099e-05,10.39147924383036,2.3409862630896336,2.3409847554974887,-11.002133710820548
T11,665,7,Block_06,18.329928398132324,10.351809452280861,4.4784787755602906e-05,10.351854237068617,2.337165753606344,2.337161427339834,-9.9915586670907
T11,665,7,Block_07,20.322113037109375,10.727458487947592,2.445110447002463e-05,10.727482939052063,2.3728090407071307,2.3728067614091635,-10.57875141826599
T11,665,7,Block_07,21.4711856842041,10.287407178048767,9.936969781243477e-06,10.287417115018549,2.330921606313532,2.3309206403787877,-11.423361784599049
T11,665,7,Block_07,17.615232467651367,10.239191495895074,5.3660121714926845e-06,10.239196861907246,2.326223282744989,2.3262227586791733,-11.96453731715322
T11,665,7,Block_07,22.994014739990234,10.489312766326915,2.104178946638058e-06,10.489314870505861,2.3503572029798314,2.3503570023776965,-12.682761306970592
T11,665,7,Block_07,26.06419277191162,10.42561027175196,1.211559250968719e-05,10.42562238734447,2.3442665632442665,2.3442654011459343,-11.241708767649373
T11,672,14,Block_19,22.85059356689453,23.232503381640203,4.983452333462424e-06,23.232508365092535,3.145552563552366,3.1455523490489394,-12.02651284329491
T11,672,14,Block_19,28.346559524536133,23.679120004243977,4.837498799759032e-06,23.679124841742777,3.164593893867469,3.1645936895736395,-12.05120814057801
T11,672,14,Block_19,29.745763778686523,22.385705185019205,4.134740113848068e-06,22.385709319759318,3.1084228231420976,3.108422638437639,-12.179481326604915
T11,672,14,Block_19,26.60894775390625,22.56622747118339,4.1592869237661034e-06,22.566231630470313,3.116454657555714,3.116454473241062,-12.17471218108893
T11,672,14,Block_19,24.754329681396484,23.297333141336477,1.547316968153467e-05,23.29734861450616,3.1483396036512024,3.1483389394908974,-11.013777580467602
T11,672,14,Block_20,21.235218048095703,22.634569754839383,5.442765748320255e-06,22.63457519760513,3.1194786573905766,3.1194784169280934,-11.952552646016407
T11,672,14,Block_20,21.695537567138672,22.03089465372526,2.056201065414598e-06,22.030896709926324,3.092445909413264,3.092445816080655,-12.698337895167699
T11,672,14,Block_20,23.08332061767578,21.381272636748776,2.0624259362556074e-05,21.38129326100814,3.0625164398267866,3.0625154752327326,-10.7416947548632
T11,672,14,Block_20,20.540475845336914,21.072330027751224,9.168438959150649e-06,21.072339196190185,3.0479612893367296,3.0479608542431014,-11.49622185436077
T11,672,14,Block_20,25.047101974487305,21.500786830622094,1.3328714858928947e-05,21.500800159336954,3.068090197664335,3.068089577747017,-11.153245002007056
T11,675,17,Block_06,21.0849609375,58.95785271021923,5.0073362141134226e-06,58.95785771755544,4.076822929676729,4.0768228447459585,-12.022529133275748
T11,675,17,Block_06,19.029842376708984,60.66320810833632,7.941637670150214e-06,60.66321604997399,4.105337534978376,4.105337404064808,-11.624791800974537
T11,675,17,Block_06,22.393810272216797,61.61340043833076,1.0524328564187613e-06,61.613401490763614,4.120879419775929,4.120879402694697,-13.09648470922738
T11,675,17,Block_06,20.96089458465576,60.33096222529786,1.0454739126863899e-05,60.330972680036986,4.099845631557259,4.099845458267498,-11.377107016053287
T11,675,17,Block_06,17.44112777709961,60.48398788898407,5.598291513919662e-06,60.48399348727558,4.102378776106903,4.102378683548667,-11.928699803969646
T11,675,17,Block_07,16.191819190979004,61.27056237522885,2.2928132160870973e-05,61.27058530336101,4.115299895866922,4.115299521655774,-10.640455713379104
T11,675,17,Block_07,15.576680183410645,61.12057587844287,1.4520889300762008e-05,61.12059039933217,4.112848820847646,4.112848583269922,-11.073323744543972
T11,675,17,Block_07,17.16764259338379,94.69345124964583,0.00011038762109727429,94.69356163726692,4.550646021506317,4.550644855770417,-9.102494357854896
T11,675,17,Block_07,22.527698516845703,160.70487449553656,0.0009339002745623048,160.70580839581112,5.079575422655148,5.079569611396727,-6.9750706925861135
T11,675,17,Block_07,23.731462478637695,61.630673472977044,7.112547137033687e-06,61.63068058552418,4.121159824227036,4.121159708821083,-11.722098665530769
T11,689,31,Block_13,42.553544998168945,137.56483776280896,1.0771897534844754e-05,137.5648485347065,4.924095438902433,4.924095360598288,-11.349795431772558
T11,689,31,Block_13,36.6617317199707,133.82790959339687,1.6040612870860116e-05,133.82792563400974,4.896554845153039,4.896554725293051,-10.979911070610115
T11,689,31,Block_13,33.32490158081055,133.99707069599953,6.964807882603452e-05,133.99714034407836,4.897818466470207,4.897817946697201,-9.557799642040914
T11,689,31,Block_13,38.07171821594238,135.67341567949398,1.845375730002985e-05,135.67343413325128,4.910250785947086,4.910250649931081,-10.847470329176739
T11,689,31,Block_13,32.47291946411133,134.31105359492895,2.4062620770592957e-05,134.31107765754973,4.900158591992523,4.900158412836617,-10.59413303413232
T11,689,31,Block_14,49.00275993347168,132.63611516644144,7.234962324353944e-06,132.63612240140375,4.887609464492782,4.887609409945331,-11.70712176940841
T11,689,31,Block_14,40.49381637573242,134.14521924563047,7.243554522329276e-05,134.1452916811757,4.89892348629082,4.898922946312388,-9.519102472216082
T11,689,31,Block_14,42.93891525268555,141.08779972211335,3.1181033575578e-05,141.0878309031469,4.949382617742144,4.949382396737706,-10.34413329834597
T11,689,31,Block_14,28.27091407775879,134.49978068840488,3.4860483992815716e-05,134.49981554888888,4.901562835092182,4.90156257590604,-10.235874593146194
T11,689,31,Block_14,35.11273193359375,134.91912023504239,1.7998735465596383e-05,134.91913823377786,4.90467563034637,4.90467549694249,-10.871138135454974
T11,692,34,Block_06,22.5449275970459,76.64496536748011,2.237541167371404e-05,76.64498774289179,4.339184224744706,4.339183932808921,-10.663825871234916
T11,692,34,Block_06,22.975725173950195,77.75093335080963,2.669653125675353e-05,77.75096004734088,4.353510911720454,4.353510568360893,-10.494203378000295
T11,692,34,Block_06,22.456247329711914,77.37569636550064,3.127876199204849e-05,77.37572764426264,4.348673148010664,4.348672743765446,-10.341101067465013
T11,692,34,Block_06,28.846054077148438,77.90795645021922,2.3493948607011816e-05,77.90797994416782,4.355528398773587,4.355528097213313,-10.617084466554209
T11,692,34,Block_06,26.0538272857666,76.11798817096529,1.8361743195249858e-05,76.11800653270849,4.332284866739973,4.332284625512621,-10.852211439092342
T11,692,34,Block_07,25.626638412475586,76.63977255607432,2.641646286694055e-05,76.63979897253719,4.339116523697523,4.339116179014116,-10.504366890439192
T11,692,34,Block_07,23.27289867401123,77.5648517829165,2.8581231803492813e-05,77.56488036414831,4.35111476501275,4.351114396531079,-10.428370458428562
T11,692,34,Block_07,29.45428466796875,75.50406983611566,1.8601039132093433e-05,75.50408843715479,4.32418681951865,4.324186573160584,-10.839927976189609
T11,692,34,Block_07,20.60316562652588,74.84972498485568,3.001073440689339e-05,74.84975499559009,4.315482850948368,4.315482450001965,-10.38117714222705
T11,692,34,Block_07,21.017996788024902,77.69707934346214,1.907080987173515e-05,77.697098414272,4.352817926101149,4.3528176806503875,-10.816244043616642
T11,702,44,Block_09,24.928098678588867,137.99325711842076,2.725878317733077e-06,137.99325984429908,4.927204849503163,4.927204829749456,-12.500207943931386
T11,702,44,Block_09,27.514801025390625,146.53001687433658,2.635746385504234e-05,146.53004323180045,4.987230487511626,4.98723030763407,-10.506521164863043
T11,702,44,Block_09,21.472158432006836,154.7416242123306,4.96090442680952e-06,154.74162917323503,5.041756823983969,5.041756791924694,-12.030288338935117
T11,702,44,Block_09,32.053428649902344,150.03141059716106,5.976356472814359e-06,150.03141657351753,5.010844722654681,5.010844682820647,-11.87298377277577
T11,702,44,Block_09,38.91262626647949,164.79024955016342,1.9202970108267436e-05,164.79026875313355,5.104673572972167,5.104673456442403,-10.809680929302965
T11,702,44,Block_10,21.73487949371338,168.14993772452442,0.00038635951091681164,168.15032408403533,5.12485837148227,5.124856073776604,-7.856157327381654
T11,702,44,Block_10,51.46760177612305,173.96187882433333,0.0004046008840141724,173.96228342521735,5.158838519542602,5.15883619374333,-7.810140926167555
T11,702,44,Block_10,39.33252716064453,165.00615683559917,1.5653076351540562e-05,165.00617248867553,5.105982888283536,5.105982793419951,-11.002915592746637
T11,702,44,Block_10,32.69120216369629,165.94284025121578,1.1236238228740092e-05,165.94285148745402,5.111643466960963,5.111643399249469,-11.311108662370204
T11,702,44,Block_10,28.942264556884766,156.11418284975477,1.0016571446946898e-05,156.11419286632622,5.050587751423085,5.050587687261259,-11.41610992361438
T11,709,51,Block_06,25.929149627685547,364.45611152805697,3.774443954718265e-06,364.4561153025009,5.898406149968924,5.89840613961255,-12.252233040085985
T11,709,51,Block_06,30.742279052734375,363.51995541117077,1.0573539682923183e-05,363.51996598471044,5.895834225271619,5.895834196185074,-11.366789127253515
T11,709,51,Block_06,33.39095497131348,356.9744868557495,1.1587841596494286e-05,356.9744984435911,5.877664349098389,5.877664316637129,-11.28277916253256
T11,709,51,Block_06,30.125295639038086,356.2701779086758,4.9851250873977904e-05,356.2702277599267,5.875689512454801,5.875689372529401,-9.886605836480662
T11,709,51,Block_06,25.139301300048828,351.16747000541716,1.281891406179625e-05,351.1674828243312,5.861263271553012,5.861263235049307,-11.189472320006155
T11,709,51,Block_07,28.68637466430664,349.65907206588594,9.046681901381248e-06,349.65908111256783,5.856958628680454,5.856958602807589,-11.508268137040236
T11,709,51,Block_07,27.81875514984131,347.5528252121163,3.712385104837068e-05,347.55286233596735,5.850916778142876,5.850916671327894,-10.17467045992699
T11,709,51,Block_07,32.68399620056152,348.9003192892286,2.9038047848928272e-05,348.90034832727645,5.854786349416866,5.854786266189523,-10.41304571823561
T11,709,51,Block_07,38.941884994506836,350.22583879626535,5.109156613958277e-05,350.2258898878315,5.858578348837473,5.858578202955711,-9.862507500627611
T11,709,51,Block_07,63.858909606933594,349.20846730476086,0.00015221693595535157,349.2086195216968,5.85566951014899,5.8556690742577775,-8.78365575875633
T11,715,57,Block_10,50.16665267944336,443.17451934927357,4.196547294910147e-05,443.17456131474654,6.093963738286671,6.093963643593793,-10.055113719483542
T11,715,57,Block_10,35.85355758666992,441.4588945485182,2.2243041646774486e-05,441.45891679155983,6.090084964279716,6.090084913894411,-10.669504754735005
T11,715,57,Block_10,54.45787811279297,442.2905848676162,4.070267579425746e-05,442.290625570292,6.0919671921792045,6.091967100152209,-10.084945263490182
T11,715,57,Block_10,34.67831039428711,445.775024842765,8.010717836981485e-05,445.77510494994334,6.099814578095913,6.099814398392774,-9.419739088185132
T11,715,57,Block_10,37.38788032531738,445.3039014736131,3.765480552342382e-05,445.3039391284186,6.0987570605445605,6.098756975984771,-10.160839456289118
T11,715,57,Block_11,38.20747756958008,443.39110381155524,2.6263815055216355e-05,443.3911300753703,6.09445229489685,6.094452235662882,-10.509950190819824
T11,715,57,Block_11,67.59000396728516,441.28553197301017,0.00011794164557610287,441.2856499146557,6.089692400257752,6.0896921329894615,-9.036877558435117
T11,715,57,Block_11,43.73092269897461,442.4727444453454,2.6665044249973846e-05,442.47277111038966,6.092378930600894,6.092378870337197,-10.49534088212248
T11,715,57,Block_11,71.35203170776367,441.0913252356933,0.0002398681989452811,441.09156510389226,6.089252486782765,6.089251942976711,-8.331260666417014
T11,715,57,Block_11,70.62639617919922,450.3449226559388,0.0001821581068357503,450.3451048140456,6.110014190654425,6.110013786168751,-8.605160806351584
T11,727,69,Block_08,52.55289268493652,467.2688408752134,0.00015825089599896813,467.2689991261094,6.146905109235216,6.146904770563225,-8.745029637160682
T11,727,69,Block_08,91.8228988647461,468.91121365315433,0.00046268724109577164,468.91167634039545,6.150414429475778,6.15041344274951,-7.676300282373986
T11,727,69,Block_08,110.95693588256836,470.589411811096,0.0004730585245793506,470.58988486962056,6.153986984072549,6.1539859788262055,-7.654179774314249
T11,727,69,Block_08,93.17205810546875,470.0919976565853,0.0007516395289730582,470.0927492961143,6.152930016290481,6.152928417371696,-7.191924157967308
T11,727,69,Block_08,68.40116882324219,468.3904314673483,0.00024921419893519925,468.3906806815473,6.149302737592173,6.1493022055272215,-8.293193211201178
T11,727,69,Block_09,95.41948699951172,471.3101775675496,0.0006821373300116562,471.3108597048796,6.155517877807775,6.155516430487374,-7.2888146497739905
T11,727,69,Block_09,79.37696075439453,469.49812369618684,0.00043744268312817525,469.49856113886995,6.15166523610661,6.151664304383018,-7.732281465919723
T11,727,69,Block_09,82.3951187133789,471.5619033781656,0.00013012681736146448,471.56203350498294,6.156050661828444,6.156050385879945,-8.939345631580546
T11,727,69,Block_09,75.82408905029297,466.95686002667907,0.00023077455052167295,466.9570908012296,6.146237372936339,6.146236878726889,-8.369745423760465
T11,727,69,Block_09,118.70076751708984,461.3036383767882,0.0009524251907722103,461.3045908019789,6.134058544561445,6.134056479925214,-6.955449593503366
T11,751,93,Block_16,23.30023956298828,225.45839891178682,4.370994260760597e-06,225.45840328278106,5.418135681984584,5.418135662597441,-12.1344975156022
T11,751,93,Block_16,24.414106369018555,223.71819492103955,2.2110951070963836e-05,223.71821703199063,5.410387304750874,5.410387205916938,-10.675203980437217
T11,751,93,Block_16,24.612680435180664,225.2469033638142,5.450153415686998e-06,225.24690881396762,5.417197177477439,5.417197153281087,-11.951406642061631
T11,751,93,Block_16,30.144309997558594,223.4872992111159,2.1169942913346063e-05,223.48732038105882,5.409354684843025,5.4093545901175455,-10.71677310928993
T11,751,93,Block_16,19.11219596862793,225.15519757769044,5.532172398403645e-06,225.15520310986284,5.416789960448313,5.416789935877829,-11.938770990307274
T11,758,100,Block_16,112.18913650512695,532.3047791109144,0.0018943505372543967,532.3066734614516,6.277219779009459,6.277216220245313,-6.268351477472978
T11,758,100,Block_16,123.28365707397461,540.7767590142441,0.002225035021554689,540.7789840492657,6.293010664967188,6.293006550458932,-6.107533293298957
T11,758,100,Block_16,121.9437255859375,536.1889884006509,0.0020781054069303195,536.1910665060578,6.284490566778461,6.284486691090185,-6.175817570607318
T11,758,100,Block_16,116.07113647460938,537.2439579201331,0.0014569917193316684,537.2454149118524,6.286455002981523,6.286452291011067,-6.530695324882534
T11,758,100,Block_16,137.3692169189453,538.3756682178998,0.0022064158084225127,538.3778746337083,6.288560684681038,6.288556586406518,-6.115932765093413
T11,758,100,Block_18,92.45652770996094,536.2423474448996,0.0003546246847037082,536.2427020695843,6.284586862820199,6.284586201506209,-7.941634639681729
T11,758,100,Block_18,116.95417785644531,537.149435307401,0.0015549075768621634,537.1509902149778,6.286279230433343,6.286276335698244,-6.465696252893556
T11,758,100,Block_18,136.63397979736328,533.9042459374991,0.0016095287402650982,533.9058554662394,6.280219524665382,6.280216510030598,-6.431192743798014
T11,758,100,Block_18,136.894775390625,534.7953677422108,0.002489654669208363,534.7978573968801,6.281888840726277,6.28188418539637,-5.995209683701971
T11,758,100,Block_18,129.18719482421875,536.1680365800958,0.002568276448782214,536.1706048565445,6.2844524049343296,6.284447614886961,-5.964130957152941
T11,770,112,Block_05,99.00407409667969,331.99189809901264,0.0011239686416635308,331.9930220676543,5.805113953839211,5.805110568314618,-6.790000117791104
T11,770,112,Block_05,132.56195068359375,334.6169449813757,0.0020417137240444916,334.61898669509975,5.812992534387656,5.812986432761544,-6.193476098249262
T11,770,112,Block_05,121.76051330566406,333.568792826479,0.0025360211625011786,333.5713288476415,5.80985672508768,5.809849122423493,-5.976764656854186
T11,770,112,Block_05,117.26216125488281,330.0676342295287,0.001520241617399165,330.06915447114613,5.799302194539246,5.799297588701066,-6.488228424015162
T11,770,112,Block_05,116.16322708129883,330.6544789932073,0.0016597868608485555,330.65613878006815,5.801078982767472,5.801073963078354,-6.400463776362779
T11,770,112,Block_06,107.77955627441406,311.95675447723227,0.001724251944324351,311.9584787291766,5.7428701011627465,5.742864573963387,-6.3623821844829775
T11,770,112,Block_06,75.87488555908203,321.31955863147795,0.00028974411214921503,321.3198483755901,5.772437042537887,5.772436140806347,-8.143067017332145
T11,770,112,Block_06,89.73326873779297,314.96465707052107,0.0003541537057163424,314.96501122422677,5.7524615603526055,5.752460435929603,-7.942959888346136
T11,770,112,Block_06,89.07934951782227,313.72468043684256,0.00022553829147220483,313.72490597513405,5.748516509479105,5.7485157905742055,-8.392596570057329
T11,770,112,Block_06,93.8141098022461,319.8671464211742,0.0004316382234286209,319.8675780593976,5.767907094709153,5.7679057452803795,-7.745608690908426
T11,783,125,Block_12,105.8298568725586,491.2196810674366,0.00045813312787323923,491.2201392005645,6.196892378029352,6.196891445385708,-7.686170351017372
T11,783,125,Block_12,97.27228546142578,488.27096739223856,0.0006915866181458341,488.2716589788567,6.1908719312487,6.190870514850484,-7.275077247369681
T11,783,125,Block_12,99.86879348754883,488.56719787722875,0.0006933274946021584,488.56789120472337,6.191478442797675,6.191477023695033,-7.27256681452512
T11,783,125,Block_12,112.62356185913086,489.1272387861903,0.0007024386291396567,489.12794122481944,6.192624095794508,6.192622659689405,-7.25952992169041
T11,783,125,Block_12,122.08032989501953,488.65853033479414,0.0006094239289353709,488.6591397587231,6.1916651927568696,6.191663945621069,-7.401356876705771
T11,783,125,Block_14,110.2806396484375,490.6232696819335,0.0006875317310139906,490.6239572136645,6.195677965148257,6.19567656380574,-7.280949153691256
T11,783,125,Block_14,99.40011596679688,490.9390911479719,0.00044255236880275106,490.9395337003407,6.19632097296146,6.196320071521391,-7.720694682457884
T11,783,125,Block_14,125.96379852294922,489.3086176637535,0.0008678928864167545,489.3094855566399,6.192995186123973,6.192993412412896,-7.048290701036325
T11,783,125,Block_14,113.23266220092773,487.92384625943293,0.000885246098939696,487.9247315055319,6.190161157288457,6.190159342978087,-7.028515881888193
T11,783,125,Block_14,120.61065673828125,487.4705891981514,0.0007167575470994336,487.4713059556985,6.189231431178957,6.189229960819444,-7.2393787240766425
T11,800,142,Block_03,93.65468215942383,487.07293638181034,0.0005873249919803314,487.0735237068023,6.188415086444342,6.188413880619521,-7.438231055302608
T11,800,142,Block_03,102.50962448120117,483.3690371043011,0.0004584077701990097,483.36949551207135,6.180781364317409,6.180780415958046,-7.685572354053859
T11,800,142,Block_03,98.46577835083008,486.5534124498552,0.00041300092686480383,486.5538254507821,6.1873475356924885,6.187346686863274,-7.789642345337592
T11,800,142,Block_03,105.8109245300293,490.83304992525996,0.0008666478130434641,490.833916573073,6.1961058171586005,6.196104051492971,-7.049724670982469
T11,800,142,Block_03,75.99761199951172,536.586952893523,9.836613618485757e-05,536.5870512596591,6.285228808478753,6.285228625160604,-9.216699184592018
T11,800,142,Block_04,121.54880142211914,490.69756950003955,0.0008433809124328562,490.698412880952,6.195829710730642,6.1958279919934025,-7.076906847133268
T11,800,142,Block_04,93.63959884643555,492.91983650452374,0.000591147464970021,492.9204276519887,6.200347758687309,6.200346559410945,-7.431754857866441
T11,800,142,Block_04,94.78083419799805,493.27456061063384,0.0006395249017883131,493.2752001355356,6.2010672356108225,6.201065939122949,-7.353222558712963
T11,800,142,Block_04,110.1909294128418,490.4834178527608,0.0004242325639776112,490.4838420853248,6.195392338779561,6.195391473852503,-7.762874329345217
T11,800,142,Block_04,98.12328338623047,493.33292510552786,0.00035182095070229735,493.33327692647856,6.201184965778853,6.201184252627942,-7.949549851517996
