loss,s_mix0,s_mix,tau_mix,rho0,rho_inf,tau_rho
0.1386954371868194,1.0050806918376016,1.4580150457149903,14.818526368406642,0.04003090929103407,0.08468247172073695,244.86583180996084
1.2525610573643828,0.1856485305898424,0.037728384626807096,70.23217371347124,0.12091901287645727,0.5914859568733007,45.10082805264486
4.796864958969323,0.055336738848855926,0.631701058705686,5.8937493050830705,0.008437549192479108,0.8563663184892724,15.641062998661022
2.2308751042434025,0.3247269195463118,0.1576858597800691,156.83245091045276,0.2689736193993162,0.4425590118461378,1230.7754779189836
0.8774787883616528,0.5908257820349611,0.23660430725124157,41.913084159935494,0.41965251111777774,0.4984234154526762,398.380867076208
6.4711167836723975,0.03451343154498829,0.06850987058505804,25.032765049001718,0.014603212042061978,0.9456817517456336,104.79872909252327
3.606373832861151,0.10675522670056048,0.9887482461266978,272.2187540617752,0.202369645587431,0.8166223273766188,40.68666382880203
1.3173095488237225,1.9812170430499625,0.02967844669781489,3.651895197945148,0.0744765846054542,0.09673236754458198,2241.4323505794796
0.4302319758927992,1.4799622571208884,0.3601083024752994,416.36681653957794,0.018944520055901436,0.46881276714152736,907.0361910582869
1.2326041130774672,0.08009503368363417,0.14361593128593686,2.8030248452782365,0.4360701417990752,0.4807462339030678,11.524881024176258
1.21532714374285,0.025930407563777465,1.532177705629957,54.532561846848814,0.044748900689950265,0.38639609358851035,61.926381126285996
1.720724261453707,0.44172307469459904,0.058945910824663925,16.344248744906043,0.14333117136047774,0.8413631610468442,336.2753009454388
1.9057593528315488,0.24284704818075425,0.7242599059053029,4.5728166243047665,0.08735642642922256,0.9060272848539287,1492.1556522236908
4.633993508321227,0.04156335875126898,0.02423752407688395,242.48087082799938,0.023364635048274424,0.1803112069801559,27.081017473765396
2.5073175236592875,0.13932595366791004,0.29730759179315003,9.57144860765563,0.2873304940806974,0.30784046161043443,155.78593147161106
1.728462691047183,0.7505777498252294,0.10313946357956259,90.39801743745055,0.01029841172493049,0.6306104401884537,592.3062122991744
0.7607688278271325,0.7055781139453292,0.3208126087745183,2.3250989850414165,0.18011707812409036,0.38240659136511845,24.063665918042425
4.367233506421198,0.12187697859909195,0.09632278223645217,487.9463277240939,0.06250861341862375,0.8945269564551008,1898.8228293105944
0.5841485492625844,0.04050280101579668,0.7816289976657189,18.93886267785903,0.3701245935162332,0.7165040690265956,673.3075827526989
4.814521639613002,0.22021528585238415,0.022638789061537077,44.77146653134054,0.013422734437255595,0.07196785787267397,123.66902252618799
1.918591155842428,0.3795153922540438,1.9116952425686768,207.32926858495205,0.006735014985062213,0.026726684040062478,13.511400290003888
2.1646951773606093,0.020732137947065136,0.04773335097821163,5.516467583016154,0.2488457807682184,0.7716983124539434,746.4213879587148
2.995848620499996,0.06638345609676685,0.4492440590376636,110.32955253727243,0.03550959504787919,0.9389881236280408,283.37141735818335
0.6767020099459721,1.1414593215269053,0.11628147910293399,8.265730616615771,0.10412819240134343,0.1905810444924303,74.33692764046873
0.1386954371868194,1.0050806918376016,1.4580150457149903,14.818526368406642,0.04003090929103407,0.08468247172073695,244.86583180996084
2.7314025729183853,2.524648552399133,1.4580150457149903,14.818526368406642,0.04003090929103407,0.08468247172073695,244.86583180996084
1.799114027879893,1.0050806918376016,3.662368210268304,14.818526368406642,0.04003090929103407,0.08468247172073695,244.86583180996084
0.26655209437517313,1.0050806918376016,1.4580150457149903,44.70880057735494,0.04003090929103407,0.08468247172073695,244.86583180996084
0.12170120725836872,1.0050806918376016,1.4580150457149903,14.818526368406642,0.10181220359348164,0.14359009920804128,244.86583180996084
0.13845507086164913,1.0050806918376016,1.4580150457149903,14.818526368406642,0.04003090929103407,0.19857194684170096,244.86583180996084
0.09481641216412928,1.0050806918376016,1.4580150457149903,14.818526368406642,0.04003090929103407,0.08468247172073695,766.2181575786697
0.3167978947681275,0.4001298304054191,1.9819620703897176,21.412515212893858,0.0549966672925663,0.12320445647460912,358.15383480220464
1.5469745429687498,0.7393798260572694,0.6429933036687321,24.207795408887566,0.06106515075257231,0.13929077149945948,406.5526016274935
0.7685002043967926,0.7983639717028217,0.9933340872128038,21.41251521289387,0.0549966672925663,0.1232044564746092,358.1538348022043
0.46876909434765185,0.9308240519914475,2.370680987480568,16.752999403432188,0.04452583733721734,0.09604497933204972,277.95553557872205
0.15751425158610896,0.8957791095003765,1.9073424399367975,17.812970591571077,0.04695007295379763,0.10225373225267373,296.14124446751583
2.3327322403571156,2.429597115836333,1.1730528018930195,15.756102418100129,0.042221230159808026,0.09019372119606338,260.8865911189513
0.20840043105627395,0.6281079109959905,1.7384047281406574,19.831837818384074,0.05149705318362502,0.11403305121967217,330.8759061589099
0.3541656997550884,0.826948964673909,1.6908841667774372,5.755019175952863,0.06294991359485554,0.14432740245156664,421.86370266402264
0.13170538074286425,0.9572389781096625,1.513038463736752,26.779746278548302,0.044871791489144254,0.09692773588772918,280.53637538103993
0.4606003971260833,1.5227925549311432,1.3540186926063458,14.340292084251782,0.04686383321839166,0.10203196464643349,295.49029226286063
0.12493118509886378,0.783765032694654,1.6331246570570828,18.287810839176537,0.05029966320460373,0.11091526568027789,321.6508194550832
0.1471326539270622,1.0212586062765614,1.1718637046737785,16.106199163604913,0.052593061304933374,0.11689614765287354,339.3683882759374
0.10279037706798885,0.9883301167986088,1.3236251044840273,16.516913203377772,0.05112497267186466,0.11306306631318645,328.0033381997142
0.16307954568110436,0.9051129165214807,1.4843788806231373,20.07392767920924,0.06666632679281864,0.15430624178940475,452.43770014542025
0.10609540773555469,0.9790985066486861,1.4645617784054716,15.986811408571574,0.04553357083150063,0.09861945401351074,285.4866720200944
0.15050914863464965,0.8972454168745223,1.486597267199792,20.588180478120904,0.06951173193546695,0.08512296394145519,476.1875127556503
0.08917968917846097,0.976963885091039,1.4651086645460574,16.088229564657073,0.04602334730495767,0.1383942270236463,289.1616152757812
0.1941815524784981,0.9485156828001539,1.4172462717512888,9.612812206393926,0.06270374279121924,0.12566966191991458,419.8564504832789
0.10165964290325227,0.9550506617419326,1.4884998912087775,20.728480057033234,0.04881496233832655,0.10345256571002608,310.2895099930704
0.17995080977756195,1.237349865268455,1.2730704757374585,14.676768394012985,0.05546323401289998,0.10779441341760337,361.8257683105144
0.10025794291919757,0.8785420267505102,1.5345378802005418,17.30927592153302,0.05154619670017834,0.10998510894748664,331.2557075110596
0.12413980153972744,0.9225671919036956,1.4504908022824459,19.075610193275775,0.02102264475889164,0.10227374079882758,525.6552750291727
0.13656223144535354,0.9837850059044603,1.4561303335779712,15.784228986941576,0.0695796727473463,0.11969855756420375,296.395358365448
0.08969101162768249,0.9909225688860117,1.4615575515577715,15.440332056819573,0.042927364849549544,0.10747302278997983,470.7025388704433
0.08676957340697945,0.926446885509328,1.499421469886287,16.687588340548622,0.048710560366895236,0.12234633124083619,309.4938375044319
0.09942122060797702,0.9659451355818126,1.4767579652014218,18.261559234741334,0.047399629630838755,0.11863993809907286,299.53933950772944
0.09017351425593094,0.9826305667238574,1.392571222304349,16.3011622688524,0.048510554527063994,0.12428272117964964,307.9707373918467
0.07670639246700903,0.9780306134995647,1.4648351959537425,16.03744031783059,0.045777835481878325,0.11601898508186334,287.3182681644828
0.15954340629118482,0.9909225688860117,1.4615575515577715,15.440332056819573,0.06885771707016365,0.13165461364887815,266.09359152752256
0.10355521026777754,0.949376020373258,1.4577814110038492,17.51835596953473,0.031183099947146804,0.11805829074550941,389.87091248985365
0.08934324402332236,0.9595964296932834,1.4587245305131782,16.97399887842557,0.038116650955653295,0.11849314031293258,354.36370172791175
0.07646249449760915,0.9717865993413881,1.4368794334486819,14.455315137935827,0.042457153593413594,0.1229228169702629,366.29683769688324
0.0949061483428289,0.9747205650412376,1.4173458353171373,12.860931289018932,0.0401743837328741,0.12563494746578358,405.0632287158567
0.09179032590219553,0.9517582314098247,1.5397369736250555,15.55785959036604,0.03966734138023483,0.11684833704262679,377.47264975557067
0.09901586908753736,0.9748198468114074,1.4279884566606593,16.112071848596255,0.046138388091143054,0.12227387615597501,324.0436102479726
0.09058938370707693,0.9749036075143601,1.450789980134169,15.22584164504803,0.044087681892097295,0.11928400602923114,324.41296682037114
0.09193790638905266,0.9488459666033946,1.467817383788255,15.531398789380619,0.04548161246356375,0.1224709734234842,336.69959008669207
0.10018299116974501,0.9743718035595916,1.4509253970668836,15.249932077506909,0.04420596477303441,0.1304436990331645,325.45197074044796
0.08515401745087367,0.9656722793742054,1.4477607802953738,15.664115134236305,0.04023085634376197,0.12065685163014947,360.2808672931379
0.10178222395677365,0.9813079401637235,1.4491659624194095,14.93970768508205,0.04269164072463676,0.11479463019056355,415.231082030401
0.10236457812742304,0.9771935411398698,1.4145518544548346,15.350519134898677,0.0453878308518091,0.12348225018509601,335.87007489475855
0.07544943268818355,0.961720279029681,1.4874193727131422,14.996458356908743,0.0410395620621554,0.11984948149655558,371.84275967474275
0.08935728024438361,0.9540757705154909,1.5252488780667892,14.822502256951381,0.039017746047801116,0.11817465654317114,391.2490885011039
0.10591140094572163,0.9512730699456181,1.4645558930249736,15.42831658231163,0.04306675476667672,0.13091647922805907,289.91049920187373
0.07873359381053385,0.9737114685854517,1.4529982169154598,15.060389725453966,0.04278512555469033,0.1185630809041297,379.5625688495477
0.10835872109820595,0.9578283042598148,1.463476183337181,15.051582597333308,0.04113831614213895,0.11147403803214442,389.3430113936271
0.09796803910738182,0.9702093317833866,1.454052966557711,15.200100995044663,0.043419190158782275,0.12540404717287382,340.3676492357102
0.09058084474225893,0.9619376579346587,1.4603283451450182,15.10092678615413,0.04188557005237352,0.11592583712769702,372.28112200618153
0.10135011378772721,0.9880988537934609,1.4441696404755313,14.640992392045876,0.0388919394497887,0.11671480261190761,389.152218382998
0.0804926086826155,0.9585105243255996,1.461869391223425,15.303844947467853,0.04374074373475695,0.12094553699435492,349.10962165139523
0.10276494595029807,0.956267736361337,1.4648293468355615,14.96027327336166,0.04002252994980072,0.1204093083834327,413.89015678639043
0.08198484148795188,0.9702108652387195,1.4542871563913158,15.159010827307636,0.04303590334424023,0.11950297172873484,344.78227266083843
0.09622370022815528,0.971927766916314,1.453252066494593,15.103339579659746,0.042513268499417736,0.12502867188940942,351.563349234872
0.07726152295733835,0.9644255170044335,1.4585560517382303,15.101529948392255,0.04204165879222626,0.1181229380690019,366.9899395470192
0.07995443998958537,0.9677521117601047,1.4695017088063955,14.383870011536565,0.044909450741905554,0.11947971605976859,365.514318321839
0.07595883492235048,0.9624106562486953,1.4679909442144334,14.60536389430747,0.04258937735409206,0.12038750635921527,389.45189485176286
0.09503189289443298,0.9754780849829492,1.4624125546871871,14.24360636850833,0.04153078726712966,0.11878041516041268,398.9032718678729
0.08090500624374983,0.9627245430299107,1.4620051631733488,15.031606856107132,0.043177953662583174,0.12039482492705258,360.9427005702141
0.07560491985462209,0.9620654057124357,1.4776732282179326,14.799619300119867,0.04180760209725827,0.12011069022001851,380.5454865613799
0.07683858002449057,0.9667403371515563,1.461931019427611,14.723400813061064,0.04174260261513194,0.1213770384066406,369.05938138643813
0.07629860750786752,0.9630719481517713,1.472917013121729,15.048902451563526,0.0415377195424582,0.118972539381204,369.4083809201283
0.0765869686702429,0.9676973004314939,1.4701080560141515,15.028390045396968,0.04190365292339075,0.11918464148114863,375.6828357408019
0.07887922624675422,0.9647314812700428,1.4784333971855814,14.686970676051502,0.04293287860052357,0.1195993513337517,368.66496012697627
0.07404708971801358,0.9601140603632995,1.4745890454231951,15.149372048216716,0.04236958406764363,0.12037483747510047,360.29694023660556
0.08038205634791368,0.9623986033933232,1.469751758594187,15.231904426645725,0.0405625475115846,0.12040529499545613,373.5239154396949
0.07697653228823481,0.9641477321837181,1.476258191704888,14.82134860940351,0.042328176296432526,0.11977863086853582,369.87374091335874
0.07622165842837486,0.9629812934590237,1.471917377114387,15.093804184096317,0.04114310961743879,0.12018165609170407,372.30320555333503
0.08568367260886083,0.9591523574839327,1.4897191104966212,15.320578261160001,0.04151998713685622,0.11819730558573427,374.21472097209806
0.07620607394419644,0.9648377329378232,1.4688290663140857,14.870476693580676,0.04168684195256119,0.12057243867184372,370.34151943943994
0.07547303334503125,0.957259075108236,1.48100325451337,14.956901903221365,0.04128885599370459,0.12084518021175013,365.866613763272
0.07562015288401273,0.9599174243453259,1.4808789841495649,14.906014835650401,0.04156935862477558,0.12168569480676508,370.88796028401555
0.07537000561368419,0.9589885727533021,1.4848860540959146,14.799780602001677,0.04211220818675284,0.12095992315449752,367.53724667167654
0.07505044529849672,0.9552052943515615,1.493410703320327,14.99820298356305,0.04170409741048245,0.12069257287119328,368.5491214204462
0.07530778005053654,0.9585278608931653,1.4854253949692717,14.99322739508769,0.04186707222646475,0.1192730908270753,367.23093942346543
0.07544135486711412,0.9552141153450441,1.4912466772423778,15.166580025040124,0.0416482377845595,0.12054539778322498,353.6874527169818
0.07546002001255882,0.9593260786952045,1.4913161002589619,15.076894578502419,0.04229320404863996,0.11973068355108246,363.7495001598278
0.0754677849317545,0.9588089097430929,1.4887311758429136,15.04680646168868,0.04203994903255977,0.12000241225682524,364.277627267093
0.07561581780445399,0.9576565321869832,1.4839700345471614,15.073598012839229,0.0420355815881282,0.12053113706649977,364.3996717543471
0.07577502404758378,0.9593206327883732,1.479997302435079,15.071097505215029,0.042117611662071605,0.11982278899722856,363.7474176327426
0.07585776374193814,0.9595511515433548,1.4797285930438424,14.97355610974575,0.04224070874670504,0.12066617366331478,363.89908683423704
0.07588253360755369,0.9576609539916867,1.48289447172931,15.157973594725147,0.04200743048728961,0.12045759504554515,356.97689983247903
0.07568150929597481,0.9609168340875877,1.4809903149423496,15.07272128895109,0.041699501404623224,0.12010655819593882,366.02432782527603
0.07599584549211896,0.9586855049607171,1.4777926699444397,15.052829355990887,0.04182588194628914,0.12060344427600933,363.07109699566405
0.07589343346404681,0.9597199886573453,1.4829289884229468,15.113089866121845,0.04233137759271735,0.12005227377659142,362.01910435801676
0.07594552361715626,0.9594612631294446,1.48164323758385,15.09800216007513,0.042204458908095495,0.12018834118074798,362.2818164095245
0.07597443408385408,0.9588845089746112,1.479272103664341,15.111437535911723,0.04220226696260696,0.12045234484987896,362.3424992411386
0.07619548469212802,0.9605153633582759,1.4777862141703164,15.110998067149522,0.0420332660597237,0.12023928923897197,363.14934306371407
0.07607675109607312,0.9597172645819887,1.4772906990252959,15.11018409158053,0.04224341828174717,0.12009851895027544,362.01806804639426
0.07602266149625055,0.9598325646874928,1.4771565839483394,15.061207534304373,0.04230509950040998,0.12052020432729083,362.0935342439443
0.07376336466447542,0.9588867227093872,1.4787359275849954,15.153672211168361,0.04218813579335578,0.12041558473071337,358.6330781520178
0.07613846162625557,0.9593995167703986,1.476189988621643,15.101023551144614,0.042096893817775725,0.1204874977034347,361.68135884488913
0.0738346393342332,0.9584304236302019,1.4766238276323127,15.117904395329987,0.042435946200918624,0.12054405575922797,359.2117345475529
0.07372020688293031,0.9592219541752854,1.4783653200354872,15.133524921383799,0.042485260931543686,0.12031565508259505,359.84691406816336
0.07569683848686809,0.959133185201628,1.4794541875453362,15.149801828909347,0.042680726239873394,0.12023229200234745,358.9331837429951
0.0737481731278052,0.9587393783421433,1.477621922608866,15.132133794964735,0.042418574409553565,0.12077608191622444,358.7920741350787
