train,test,gap_target,days,renorm,coral,fa_fixed,fa_stab,fa_own,own
M_CO_2014-02-03,M_CO_2014-03-04,30,29,0.26586151123046875,0.2816442847251892,0.13232316076755524,0.028201431035995483,0.2786683440208435,0.4093396067619324
M_CO_2014-02-03,M_CO_2014-06-26,120,143,0.0371222198009491,0.04072195291519165,0.0044600218534469604,-0.08594420552253723,0.21940913796424866,0.2536178231239319
M_CO_2014-02-03,M_CO_2015-06-10,480,492,0.03053279221057892,0.028358876705169678,0.028639674186706543,-0.0013322830200195312,0.19202134013175964,0.3322482705116272
M_CO_2014-02-17,M_CO_2014-02-18,1,1,0.24695557355880737,0.23906481266021729,0.1737699657678604,0.09273357689380646,0.21782711148262024,0.38207361102104187
M_CO_2014-02-17,M_CO_2014-06-26,120,129,0.0613684356212616,0.06351479887962341,0.03702846169471741,-0.07133039832115173,0.21940913796424866,0.2536178231239319
M_CO_2014-02-17,M_CO_2015-06-12,480,480,-0.08933582901954651,-0.0951005220413208,-0.08292138576507568,-0.08654072880744934,0.062352001667022705,0.10133923590183258
M_CO_2014-02-18,M_CO_2014-06-26,120,128,0.009084224700927734,0.03687469661235809,0.013422772288322449,-0.05577172338962555,0.21940913796424866,0.2536178231239319
M_CO_2014-02-18,M_CO_2015-06-12,480,479,-0.054656803607940674,-0.06119728088378906,-0.05682443082332611,-0.07180802524089813,0.062352001667022705,0.10133923590183258
M_CO_2014-03-03,M_CO_2014-03-04,1,1,0.2891624867916107,0.3319151699542999,0.16575320065021515,0.03996540606021881,0.2786683440208435,0.4093396067619324
M_CO_2014-03-03,M_CO_2014-06-27,120,116,-0.03434869647026062,-0.030373767018318176,-0.035789817571640015,-0.08020639419555664,0.13024793565273285,0.16066893935203552
M_CO_2014-03-03,M_CO_2015-06-26,480,480,0.022618547081947327,0.031224757432937622,0.03632490336894989,0.004173994064331055,0.24685537815093994,0.35245704650878906
M_CO_2014-03-04,M_CO_2014-03-06,1,2,0.35330548882484436,0.3513701558113098,0.24863682687282562,0.0774109810590744,0.313152551651001,0.46680933237075806
M_CO_2014-03-04,M_CO_2014-06-27,120,115,-0.017814859747886658,-0.013974592089653015,-0.04111507534980774,-0.10197296738624573,0.13024793565273285,0.16066893935203552
M_CO_2014-03-04,M_CO_2015-06-26,480,479,0.0470290333032608,0.04689273238182068,0.03593134880065918,-0.0023376643657684326,0.24685537815093994,0.35245704650878906
M_CO_2014-03-06,M_CO_2014-03-07,1,1,0.3094993829727173,0.3134402930736542,0.24719353020191193,0.0422036349773407,0.2934233248233795,0.4289146065711975
M_CO_2014-03-06,M_CO_2014-06-27,120,113,0.02058635652065277,0.025087594985961914,0.022794529795646667,-0.044314444065093994,0.13024793565273285,0.16066893935203552
M_CO_2014-03-06,M_CO_2015-06-26,480,477,0.0030882656574249268,0.015399917960166931,0.01435929536819458,0.01401570439338684,0.24685537815093994,0.35245704650878906
M_CO_2014-03-07,M_CO_2014-06-27,120,112,-0.008517593145370483,-0.0034324675798416138,-0.04291835427284241,-0.10512559115886688,0.13024793565273285,0.16066893935203552
M_CO_2014-03-07,M_CO_2015-06-26,480,476,0.03607095777988434,0.03809364140033722,0.02749212086200714,-0.0060922205448150635,0.24685537815093994,0.35245704650878906
M_CO_2014-06-26,M_CO_2014-06-27,1,1,0.07531662285327911,0.07366003096103668,0.05038808286190033,-0.027885854244232178,0.13024793565273285,0.16066893935203552
M_CO_2014-06-26,M_CO_2014-09-29,120,95,0.02246035635471344,0.020379602909088135,0.00829845666885376,-0.0641627311706543,0.10892796516418457,0.25613152980804443
M_CO_2014-06-26,M_CO_2015-06-26,480,365,-0.012194618582725525,-0.0026060938835144043,-0.022001221776008606,-0.03484007716178894,0.24685537815093994,0.35245704650878906
M_CO_2014-06-27,M_CO_2014-09-29,120,94,-0.020882174372673035,-0.02085234224796295,0.0005354136228561401,-0.05969858169555664,0.10892796516418457,0.25613152980804443
M_CO_2014-06-27,M_CO_2015-06-26,480,364,0.006653547286987305,0.01383979618549347,0.004137173295021057,-0.043636783957481384,0.24685537815093994,0.35245704650878906
M_CO_2015-05-11,M_CO_2015-05-12,1,1,-0.4166874289512634,-0.45691320300102234,-0.17489415407180786,-0.0911770910024643,-0.294739693403244,-0.3696534037590027
M_CO_2015-05-11,M_CO_2015-06-10,30,30,0.15230058133602142,0.15172290802001953,0.11274760961532593,-0.00858396291732788,0.19202134013175964,0.3322482705116272
M_CO_2015-05-12,M_CO_2015-06-11,30,30,0.09979087114334106,0.09459492564201355,0.00716322660446167,-0.0034914910793304443,0.08615836501121521,0.21817849576473236
M_CO_2015-06-10,M_CO_2015-06-11,1,1,0.19616714119911194,0.19473080337047577,0.11028687655925751,-0.0005980432033538818,0.08615836501121521,0.21817849576473236
M_CO_2015-06-10,M_CO_2015-06-17,7,7,0.1628255993127823,0.1593565046787262,0.12899945676326752,-0.0007832348346710205,0.16714422404766083,0.28980690240859985
M_CO_2015-06-11,M_CO_2015-06-12,1,1,0.08618058264255524,0.08630001544952393,0.05487322807312012,-0.008389532566070557,0.062352001667022705,0.10133923590183258
M_CO_2015-06-11,M_CO_2015-06-17,7,6,0.16298343241214752,0.15806536376476288,0.07415616512298584,-0.011668473482131958,0.16714422404766083,0.28980690240859985
M_CO_2015-06-15,M_CO_2015-06-16,1,1,0.21813371777534485,0.2155318707227707,0.141618013381958,-0.034748375415802,0.20473121106624603,0.3173767924308777
M_CO_2015-06-15,M_CO_2015-06-23,7,8,0.11221328377723694,0.10557925701141357,0.053789928555488586,-0.07141879200935364,0.16146723926067352,0.24372898042201996
M_CO_2015-06-16,M_CO_2015-06-17,1,1,0.22661294043064117,0.22608476877212524,0.1540251523256302,-0.0002593100070953369,0.16714422404766083,0.28980690240859985
M_CO_2015-06-16,M_CO_2015-06-23,7,7,0.18803639709949493,0.18498827517032623,0.14455021917819977,-0.013084322214126587,0.16146723926067352,0.24372898042201996
M_CO_2015-06-17,M_CO_2015-06-23,7,6,0.15795190632343292,0.15520817041397095,0.07893918454647064,-0.03708764910697937,0.16146723926067352,0.24372898042201996
M_CO_2015-06-23,M_CO_2015-06-25,1,2,0.2753281593322754,0.2727179527282715,0.18556173145771027,-0.006789416074752808,0.2291903793811798,0.3710451126098633
M_CO_2015-06-25,M_CO_2015-06-26,1,1,0.29107367992401123,0.2916169762611389,0.18845809996128082,-0.0008084774017333984,0.24685537815093994,0.35245704650878906
M_RT_2014-01-14,M_RT_2014-01-15,1,1,0.3919420540332794,0.38279491662979126,0.2989962697029114,0.13631069660186768,0.33450624346733093,0.47431400418281555
M_RT_2014-01-14,M_RT_2014-02-14,30,31,0.2556667625904083,0.2619791626930237,0.20845353603363037,0.07225935161113739,0.31754904985427856,0.4512951076030731
M_RT_2014-01-15,M_RT_2014-01-16,1,1,0.42547523975372314,0.4297194182872772,0.31590449810028076,0.17602963745594025,0.32854291796684265,0.4894551634788513
M_RT_2014-01-15,M_RT_2014-02-14,30,30,0.23606087267398834,0.2660532593727112,0.1994640976190567,0.13692991435527802,0.31754904985427856,0.4512951076030731
M_RT_2014-01-16,M_RT_2014-02-14,30,29,0.29600250720977783,0.3027234673500061,0.24894937872886658,0.118427574634552,0.31754904985427856,0.4512951076030731
M_RT_2014-02-14,M_RT_2014-02-21,7,7,0.22223953902721405,0.22064389288425446,0.1903909593820572,0.046198293566703796,0.2272704392671585,0.33979541063308716
