subject,train,test,gap_target,days,L0,L1,L2,L4u,L4s,L3_n300,lam_L3_n300,L6_n300,lam_L6_n300,L6p_n300,lam_L6p_n300,own
C,C_CO_2013-10-03,C_CO_2013-11-01,30,29,-0.547850489616394,0.1205538809299469,0.08723053336143494,0.09727919101715088,-0.21814751625061035,0.20686679686150233,0.0001,0.25632617330175017,1000.0,0.2564360481269939,1000.0,0.25578218698501587
C,C_CO_2013-10-03,C_CO_2015-03-09,480,522,-1.740070104598999,-0.22639358043670654,-0.05758106708526611,-0.10430532693862915,-0.27006417512893677,0.056126149614686704,1e-05,0.11082861841306263,10000.0,0.10168511644902278,1000.0,0.14660128951072693
C,C_CO_2013-10-22,C_CO_2013-10-23,1,1,-4.791706085205078,-0.6380018591880798,0.22252941131591797,0.21275141835212708,-0.3595537543296814,0.2567572818416368,0.0001,0.31040622566961684,1000.0,0.3110099422487481,1000.0,0.308666855096817
C,C_CO_2013-10-22,C_CO_2015-03-09,480,503,-0.5212309956550598,-0.4164377450942993,-0.10574841499328613,-0.23017150163650513,-0.5718730092048645,0.03777887471332797,0.0001,0.11082861841306263,10000.0,0.10164020270262558,1000.0,0.14660128951072693
C,C_CO_2013-10-23,C_CO_2013-10-31,7,8,0.036977291107177734,0.15534043312072754,0.1520998477935791,0.1632896065711975,-0.20439529418945312,0.14746611267747756,1e-05,0.20709536689157954,10000.0,0.2185732494596953,1000.0,0.2184060513973236
C,C_CO_2013-10-23,C_CO_2015-03-09,480,502,-1.2679270505905151,-0.5528450012207031,-0.08455032110214233,-0.30237114429473877,-0.255471408367157,0.05508942922135979,1e-05,0.11082861841306263,10000.0,0.10228943334859814,1000.0,0.14660128951072693
C,C_CO_2013-10-31,C_CO_2013-11-01,1,1,0.14943718910217285,0.17744800448417664,0.17336106300354004,0.16918137669563293,-0.20563632249832153,0.20767447187935206,0.0001,0.25632617330175017,1000.0,0.25761246002113847,10000.0,0.25578218698501587
C,C_CO_2013-10-31,C_CO_2013-12-03,30,33,0.10080379247665405,0.12372782826423645,0.12185642123222351,0.11613088846206665,-0.0473405122756958,0.10370759858638895,0.001,0.11908939094879667,10000.0,0.1299429687725976,10000.0,0.1273079514503479
C,C_CO_2013-10-31,C_CO_2015-03-09,480,494,-0.2684268355369568,-0.13014501333236694,-0.00997459888458252,-0.046593695878982544,-0.1928669810295105,0.06863189457224916,1e-05,0.11082861841306263,10000.0,0.11668707453775001,10000.0,0.14660128951072693
C,C_CO_2013-11-01,C_CO_2013-12-03,30,32,0.06722939014434814,0.09421572089195251,0.10868963599205017,0.09574240446090698,-0.09518122673034668,0.08006507673649521,0.0001,0.11908939094879667,10000.0,0.13014607960713181,10000.0,0.1273079514503479
C,C_CO_2013-11-01,C_CO_2015-03-09,480,493,-3.330623149871826,-0.9085366129875183,-0.12488943338394165,-0.2360113263130188,-0.3142261505126953,0.05628597414598152,0.0001,0.11082861841306263,10000.0,0.10093124317468577,1000.0,0.14660128951072693
C,C_CO_2013-12-03,C_CO_2013-12-04,1,1,0.14541155099868774,0.14202803373336792,0.15093818306922913,0.128129243850708,0.01179438829421997,0.20400802429817128,0.0001,0.24325507814724928,1000.0,0.2446885124607565,10000.0,0.24184906482696533
C,C_CO_2013-12-03,C_CO_2015-03-19,480,471,-0.16463899612426758,0.06208723783493042,0.09055927395820618,0.0370958149433136,-0.045880794525146484,0.16083832831661188,1e-05,0.18822301515529855,1000.0,0.18010562779342648,1000.0,0.27408871054649353
C,C_CO_2013-12-04,C_CO_2015-03-19,480,470,-5.748254776000977,-0.9359307289123535,0.03823137283325195,-0.013646364212036133,-0.5547721982002258,0.12273241293623582,0.0001,0.18822301515529855,1000.0,0.1873800839806974,1000.0,0.27408871054649353
C,C_CO_2013-12-19,C_CO_2013-12-20,1,1,0.09221518039703369,0.12337982654571533,0.04598984122276306,0.032814621925354004,-0.3201115131378174,0.18298050036752533,0.0001,0.19941311679077367,1000.0,0.18365811752463873,10000.0,0.19660377502441406
C,C_CO_2013-12-19,C_CO_2015-03-19,480,455,-2.5682506561279297,-0.8009165525436401,-0.03219673037528992,-0.2015032172203064,-0.19717514514923096,0.12836468873272666,1e-05,0.18822301515529855,1000.0,0.18512600235981536,1000.0,0.27408871054649353
C,C_CO_2013-12-20,C_CO_2015-03-19,480,454,-7.300471305847168,-6.19914436340332,0.05765950679779053,-0.04737326502799988,-0.35772478580474854,0.16907659648013185,1e-05,0.18822301515529855,1000.0,0.17747893286245647,1000.0,0.27408871054649353
C,C_CO_2015-03-09,C_CO_2015-03-11,1,2,-0.126624196767807,0.20554617047309875,0.20537525415420532,0.20660194754600525,-0.10498332977294922,0.22572987099778075,0.0001,0.2590644256252971,1000.0,0.2594920117346389,1000.0,0.30211177468299866
C,C_CO_2015-03-09,C_CO_2015-07-07,120,120,-0.43876880407333374,-0.068115234375,-0.06938827037811279,0.02360689640045166,-0.07888919115066528,0.06540413752332119,0.0001,0.15299353216105183,1000.0,0.1521844674038607,1000.0,0.15169087052345276
C,C_CO_2015-03-09,C_CO_2016-09-09,480,550,-0.28473883867263794,-0.03832334280014038,-0.020116448402404785,-0.3561907410621643,-0.23241668939590454,0.11889720992205871,1e-06,0.4064192666503413,10000.0,0.4009716076809945,10000.0,0.4005909562110901
C,C_CO_2015-03-11,C_CO_2015-03-12,1,1,0.04208293557167053,0.1817493736743927,0.19903433322906494,0.19301459193229675,-0.16592198610305786,0.18163266964777208,0.0001,0.19166317267638294,1000.0,0.20478616171577835,10000.0,0.25974947214126587
C,C_CO_2015-03-11,C_CO_2015-03-19,7,8,0.13992923498153687,0.2160188853740692,0.23729857802391052,0.20329546928405762,-0.32508349418640137,0.19924139445467737,0.0001,0.18822301515529855,1000.0,0.18189223409329058,10000.0,0.27408871054649353
C,C_CO_2015-03-11,C_CO_2015-07-09,120,120,-0.5631442070007324,-0.06174302101135254,0.0041634440422058105,0.009410977363586426,-0.12941426038742065,0.10246419527741213,1e-05,0.1985166891166813,1000.0,0.1987318727715367,1000.0,0.1971510350704193
C,C_CO_2015-03-11,C_CO_2016-09-09,480,548,-0.3704928755760193,-0.06790357828140259,-0.054616451263427734,-0.6187401413917542,-0.47103452682495117,0.08165467151198225,1e-05,0.4064192666503413,10000.0,0.40150198153522243,1000.0,0.4005909562110901
C,C_CO_2015-03-12,C_CO_2015-03-13,1,1,0.15635603666305542,0.24529239535331726,0.2512885630130768,0.23801559209823608,-0.12896603345870972,0.2368703308211455,0.0001,0.19638990555366587,1000.0,0.2352825901276927,10000.0,0.28928831219673157
C,C_CO_2015-03-12,C_CO_2015-03-19,7,7,0.1691756248474121,0.21186137199401855,0.21332672238349915,0.18014556169509888,-0.12894874811172485,0.16957132703867422,1e-05,0.18822301515529855,1000.0,0.1322799452708634,10000.0,0.27408871054649353
C,C_CO_2015-03-12,C_CO_2015-07-10,120,120,-0.5201020836830139,-0.013829946517944336,0.012664496898651123,0.007180333137512207,-0.17226499319076538,0.133178119808265,0.0001,0.2195851628373453,1000.0,0.220175325795541,1000.0,0.21852579712867737
C,C_CO_2015-03-12,C_CO_2016-09-09,480,547,-0.27173423767089844,-0.06142991781234741,-0.06735783815383911,-0.38629963994026184,-0.5476807355880737,0.1619040052591279,1e-05,0.4064192666503413,10000.0,0.40124655903494866,1000.0,0.4005909562110901
C,C_CO_2015-03-13,C_CO_2015-03-19,7,6,0.12923932075500488,0.22890803217887878,0.23124012351036072,0.1537742018699646,-0.25492292642593384,0.21513796863016216,1e-05,0.18822301515529855,1000.0,0.1642786623095343,10000.0,0.27408871054649353
C,C_CO_2015-03-13,C_CO_2015-07-10,120,119,-0.16964519023895264,0.018960624933242798,0.0322321355342865,0.04284781217575073,-0.28003549575805664,0.15069024433416167,1e-05,0.2195851628373453,1000.0,0.22036821290504216,1000.0,0.21852579712867737
C,C_CO_2015-03-13,C_CO_2016-09-09,480,546,-0.03987160325050354,-0.028279542922973633,-0.04640316963195801,-0.6875174045562744,-0.4282098412513733,0.16917139680463572,1e-06,0.4064192666503413,10000.0,0.4014477332167135,1000.0,0.4005909562110901
C,C_CO_2015-03-19,C_CO_2015-07-16,120,119,-0.17385965585708618,-0.038917720317840576,-0.049621522426605225,-0.07738679647445679,-0.2599782347679138,0.08319671317017274,1e-05,0.25577460279938374,1000.0,0.2561052921295755,1000.0,0.2557334005832672
C,C_CO_2015-03-19,C_CO_2016-09-09,480,540,-0.13892650604248047,0.047137677669525146,0.008139222860336304,-0.41897839307785034,-0.6061991453170776,0.14706940459212497,1e-05,0.4064192666503413,10000.0,0.4012965356084699,1000.0,0.4005909562110901
C,C_CO_2015-06-29,C_CO_2015-06-30,1,1,0.053751081228256226,0.18095895648002625,0.23187711834907532,0.23275455832481384,-0.13807296752929688,0.2546682414933911,0.0001,0.28055973632601267,1000.0,0.28107419622862806,1000.0,0.28035587072372437
C,C_CO_2015-06-29,C_CO_2015-07-06,7,7,0.077625572681427,0.11295643448829651,0.12461185455322266,0.11478841304779053,-0.08025157451629639,0.13683854662258232,0.001,0.15451307535651476,1000.0,0.15475867781015284,1000.0,0.15344089269638062
C,C_CO_2015-06-29,C_CO_2015-11-03,120,127,-1.5112278461456299,-0.32551705837249756,-0.05734753608703613,-0.017603665590286255,-0.20834124088287354,0.04288887880058295,1e-05,0.19447090258591998,1000.0,0.19496948822089705,1000.0,0.19365745782852173
C,C_CO_2015-06-29,C_CO_2016-10-21,480,480,-0.9204931259155273,-0.18677860498428345,-0.0007427036762237549,-0.2095523476600647,-0.17397689819335938,0.0952211055715253,1e-05,0.4930748221193895,10000.0,0.49389981696236074,1000.0,0.4932456612586975
C,C_CO_2015-06-30,C_CO_2015-07-01,1,1,0.009249389171600342,0.15875503420829773,0.17817211151123047,0.15449601411819458,-0.26625025272369385,0.2354191090914463,1e-05,0.2535062934358721,1000.0,0.25343793622374916,1000.0,0.25341159105300903
C,C_CO_2015-06-30,C_CO_2015-07-07,7,7,0.12120071053504944,0.12231820821762085,0.12883523106575012,0.09749320149421692,-0.14910674095153809,0.13832512799011543,1e-06,0.15299353216105183,1000.0,0.1530993446514059,1000.0,0.15169087052345276
C,C_CO_2015-06-30,C_CO_2015-11-03,120,126,-1.5670955181121826,-0.08773219585418701,-0.049495816230773926,-0.1148524284362793,-0.2529498338699341,0.047769852701458504,1e-05,0.19447090258591998,1000.0,0.19510145359123876,1000.0,0.19365745782852173
C,C_CO_2015-06-30,C_CO_2016-10-21,480,479,-1.172866940498352,-0.28266721963882446,-0.05086153745651245,-0.20663732290267944,-0.38577723503112793,0.09182606058951054,1e-05,0.4930748221193895,10000.0,0.49362088106713903,1000.0,0.4932456612586975
C,C_CO_2015-07-01,C_CO_2015-07-03,1,2,0.18028253316879272,0.16334214806556702,0.16177260875701904,0.11446934938430786,-0.17442047595977783,0.18586278193877415,0.001,0.22086061662595546,10000.0,0.2251855723687028,10000.0,0.22583258152008057
C,C_CO_2015-07-01,C_CO_2015-07-08,7,7,0.1455308496952057,0.1537044644355774,0.15500226616859436,0.136979877948761,-0.10559612512588501,0.18840032740807477,0.001,0.27851544958818125,1000.0,0.27892562370392016,1000.0,0.27817052602767944
C,C_CO_2015-07-01,C_CO_2015-11-03,120,125,-1.1743416786193848,-0.0901535153388977,-0.0640794038772583,-0.0586775541305542,-0.2404887080192566,0.03182296622206027,1e-05,0.19447090258591998,1000.0,0.19451345119198654,1000.0,0.19365745782852173
C,C_CO_2015-07-01,C_CO_2016-10-21,480,478,-2.0024051666259766,-0.096285879611969,-0.03780636191368103,-0.09869250655174255,-0.613810658454895,0.09556421105158286,1e-06,0.4930748221193895,10000.0,0.49392945371655234,1000.0,0.4932456612586975
C,C_CO_2015-07-03,C_CO_2015-07-10,7,7,0.07554173469543457,0.11146959662437439,0.12832504510879517,0.13989374041557312,-0.12291151285171509,0.17979225617152833,0.001,0.2195851628373453,1000.0,0.2193674198528094,1000.0,0.21852579712867737
C,C_CO_2015-07-03,C_CO_2015-11-03,120,123,-0.8671962022781372,-0.02919098734855652,-0.027469158172607422,-0.019932866096496582,-0.038848280906677246,0.03147125291748487,0.0001,0.19447090258591998,1000.0,0.1949907272143816,1000.0,0.19365745782852173
C,C_CO_2015-07-03,C_CO_2016-10-21,480,476,-1.3389885425567627,-0.16220152378082275,-0.042616039514541626,-0.11916357278823853,-0.2773483991622925,0.08889827868461903,1e-05,0.4930748221193895,10000.0,0.49397106078019987,1000.0,0.4932456612586975
C,C_CO_2015-07-06,C_CO_2015-07-07,1,1,0.05820164084434509,0.15050342679023743,0.15427345037460327,0.13517576456069946,-0.012204110622406006,0.137875646646139,0.0001,0.15299353216105183,1000.0,0.15797198988350336,10000.0,0.15169087052345276
C,C_CO_2015-07-06,C_CO_2015-07-13,7,7,0.11647287011146545,0.13897493481636047,0.15951290726661682,0.168503999710083,-0.254740834236145,0.15188346860419383,1e-05,0.20797854770274354,1000.0,0.20723206062815136,10000.0,0.2070123851299286
C,C_CO_2015-07-06,C_CO_2015-11-03,120,120,-1.5663669109344482,-0.054029881954193115,-0.030959784984588623,-0.0534551739692688,-0.2807636260986328,0.05151249070555264,1e-05,0.19447090258591998,1000.0,0.19495805813679862,1000.0,0.19365745782852173
C,C_CO_2015-07-06,C_CO_2016-10-21,480,473,-1.190403699874878,-0.1403328776359558,-0.025102555751800537,-0.2508772611618042,-0.3981192708015442,0.08293411386959565,1e-05,0.4930748221193895,10000.0,0.4937909358971165,1000.0,0.4932456612586975
C,C_CO_2015-07-07,C_CO_2015-07-08,1,1,0.11015015840530396,0.16665121912956238,0.17565596103668213,0.15897518396377563,-0.2098015546798706,0.19858557506576208,1e-05,0.27851544958818125,1000.0,0.27796720352618765,1000.0,0.27817052602767944
C,C_CO_2015-07-07,C_CO_2015-07-14,7,7,0.1836160123348236,0.20063188672065735,0.20488378405570984,0.14715850353240967,-0.02850821614265442,0.21513948841396308,0.0001,0.26415297584965036,1000.0,0.26542778845059517,1000.0,0.2637026607990265
C,C_CO_2015-07-07,C_CO_2015-11-04,120,120,-0.45441317558288574,0.06603831052780151,0.05729314684867859,-0.021827995777130127,-0.25812435150146484,0.12628239673665825,1e-05,0.28362385664951734,1000.0,0.2832855916949665,1000.0,0.2898181080818176
C,C_CO_2015-07-07,C_CO_2016-10-21,480,472,-1.699557900428772,0.0012153685092926025,0.039275407791137695,-0.3281019926071167,-0.24139654636383057,0.08771916444670536,0.0001,0.4930748221193895,10000.0,0.4940048768550789,1000.0,0.4932456612586975
C,C_CO_2015-07-08,C_CO_2015-07-09,1,1,-0.16667303442955017,0.11352825164794922,0.14656588435173035,0.1705399751663208,-0.11453390121459961,0.18674115979230438,0.0001,0.1985166891166813,1000.0,0.19471269203117142,10000.0,0.1971510350704193
C,C_CO_2015-07-08,C_CO_2015-07-15,7,7,-0.0001971125602722168,0.2238938808441162,0.22121959924697876,0.19433623552322388,-0.21449881792068481,0.23924009912225952,0.001,0.2650637418516238,1000.0,0.2684697324423356,10000.0,0.2647687792778015
C,C_CO_2015-07-08,C_CO_2015-11-04,120,119,-1.9062353372573853,-0.13996699452400208,-0.06713035702705383,-0.19846075773239136,-0.12104672193527222,0.10756088834769656,0.0001,0.28362385664951734,1000.0,0.28248303239586803,1000.0,0.2898181080818176
C,C_CO_2015-07-08,C_CO_2016-10-21,480,471,-1.6912845373153687,-0.1600867211818695,-0.10991969704627991,-0.3496018648147583,-0.6376512050628662,0.13678786227771278,0.0001,0.4930748221193895,10000.0,0.4936922575646111,1000.0,0.4932456612586975
C,C_CO_2015-07-09,C_CO_2015-07-10,1,1,0.09263205528259277,0.2135085165500641,0.21184101700782776,0.2078574001789093,-0.324921190738678,0.21428330794953138,0.001,0.2195851628373453,1000.0,0.2241772378367033,10000.0,0.21852579712867737
C,C_CO_2015-07-09,C_CO_2015-07-16,7,7,0.12555772066116333,0.1851964294910431,0.18132558465003967,0.18671917915344238,-0.18746989965438843,0.21576587975712402,0.0001,0.25577460279938374,1000.0,0.2526322182221501,10000.0,0.2557334005832672
C,C_CO_2015-07-09,C_CO_2015-11-06,120,120,-0.9322940111160278,0.05648794770240784,0.03494894504547119,0.055845826864242554,-0.45185208320617676,0.13738556453920509,1e-06,0.24242036637736863,1000.0,0.24210014278076647,1000.0,0.24214878678321838
C,C_CO_2015-07-09,C_CO_2016-10-21,480,470,-0.5676752924919128,-0.031549692153930664,0.022330522537231445,-0.3331940770149231,-0.6397479176521301,0.11343530438573002,0.0001,0.4930748221193895,10000.0,0.4942101877880072,1000.0,0.4932456612586975
C,C_CO_2015-07-10,C_CO_2015-07-16,7,6,0.16300883889198303,0.15575703978538513,0.14974480867385864,0.1355132758617401,-0.17041605710983276,0.2219747398481336,0.0001,0.25577460279938374,1000.0,0.25509045609132525,1000.0,0.2557334005832672
C,C_CO_2015-07-10,C_CO_2015-11-06,120,119,-0.4646908640861511,0.04793313145637512,0.043033093214035034,-0.035685211420059204,-0.42594432830810547,0.14460571336760808,1e-06,0.24242036637736863,1000.0,0.24194774229078742,1000.0,0.24214878678321838
C,C_CO_2015-07-10,C_CO_2016-10-21,480,469,-0.5218740701675415,-0.0014078617095947266,0.02788582444190979,-0.27413415908813477,-0.16446444392204285,0.10400176601531713,0.0001,0.4930748221193895,10000.0,0.4940804874008207,1000.0,0.4932456612586975
C,C_CO_2015-07-13,C_CO_2015-07-14,1,1,0.12230432033538818,0.1984756886959076,0.19634336233139038,0.19699299335479736,-0.13801950216293335,0.2259609644087236,0.0001,0.26415297584965036,1000.0,0.26518271461251725,1000.0,0.2637026607990265
C,C_CO_2015-07-13,C_CO_2015-11-10,120,120,-0.10598838329315186,0.09944289922714233,0.1062721312046051,0.031163126230239868,-0.33282172679901123,0.15583430089009292,0.0001,0.31502798333363974,1000.0,0.3156341191856691,1000.0,0.31414148211479187
C,C_CO_2015-07-13,C_CO_2016-10-21,480,466,-0.25716644525527954,-0.13606446981430054,-0.009462177753448486,-0.15641182661056519,-0.34926658868789673,0.1171854070278826,0.0001,0.4930748221193895,10000.0,0.49389028157964043,1000.0,0.4932456612586975
C,C_CO_2015-07-14,C_CO_2015-07-15,1,1,0.2673044204711914,0.2673388421535492,0.27037474513053894,0.24013561010360718,-0.10494369268417358,0.2686665291643613,0.001,0.2650637418516238,1000.0,0.2760435658328857,10000.0,0.2647687792778015
C,C_CO_2015-07-14,C_CO_2015-11-10,120,119,-1.1066200733184814,-0.12461668252944946,0.024295836687088013,0.03567829728126526,-0.14827650785446167,0.22417686067890624,1e-05,0.31502798333363974,1000.0,0.3159577812540791,1000.0,0.31414148211479187
C,C_CO_2015-07-14,C_CO_2016-10-21,480,465,-1.0013060569763184,-0.1805744767189026,-0.05094262957572937,-0.46244311332702637,-0.2698367238044739,0.1770998560130681,1e-05,0.4930748221193895,10000.0,0.49359622016225535,1000.0,0.4932456612586975
C,C_CO_2015-07-15,C_CO_2015-07-16,1,1,-0.03818809986114502,0.16328918933868408,0.15899649262428284,0.11975297331809998,-0.29207777976989746,0.2254027157244768,0.001,0.25577460279938374,1000.0,0.2446230765170886,10000.0,0.2557334005832672
C,C_CO_2015-07-15,C_CO_2015-11-12,120,120,-1.746056079864502,-0.03405982255935669,0.018481910228729248,-0.185075044631958,-0.24120712280273438,0.14783673963543026,0.0001,0.27918969611299316,1000.0,0.27864871149425435,1000.0,0.2790442109107971
C,C_CO_2015-07-15,C_CO_2016-10-21,480,464,-0.9045836925506592,-0.0360618531703949,0.013590633869171143,-0.32266825437545776,-0.6214852333068848,0.14355252396229873,1e-06,0.4930748221193895,10000.0,0.4938477200264168,1000.0,0.4932456612586975
C,C_CO_2015-07-16,C_CO_2015-11-13,120,120,-0.8167126178741455,0.034286946058273315,0.03839999437332153,0.015088856220245361,-0.22762566804885864,0.13289256554904677,1e-05,0.31999249566803284,1000.0,0.31988581213881967,1000.0,0.3185441195964813
C,C_CO_2015-07-16,C_CO_2016-10-21,480,463,-1.0389904975891113,-0.1363779902458191,-0.020054340362548828,-0.30345582962036133,-0.4520567059516907,0.1112061927436438,1e-05,0.4930748221193895,10000.0,0.494143698354513,1000.0,0.4932456612586975
C,C_CO_2015-11-03,C_CO_2015-11-04,1,1,0.12239906191825867,0.12365800142288208,0.15474531054496765,0.1408093273639679,-0.3813099265098572,0.16690966673138796,0.0001,0.28362385664951734,1000.0,0.2835149594648697,1000.0,0.2898181080818176
C,C_CO_2015-11-03,C_CO_2015-11-10,7,7,-0.10107424855232239,0.16273677349090576,0.1969185471534729,0.21808788180351257,-0.42970722913742065,0.21555852346130133,0.0001,0.31502798333363974,1000.0,0.3150371077607763,1000.0,0.31414148211479187
C,C_CO_2015-11-03,C_CO_2015-12-01,30,28,0.011153429746627808,0.12854593992233276,0.13499286770820618,0.08165422081947327,-0.33448493480682373,0.1687216428757337,0.0001,0.2523432792559071,1000.0,0.2528042045294272,1000.0,0.2511249780654907
C,C_CO_2015-11-04,C_CO_2015-11-06,1,2,0.11941039562225342,0.2172011137008667,0.21627777814865112,0.2066381871700287,-0.20646196603775024,0.22993421193940056,0.001,0.24242036637736863,1000.0,0.2446841383880199,10000.0,0.24214878678321838
C,C_CO_2015-11-04,C_CO_2015-11-10,7,6,0.06797951459884644,0.2446039319038391,0.21340614557266235,0.2533077299594879,-0.2641022801399231,0.28916663224145495,0.0001,0.31502798333363974,1000.0,0.3151808224206003,1000.0,0.31414148211479187
C,C_CO_2015-11-04,C_CO_2015-12-01,30,27,0.05616644024848938,0.24138760566711426,0.233778715133667,0.2084159255027771,-0.05857837200164795,0.2576645234416799,0.0001,0.2523432792559071,1000.0,0.2617582122070351,10000.0,0.2511249780654907
C,C_CO_2015-11-06,C_CO_2015-11-13,7,7,0.21690773963928223,0.2758612334728241,0.2715643644332886,0.2671107053756714,0.054095953702926636,0.30146461515827966,0.0001,0.31999249566803284,1000.0,0.32007627463440613,1000.0,0.3185441195964813
C,C_CO_2015-11-06,C_CO_2015-12-01,30,25,0.06486400961875916,0.2227758765220642,0.21608346700668335,0.20564302802085876,-0.030477434396743774,0.2511337988820374,0.0001,0.2523432792559071,1000.0,0.2529321940750395,1000.0,0.2511249780654907
C,C_CO_2015-11-09,C_CO_2015-11-10,1,1,0.2591317892074585,0.2942274510860443,0.29858148097991943,0.2948957681655884,0.03945133090019226,0.3101200501344509,0.0001,0.31502798333363974,1000.0,0.3217650028292251,10000.0,0.31414148211479187
C,C_CO_2015-11-09,C_CO_2015-11-16,7,7,0.15238383412361145,0.18459391593933105,0.1835748255252838,0.1865854263305664,-0.259587824344635,0.21670999502460425,0.0001,0.24554705948710498,1000.0,0.24629290468991588,1000.0,0.2444881796836853
C,C_CO_2015-11-10,C_CO_2015-11-12,1,2,0.16736355423927307,0.23755529522895813,0.22388222813606262,0.21771034598350525,-0.26697999238967896,0.2497182459426171,0.0001,0.27918969611299316,1000.0,0.278051004461857,10000.0,0.2790442109107971
C,C_CO_2015-11-10,C_CO_2015-11-17,7,7,0.2456696331501007,0.25977346301078796,0.25936493277549744,0.24039727449417114,-0.24483925104141235,0.2926965253872751,0.0001,0.31174791985651956,1000.0,0.3144029502657485,10000.0,0.31153005361557007
C,C_CO_2015-11-12,C_CO_2015-11-13,1,1,0.06079402565956116,0.23463010787963867,0.265776127576828,0.2396073043346405,-0.2290266752243042,0.28577291992412046,0.0001,0.31999249566803284,1000.0,0.31973717656121653,1000.0,0.3185441195964813
C,C_CO_2015-11-12,C_CO_2015-11-19,7,7,-0.002698838710784912,0.21549633145332336,0.23952636122703552,0.21873661875724792,0.05247202515602112,0.28848862112217233,0.0001,0.312764245489648,1000.0,0.3138962981227487,1000.0,0.31290438771247864
C,C_CO_2015-11-13,C_CO_2015-11-20,7,7,0.1253558099269867,0.1496560275554657,0.1295534372329712,0.17288392782211304,-0.13448959589004517,0.22798768895865035,0.0001,0.2865838435883422,1000.0,0.2852069534805557,1000.0,0.2857136130332947
C,C_CO_2015-11-16,C_CO_2015-11-17,1,1,0.2113507091999054,0.24752619862556458,0.25289684534072876,0.24161040782928467,-0.32792460918426514,0.2791479402121898,0.0001,0.31174791985651956,1000.0,0.3080231397118831,10000.0,0.31153005361557007
C,C_CO_2015-11-17,C_CO_2015-11-19,1,2,0.2113347053527832,0.2682451903820038,0.2687392234802246,0.24637514352798462,-0.07963338494300842,0.2967457335654134,0.0001,0.312764245489648,1000.0,0.31386637528455014,10000.0,0.31290438771247864
C,C_CO_2015-11-19,C_CO_2015-11-20,1,1,0.2128804326057434,0.22439494729042053,0.22564885020256042,0.21273711323738098,-0.257621169090271,0.2655784330295805,0.0001,0.2865838435883422,1000.0,0.283297238957177,10000.0,0.2857136130332947
C,C_CO_2016-09-09,C_CO_2016-09-15,7,6,0.1278476119041443,0.22940105199813843,0.2586526870727539,0.2998906672000885,0.29068106412887573,0.3854695816394246,1e-05,0.46297314553010893,10000.0,0.46085893932709715,1000.0,0.4596283435821533
C,C_CO_2016-09-09,C_CO_2016-10-07,30,28,-0.6203295588493347,0.06979089975357056,0.13219955563545227,0.16563141345977783,0.16522571444511414,0.26409525718560956,0.0001,0.43807928276908076,10000.0,0.43530039628296,10000.0,0.4361548125743866
C,C_CO_2016-09-12,C_CO_2016-09-14,1,2,0.42306745052337646,0.4250609874725342,0.41978999972343445,0.4021882116794586,0.3994513750076294,0.44857272927061714,0.0001,0.4926037588992904,10000.0,0.4974847294302325,10000.0,0.4926902949810028
C,C_CO_2016-09-12,C_CO_2016-09-19,7,7,-0.020640701055526733,0.3238983452320099,0.3065173923969269,0.2667531669139862,0.1881008744239807,0.36619243348607755,0.0001,0.437662250486873,10000.0,0.43582034609999365,10000.0,0.4310603141784668
C,C_CO_2016-09-12,C_CO_2016-10-11,30,29,-1.4218790531158447,0.11934834718704224,0.12173011898994446,0.12911111116409302,0.11219128966331482,0.2553990797414947,1e-05,0.44010337064314226,10000.0,0.4383900919888356,10000.0,0.4389001429080963
C,C_CO_2016-09-14,C_CO_2016-09-15,1,1,0.25166770815849304,0.28905364871025085,0.29756101965904236,0.3481391370296478,0.34963133931159973,0.4469387961334221,0.0001,0.46297314553010893,10000.0,0.4597247080233965,10000.0,0.4596283435821533
C,C_CO_2016-09-14,C_CO_2016-09-21,7,7,-0.004660189151763916,0.11408865451812744,0.15554451942443848,0.2427067756652832,0.2206839621067047,0.3792858265891805,1e-05,0.45106199189432955,10000.0,0.4485550395151828,1000.0,0.44733551144599915
C,C_CO_2016-09-14,C_CO_2016-10-13,30,29,-0.601639986038208,0.07996082305908203,-0.020699650049209595,0.14203870296478271,0.11114901304244995,0.3547637212836063,1e-05,0.4609858385799705,10000.0,0.4659954411510651,1000.0,0.4647880494594574
C,C_CO_2016-09-15,C_CO_2016-09-21,7,6,-0.11184614896774292,0.31053391098976135,0.32998886704444885,0.3509988784790039,0.3621659278869629,0.37692596007602097,1e-05,0.45106199189432955,10000.0,0.4537724105347289,10000.0,0.44733551144599915
C,C_CO_2016-09-15,C_CO_2016-10-13,30,28,-1.1519289016723633,0.07878756523132324,0.12739476561546326,0.2034977376461029,0.18931162357330322,0.3337026088606703,1e-05,0.4609858385799705,10000.0,0.4660429622317115,1000.0,0.4647880494594574
C,C_CO_2016-09-19,C_CO_2016-09-21,1,2,0.20303985476493835,0.34999290108680725,0.3657490909099579,0.3663272559642792,0.36512428522109985,0.4113662033243691,0.0001,0.45106199189432955,10000.0,0.4555448952401333,10000.0,0.44733551144599915
C,C_CO_2016-09-19,C_CO_2016-10-21,30,32,-0.9565741419792175,0.16175121068954468,0.16337049007415771,0.20221251249313354,0.14574012160301208,0.3172469608541514,1e-05,0.4930748221193895,10000.0,0.4943106282003146,1000.0,0.4932456612586975
C,C_CO_2016-09-21,C_CO_2016-09-23,1,2,-0.6227691769599915,0.2413206696510315,0.2992652952671051,0.30554142594337463,0.2826900780200958,0.3652200574152974,1e-05,0.41008128233443325,10000.0,0.41251274761882367,10000.0,0.4057784080505371
C,C_CO_2016-09-21,C_CO_2016-09-29,7,8,-1.2873632907867432,0.19727450609207153,0.22256702184677124,0.28852611780166626,0.2523665428161621,0.32476628037485106,1e-05,0.4358002249910536,10000.0,0.4374011026384585,1000.0,0.4355688691139221
C,C_CO_2016-09-21,C_CO_2016-10-21,30,30,-3.702850103378296,-0.005999118089675903,0.07558724284172058,0.15975621342658997,0.09141594171524048,0.32437857963509636,1e-05,0.4930748221193895,10000.0,0.49357191470535733,1000.0,0.4932456612586975
C,C_CO_2016-09-23,C_CO_2016-09-29,7,6,0.05973094701766968,0.25814157724380493,0.24752569198608398,0.23637518286705017,0.23586797714233398,0.37065201291050814,1e-05,0.4358002249910536,10000.0,0.4367270741768499,1000.0,0.4355688691139221
C,C_CO_2016-09-23,C_CO_2016-10-21,30,28,-1.4755358695983887,0.09351471066474915,0.12931779026985168,0.03892061114311218,-0.05355921387672424,0.3402506317950034,1e-05,0.4930748221193895,10000.0,0.4938343277307486,1000.0,0.4932456612586975
C,C_CO_2016-09-29,C_CO_2016-10-06,7,7,-0.10781696438789368,0.1869645118713379,0.2794778347015381,0.27147093415260315,0.2997886836528778,0.3464106354905592,0.0001,0.4063002211412723,10000.0,0.4003337518532979,1000.0,0.3994685709476471
C,C_CO_2016-10-05,C_CO_2016-10-06,1,1,-5.282915115356445,-1.1163575649261475,0.33419057726860046,0.32232996821403503,0.3220222294330597,0.36250470938251167,0.0001,0.4063002211412723,10000.0,0.4025190963272809,10000.0,0.3994685709476471
C,C_CO_2016-10-05,C_CO_2016-10-11,7,6,-3.810009479522705,-0.8003861308097839,0.33025607466697693,0.32701149582862854,0.3338854908943176,0.38777503055840834,0.0001,0.44010337064314226,10000.0,0.44192152927032635,10000.0,0.4389001429080963
C,C_CO_2016-10-06,C_CO_2016-10-07,1,1,0.3198634088039398,0.3603179454803467,0.36206161975860596,0.36806365847587585,0.3761296272277832,0.3964629195181207,0.0001,0.43807928276908076,10000.0,0.4421147666704602,10000.0,0.4361548125743866
C,C_CO_2016-10-06,C_CO_2016-10-13,7,7,0.1298065483570099,0.30755114555358887,0.32273226976394653,0.3182184100151062,0.29735735058784485,0.3600366344910788,0.0001,0.4609858385799705,10000.0,0.4640306961242715,10000.0,0.4647880494594574
C,C_CO_2016-10-07,C_CO_2016-10-13,7,6,-0.07009619474411011,0.350670725107193,0.37491685152053833,0.3317178189754486,0.3368358612060547,0.40588418570719204,0.0001,0.4609858385799705,10000.0,0.4649728112791536,10000.0,0.4647880494594574
C,C_CO_2016-10-11,C_CO_2016-10-13,1,2,0.24910706281661987,0.3459755480289459,0.3733885884284973,0.363426148891449,0.3552657663822174,0.4224745261234772,0.0001,0.4609858385799705,10000.0,0.4668325066968638,10000.0,0.4647880494594574
C,C_CO_2016-10-13,C_CO_2016-10-21,7,8,0.060370028018951416,0.3144945502281189,0.3299848735332489,0.3499753475189209,0.353745698928833,0.4285720862274332,1e-05,0.4930748221193895,10000.0,0.4910080049147806,10000.0,0.4932456612586975
C,C_RT_2013-10-09,C_RT_2013-10-10,1,1,0.035264164209365845,0.14570549130439758,0.12738382816314697,0.051355570554733276,-0.43982893228530884,0.18176983764270965,0.001,0.2157018139632046,10000.0,0.20433008708345773,10000.0,0.18896237015724182
C,C_RT_2013-10-09,C_RT_2015-03-16,480,523,-0.20883509516716003,-0.07140576839447021,0.01985517144203186,-0.0016087591648101807,-0.21890097856521606,0.13244137927991628,1e-05,0.2402997296650084,1000.0,0.24019098484021567,1000.0,0.25478237867355347
C,C_RT_2013-10-10,C_RT_2013-10-11,1,1,-15.185277938842773,-13.004627227783203,-0.12587159872055054,-0.06692174077033997,-0.6559632420539856,0.0759423306625735,0.0001,0.1518809270479098,10000.0,0.12584429639629674,10000.0,0.10264316201210022
C,C_RT_2013-10-10,C_RT_2015-03-16,480,522,-3.980800151824951,-1.4103765487670898,-0.008909136056900024,-0.07613641023635864,-0.08188915252685547,0.11801346371028504,1e-05,0.2402997296650084,1000.0,0.2404891071482912,1000.0,0.25478237867355347
C,C_RT_2013-10-11,C_RT_2015-03-16,480,521,-0.32123589515686035,-0.2630265951156616,-0.002795964479446411,-0.013794630765914917,-0.22457367181777954,0.13867451243760315,1e-05,0.2402997296650084,1000.0,0.24062780139321038,1000.0,0.25478237867355347
C,C_RT_2013-10-28,C_RT_2013-10-29,1,1,0.052188366651535034,0.21521207690238953,0.2096368372440338,0.18031203746795654,-0.19102150201797485,0.2486576076831672,0.0001,0.25070954704998677,10000.0,0.25962998099410667,10000.0,0.2539254426956177
C,C_RT_2013-10-28,C_RT_2015-03-16,480,504,-2.200479745864868,-0.23343497514724731,-0.057202696800231934,-0.10651963949203491,-0.13394159078598022,0.12522951507948443,1e-05,0.2402997296650084,1000.0,0.24044376902099307,1000.0,0.25478237867355347
C,C_RT_2013-10-29,C_RT_2015-03-16,480,503,-0.5147966742515564,-0.3365434408187866,-0.06912654638290405,-0.11718696355819702,-0.3381330966949463,0.12371905557326124,1e-05,0.2402997296650084,1000.0,0.24080569046492772,1000.0,0.25478237867355347
C,C_RT_2013-12-09,C_RT_2013-12-10,1,1,0.23240461945533752,0.2921063005924225,0.289901465177536,0.24536964297294617,-0.40389180183410645,0.299716598438184,0.0001,0.3450542554110161,1000.0,0.3447468074831022,1000.0,0.34320101141929626
C,C_RT_2013-12-09,C_RT_2013-12-17,7,8,-0.695749044418335,-0.4352375268936157,0.1471041440963745,0.10060727596282959,-0.4162769913673401,0.19802737267191473,0.0001,0.2890744915044935,1000.0,0.2882207800700481,1000.0,0.2869263291358948
C,C_RT_2013-12-09,C_RT_2015-03-20,480,466,-8.632709503173828,-1.13167405128479,0.0899229347705841,-0.003226935863494873,-0.43000584840774536,0.17239595174042754,1e-05,0.21408490211473685,1000.0,0.21429988378863796,1000.0,0.28373873233795166
C,C_RT_2013-12-10,C_RT_2013-12-12,1,2,0.14595896005630493,0.19255703687667847,0.20567172765731812,0.17321711778640747,-0.3181537389755249,0.26525071514174836,1e-05,0.3040544092931609,1000.0,0.30463258398307674,10000.0,0.3032348155975342
C,C_RT_2013-12-10,C_RT_2013-12-17,7,7,-0.29598259925842285,-0.05854567885398865,0.10279923677444458,0.03667619824409485,-0.25547659397125244,0.20713276903730343,0.0001,0.2890744915044935,1000.0,0.28817524278317197,1000.0,0.2869263291358948
C,C_RT_2013-12-10,C_RT_2015-03-20,480,465,-1.6404356956481934,-1.5203900337219238,0.048758864402770996,-0.029863178730010986,-0.20848149061203003,0.16019408650714,1e-05,0.21408490211473685,1000.0,0.21386051681315715,1000.0,0.28373873233795166
C,C_RT_2013-12-12,C_RT_2013-12-13,1,1,0.1677829623222351,0.2361939549446106,0.2591727077960968,0.21894294023513794,-0.016766011714935303,0.2615008463246883,0.0001,0.30218744921532076,1000.0,0.3075753402968313,10000.0,0.30144402384757996
C,C_RT_2013-12-12,C_RT_2013-12-18,7,6,0.03252437710762024,0.15223294496536255,0.17745298147201538,0.1664702594280243,-0.3817330598831177,0.21704952107459796,0.0001,0.28173251394164806,1000.0,0.2822168513699807,1000.0,0.28007346391677856
C,C_RT_2013-12-12,C_RT_2015-03-20,480,463,-1.1275699138641357,-0.7811210751533508,0.026133954524993896,-0.09405863285064697,-0.3419697880744934,0.12916588286038555,1e-05,0.21408490211473685,1000.0,0.21421630702626515,1000.0,0.28373873233795166
C,C_RT_2013-12-13,C_RT_2015-03-20,480,462,-1.888244390487671,-0.6088277101516724,-0.004404574632644653,-0.13125330209732056,-0.6007803678512573,0.08473650670732485,1e-05,0.21408490211473685,1000.0,0.21496362394844554,1000.0,0.28373873233795166
C,C_RT_2013-12-17,C_RT_2013-12-18,1,1,0.17752090096473694,0.19824552536010742,0.19027316570281982,0.17489933967590332,0.05532291531562805,0.22260100906608166,0.0001,0.28173251394164806,1000.0,0.2820625337246068,1000.0,0.28007346391677856
C,C_RT_2013-12-17,C_RT_2015-03-20,480,458,-1.7781434059143066,-0.4261810779571533,-0.07730776071548462,-0.12642896175384521,-0.41216719150543213,0.11298843687303284,0.0001,0.21408490211473685,1000.0,0.21408910675282938,1000.0,0.28373873233795166
C,C_RT_2013-12-18,C_RT_2015-03-20,480,457,-1.3330150842666626,-0.5025498867034912,-0.03958049416542053,-0.1784459948539734,-0.45431792736053467,0.08757497231517536,1e-05,0.21408490211473685,1000.0,0.21460637020322026,1000.0,0.28373873233795166
C,C_RT_2015-03-16,C_RT_2015-03-17,1,1,0.1506531834602356,0.16350895166397095,0.15710505843162537,0.14912277460098267,-0.3424495458602905,0.1921458804310177,0.0001,0.23626412722898554,10000.0,0.23748195425419982,10000.0,0.25821924209594727
C,C_RT_2015-03-17,C_RT_2015-03-18,1,1,0.3414919078350067,0.3384600579738617,0.33654871582984924,0.3286779820919037,-0.2071545124053955,0.30358848075433814,1e-05,0.30562821572267385,1000.0,0.30611822201670646,1000.0,0.37006327509880066
C,C_RT_2015-03-18,C_RT_2015-03-20,1,2,0.14150813221931458,0.2602469325065613,0.27155178785324097,0.22609850764274597,-0.6480661034584045,0.2187795271231745,0.0001,0.21408490211473685,1000.0,0.23038791292699756,10000.0,0.28373873233795166
