train,test,style,gap_target,days,train_day,L0,L1,L2,L4u,L3_n300,L4_n300,L5_n300,L6_n300,L6p_n300,own
2020-01-27_CO,2020-01-30_CO,CO,2,3,0,-0.7587471604347229,0.1329515278339386,0.2210828810930252,-0.02434040606021881,0.21424370767882916,0.10822404908504013,0.2823425531387329,0.31283640154830816,0.3159596544388795,0.3069942593574524
2020-01-27_CO,2020-01-30_CO,CO,4,3,0,-0.7587471604347229,0.1329515278339386,0.2210828810930252,-0.02434040606021881,0.21424370767882916,0.10822404908504013,0.2823425531387329,0.31283640154830816,0.3159596544388795,0.3069942593574524
2020-01-27_CO,2020-02-04_CO,CO,7,8,0,-0.25390854477882385,0.08050622045993805,0.1514759659767151,-0.30406469106674194,0.19876127803357074,0.06518269816822078,0.23500944674015045,0.28989956620602186,0.290972639070596,0.2840074300765991
2020-01-27_CO,2020-02-11_CO,CO,14,15,0,-0.3560835123062134,0.1625734269618988,0.16746929287910461,-0.04075458645820618,0.2053535397153952,0.11619653556451748,0.2745891809463501,0.29317770011330535,0.30038542325564666,0.2883591055870056
2020-01-27_CO,2020-02-25_CO,CO,30,29,0,-2.185868740081787,-0.15134961903095245,-0.013815119862556458,-0.07347309589385986,0.04500565460172415,0.04903191137597096,0.16525837779045105,0.22099635658934755,0.21900417068819247,0.212036594748497
2020-01-27_CO,2020-09-24_CO,CO,240,241,0,-6.014293193817139,-0.3584786057472229,-0.06252892315387726,-0.022860631346702576,0.011530788896039479,0.06630548253568944,0.16788385808467865,0.27047342604361124,0.27185836803219027,0.26374170184135437
2020-01-27_CO,2021-03-13_CO,CO,480,411,0,-2.2659714221954346,-0.27775144577026367,-0.25045445561408997,-0.2090822458267212,-0.051726433428768426,0.016243889320267685,0.0722520500421524,0.240858902432172,0.23838064727024352,0.23161622881889343
2020-02-04_CO,2020-02-05_CO,CO,1,1,8,-0.35305142402648926,0.15101934969425201,0.1930604726076126,-0.05182501673698425,0.21130188090487406,0.0847788005122605,0.2677360773086548,0.3060437475427597,0.30542812914435236,0.3023371398448944
2020-02-04_CO,2020-02-06_CO,CO,2,2,8,-2.0637879371643066,-0.005872130393981934,0.16379527747631073,-0.018969818949699402,0.22415509556432872,0.08179606390394276,0.28458738327026367,0.2923001747104913,0.29181944956965244,0.28434842824935913
2020-02-04_CO,2020-02-11_CO,CO,7,7,8,-0.3133692443370819,0.18708914518356323,0.22844822704792023,-0.024132683873176575,0.2324343606653985,0.12579758244434325,0.2753337621688843,0.29317770011330535,0.29868263093331915,0.2883591055870056
2020-02-04_CO,2020-06-26_CO,CO,120,143,8,-0.5206434726715088,-0.11032770574092865,-0.10025739669799805,-0.05283808708190918,0.032148012171984486,0.02521638123428427,0.13948127627372742,0.19385331264165567,0.1886397279188961,0.18396984040737152
2020-02-04_CO,2020-10-02_CO,CO,240,241,8,-0.4664187431335449,0.0615200400352478,0.043396368622779846,-0.20142090320587158,0.09164992515975606,0.008406304738020426,0.18176597356796265,0.2644898091820138,0.2639693623709398,0.26639658212661743
2020-02-04_CO,2021-03-13_CO,CO,480,403,8,-3.0622596740722656,-0.12073355913162231,-0.1519453227519989,-0.1937209963798523,0.012035764355169926,0.009533427322266058,0.09635902941226959,0.240858902432172,0.23944563711770928,0.23161622881889343
2020-02-06_CO,2020-02-11_CO,CO,4,5,10,-0.38948777318000793,0.11879165470600128,0.1350691318511963,0.022189021110534668,0.1719758197093175,0.11461070852927221,0.24104580283164978,0.29317770011330535,0.2916083868558118,0.2883591055870056
2020-02-06_CO,2020-02-22_CO,CO,14,16,10,-0.2127806395292282,0.047895535826683044,0.08526141941547394,-0.023361042141914368,0.15756956156093513,0.0968559985329207,0.2198425829410553,0.29867077454629154,0.2927791561730116,0.2927793264389038
2020-02-06_CO,2020-06-26_CO,CO,120,141,10,-2.108491897583008,-0.2239292412996292,-0.20598697662353516,-0.18196535110473633,-0.026902124789418363,0.011686092382572455,0.10405756533145905,0.19385331264165567,0.18851629667067665,0.18396984040737152
2020-02-06_CO,2020-10-02_CO,CO,240,239,10,-1.3069243431091309,0.05084185302257538,-0.012621521949768066,-0.08184799551963806,0.07360908388684714,0.05773868165860352,0.15087522566318512,0.2644898091820138,0.2684569805202547,0.26639658212661743
2020-02-06_CO,2021-03-13_CO,CO,480,401,10,-2.6507229804992676,-0.1392805576324463,-0.30288735032081604,-0.12877318263053894,-0.03725068116555985,0.030599564250979344,0.04656112194061279,0.240858902432172,0.23835420903672494,0.23161622881889343
2020-03-02_RD,2020-03-10_RD,RD,7,8,35,-3.568727970123291,0.10535271465778351,0.3074414134025574,0.034935176372528076,0.3459016269726463,0.14241827230774914,0.3793067932128906,0.402977522496101,0.4062180220425281,0.404556006193161
2020-03-02_RD,2020-03-17_RD,RD,14,15,35,-6.957372665405273,-0.13421589136123657,0.25083696842193604,-0.18548035621643066,0.2813314329023458,0.11117088629676342,0.3321395218372345,0.37852046241728887,0.3794325564820934,0.37487202882766724
2020-03-02_RD,2020-07-29_RD,RD,120,149,35,-0.21128898859024048,0.09368807077407837,0.1383143663406372,0.04358269274234772,0.2179251974636168,0.1028923016231337,0.28411465883255005,0.3502872036479333,0.350198587243306,0.34804362058639526
2020-03-02_RD,2020-12-12_RD,RD,240,285,35,-0.6000149250030518,0.04660212993621826,0.04966074228286743,-0.06182397902011871,0.11290385888007567,0.07138834288916776,0.21378259360790253,0.2631270064670047,0.2623036878001378,0.259616494178772
2020-03-02_RD,2021-03-19_RD,RD,480,382,35,-3.1277101039886475,-0.136588454246521,-0.15676839649677277,-0.21200254559516907,0.09267001295270783,0.03637604372153816,0.16520099341869354,0.28164317189987065,0.28150987420057505,0.2771323621273041
2020-03-18_RD,2020-03-19_RD,RD,1,1,51,-0.8952459096908569,0.2740707993507385,0.28581202030181885,0.02537989616394043,0.30119915449690826,0.07120490045509731,0.3378508687019348,0.3625597330243179,0.3586229393183178,0.36061882972717285
2020-03-18_RD,2020-03-20_RD,RD,2,2,51,-1.4929256439208984,0.20585906505584717,0.23253650963306427,-0.022996962070465088,0.24973092071695874,0.11117574390715027,0.26569050550460815,0.29327691228635716,0.2930964612097263,0.29047417640686035
2020-03-18_RD,2020-07-29_RD,RD,120,133,51,-0.06357909739017487,0.045569658279418945,0.07106725871562958,-0.0496138334274292,0.18583303433955092,0.13525526739986182,0.28999558091163635,0.3502872036479333,0.35048471671692055,0.34804362058639526
2020-03-18_RD,2020-12-12_RD,RD,240,269,51,-0.22552929818630219,-0.06475570797920227,-0.024836421012878418,-0.11766451597213745,0.09556316586719274,0.11080220424952131,0.20113888382911682,0.2631270064670047,0.2620710056545833,0.259616494178772
2020-03-18_RD,2021-03-19_RD,RD,480,366,51,-2.0497541427612305,-0.05972525477409363,-0.11102941632270813,-0.08191993832588196,0.06993826398745454,0.09970631197749047,0.14322909712791443,0.28164317189987065,0.2806752995928141,0.2771323621273041
2020-03-20_RD,2020-07-29_RD,RD,120,131,53,-1.0303131341934204,0.042206764221191406,0.15214475989341736,-0.04995672404766083,0.21701607057761219,0.14621535978407066,0.29911136627197266,0.3502872036479333,0.3509954124680924,0.34804362058639526
2020-03-20_RD,2020-12-12_RD,RD,240,267,53,-1.4627701044082642,-0.016067713499069214,0.048001304268836975,0.0016829818487167358,0.12117751145202099,0.12575823284751053,0.21203374862670898,0.2631270064670047,0.2622194534668099,0.259616494178772
2020-03-20_RD,2021-03-19_RD,RD,480,364,53,-2.2054076194763184,-0.041135042905807495,-0.06307926774024963,-0.19002878665924072,0.10143352067097036,0.033309870766585176,0.16674481332302094,0.28164317189987065,0.28266729418697234,0.2771323621273041
2020-09-04_RD,2021-01-21_RD,RD,120,139,221,-1.1338551044464111,0.02325756847858429,0.08147257566452026,-0.04883435368537903,0.16902035237112836,0.1526808453546663,0.3352711498737335,0.40127914090776773,0.4002444436937014,0.4002447724342346
2020-09-04_RD,2021-03-19_RD,RD,240,196,221,-0.6163076162338257,-0.006300762295722961,-0.0047516971826553345,-0.15755188465118408,0.0943085924848587,0.07570220396300256,0.2014097422361374,0.28164317189987065,0.28142916445386246,0.2771323621273041
2020-10-12_CO,2020-10-16_CO,CO,4,4,259,-0.9406181573867798,0.19862087070941925,0.2228993922472,0.014810174703598022,0.23453648644965594,0.1510674280812538,0.28575125336647034,0.3099467792804162,0.3131872590118159,0.30262279510498047
2020-10-12_CO,2020-10-23_CO,CO,14,11,259,-0.3192439675331116,0.19752654433250427,0.19823481142520905,-0.018767088651657104,0.2217338316310192,0.11372725749404836,0.28566449880599976,0.31905698941954336,0.3176528853663546,0.31240522861480713
2020-10-12_CO,2020-11-09_CO,CO,30,28,259,-1.2601566314697266,-0.10152940452098846,0.19702579081058502,-0.13761401176452637,0.2289946337650066,0.038451350368492176,0.32627636194229126,0.4035506005726317,0.4055694369297021,0.4024360477924347
2020-10-12_CO,2020-12-11_CO,CO,60,60,259,-1.6299937963485718,-0.15149016678333282,0.016165316104888916,-0.1604558825492859,0.07026870247361264,0.0604501289885844,0.13755276799201965,0.2447802057719361,0.22459232537118312,0.22695182263851166
2020-10-12_CO,2021-02-23_CO,CO,120,134,259,-13.893077850341797,-0.28139054775238037,0.057300418615341187,-0.06489093601703644,0.06915248788297435,0.06198721981481892,0.17980355024337769,0.24270012198546884,0.2426615281570457,0.2391338050365448
2020-11-16_CO,2020-12-03_CO,CO,14,17,294,-3.3052895069122314,0.09713055193424225,0.19999058544635773,-0.02741481363773346,0.21973903844510778,0.09024881418352385,0.27467238903045654,0.2974453808300753,0.31093724803568445,0.29571056365966797
2020-11-16_CO,2020-12-11_CO,CO,30,25,294,-0.9344157576560974,0.057566314935684204,0.08789907395839691,-0.08631899952888489,0.12231422260860145,0.06834562412398781,0.17355948686599731,0.2447802057719361,0.23440949857734722,0.22695182263851166
2020-11-16_CO,2021-01-11_CO,CO,60,56,294,-1.2725636959075928,0.1064656674861908,0.1450648456811905,-0.16344979405403137,0.1573144011228395,0.045413532544263585,0.23110033571720123,0.2709632893214121,0.2870291737991035,0.2815990149974823
2020-11-16_CO,2021-03-13_CO,CO,120,117,294,-2.4045724868774414,0.03452757000923157,0.05207744240760803,-0.15432879328727722,0.10088594676688123,0.05445952055120959,0.13911311328411102,0.240858902432172,0.23957752867894933,0.23161622881889343
2020-12-12_RD,2021-03-19_RD,RD,120,97,320,-2.8958311080932617,-0.018541276454925537,0.0008511394262313843,-0.18801702558994293,0.12053616431784178,0.009971113216378363,0.1935151219367981,0.28164317189987065,0.2811805847797174,0.2771323621273041
2021-01-11_CO,2021-01-23_CO,CO,14,12,350,-9.846837997436523,0.11105722188949585,0.18560779094696045,0.05590967833995819,0.21847142467331881,0.11582817448067562,0.2553372383117676,0.28954339225597947,0.29175733200922793,0.28629717230796814
2021-01-11_CO,2021-03-13_CO,CO,60,61,350,-5.096652984619141,-0.24179618060588837,0.011477798223495483,-0.18057781457901,0.0820042473042148,0.048412748534500644,0.1153382956981659,0.240858902432172,0.2371585305021818,0.23161622881889343
2021-03-05_RD,2021-03-12_RD,RD,7,7,403,-4.1612701416015625,0.13661932945251465,0.14365273714065552,-0.05383758246898651,0.22946840308809588,0.10200682918157392,0.27354180812835693,0.3017823864616179,0.29686585808418203,0.2962264120578766
2021-03-05_RD,2021-03-19_RD,RD,14,14,403,-2.9373888969421387,0.12389214336872101,0.09905192255973816,-0.2205086350440979,0.19948606869893712,0.043404258984944266,0.23946699500083923,0.28164317189987065,0.2802191348308564,0.2771323621273041
