train,gap_target,alpha,r2
T3_day36,0,0.1,-0.33792582154273987
T3_day36,0,10.0,-0.33791041374206543
T3_day36,0,1000.0,-0.3365168273448944
T3_day36,0,10000.0,-0.32640936970710754
T3_day36,0,30000.0,-0.3145791292190552
T3_day36,0,100000.0,-0.31300339102745056
T3_day36,0,300000.0,-0.34964078664779663
T3_day36,0,1000000.0,-0.41407522559165955
T3_day36,1,0.1,-0.3682776689529419
T3_day36,1,10.0,-0.3682596683502197
T3_day36,1,1000.0,-0.3664931058883667
T3_day36,1,10000.0,-0.352847158908844
T3_day36,1,30000.0,-0.3317679762840271
T3_day36,1,100000.0,-0.2932031750679016
T3_day36,1,300000.0,-0.2535252571105957
T3_day36,1,1000000.0,-0.22641724348068237
T3_day36,7,0.1,-0.12639331817626953
T3_day36,7,10.0,-0.12638026475906372
T3_day36,7,1000.0,-0.12511330842971802
T3_day36,7,10000.0,-0.11548823118209839
T3_day36,7,30000.0,-0.10168302059173584
T3_day36,7,100000.0,-0.08143174648284912
T3_day36,7,300000.0,-0.06721603870391846
T3_day36,7,1000000.0,-0.060215532779693604
T3_day36,30,0.1,-0.7007213234901428
T3_day36,30,10.0,-0.7006998658180237
T3_day36,30,1000.0,-0.698462724685669
T3_day36,30,10000.0,-0.6809867024421692
T3_day36,30,30000.0,-0.6539232134819031
T3_day36,30,100000.0,-0.6068339347839355
T3_day36,30,300000.0,-0.5622118711471558
T3_day36,30,1000000.0,-0.5308786630630493
T3_day36,480,0.1,-0.09839403629302979
T3_day36,480,10.0,-0.09838241338729858
T3_day36,480,1000.0,-0.09722059965133667
T3_day36,480,10000.0,-0.0883294939994812
T3_day36,480,30000.0,-0.07526439428329468
T3_day36,480,100000.0,-0.05499899387359619
T3_day36,480,300000.0,-0.03957158327102661
T3_day36,480,1000000.0,-0.03176826238632202
T3_day37,0,0.1,-0.1126471757888794
T3_day37,0,10.0,-0.11263799667358398
T3_day37,0,1000.0,-0.11164659261703491
T3_day37,0,10000.0,-0.10329693555831909
T3_day37,0,30000.0,-0.08830511569976807
T3_day37,0,100000.0,-0.05840027332305908
T3_day37,0,300000.0,-0.03610885143280029
T3_day37,0,1000000.0,-0.0400351881980896
T3_day37,7,0.1,-0.21509528160095215
T3_day37,7,10.0,-0.21507489681243896
T3_day37,7,1000.0,-0.21319162845611572
T3_day37,7,10000.0,-0.19846630096435547
T3_day37,7,30000.0,-0.17533427476882935
T3_day37,7,100000.0,-0.1340632438659668
T3_day37,7,300000.0,-0.09673482179641724
T3_day37,7,1000000.0,-0.07489567995071411
T3_day37,30,0.1,-0.49593639373779297
T3_day37,30,10.0,-0.4959166646003723
T3_day37,30,1000.0,-0.49395954608917236
T3_day37,30,10000.0,-0.47764623165130615
T3_day37,30,30000.0,-0.44889307022094727
T3_day37,30,100000.0,-0.3925149440765381
T3_day37,30,300000.0,-0.3434680104255676
T3_day37,30,1000000.0,-0.3214324712753296
T3_day37,480,0.1,-0.05074644088745117
T3_day37,480,10.0,-0.050740957260131836
T3_day37,480,1000.0,-0.050338685512542725
T3_day37,480,10000.0,-0.046956002712249756
T3_day37,480,30000.0,-0.040890395641326904
T3_day37,480,100000.0,-0.028439462184906006
T3_day37,480,300000.0,-0.015902221202850342
T3_day37,480,1000000.0,-0.007420778274536133
T3_day43,0,0.1,-0.02935895323753357
T3_day43,0,10.0,-0.029348909854888916
T3_day43,0,1000.0,-0.028442680835723877
T3_day43,0,10000.0,-0.022060751914978027
T3_day43,0,30000.0,-0.014855444431304932
T3_day43,0,100000.0,-0.010044306516647339
T3_day43,0,300000.0,-0.012549072504043579
T3_day43,0,1000000.0,-0.01639622449874878
T3_day43,1,0.1,-0.21366310119628906
T3_day43,1,10.0,-0.21356594562530518
T3_day43,1,1000.0,-0.20444488525390625
T3_day43,1,10000.0,-0.15510326623916626
T3_day43,1,30000.0,-0.11571598052978516
T3_day43,1,100000.0,-0.08186393976211548
T3_day43,1,300000.0,-0.06303155422210693
T3_day43,1,1000000.0,-0.05231672525405884
T3_day43,30,0.1,-0.12478369474411011
T3_day43,30,10.0,-0.12475800514221191
T3_day43,30,1000.0,-0.12226098775863647
T3_day43,30,10000.0,-0.10303568840026855
T3_day43,30,30000.0,-0.07581794261932373
T3_day43,30,100000.0,-0.03869062662124634
T3_day43,30,300000.0,-0.015751421451568604
T3_day43,30,1000000.0,-0.0064879655838012695
T3_day43,480,0.1,-0.04514777660369873
T3_day43,480,10.0,-0.045136451721191406
T3_day43,480,1000.0,-0.04400074481964111
T3_day43,480,10000.0,-0.03588491678237915
T3_day43,480,30000.0,-0.025669336318969727
T3_day43,480,100000.0,-0.013825833797454834
T3_day43,480,300000.0,-0.008100450038909912
T3_day43,480,1000000.0,-0.0063790082931518555
T3_day44,0,0.1,-0.15764421224594116
T3_day44,0,10.0,-0.15734714269638062
T3_day44,0,1000.0,-0.13271623849868774
T3_day44,0,10000.0,-0.05921357870101929
T3_day44,0,30000.0,-0.0277998149394989
T3_day44,0,100000.0,-0.012772709131240845
T3_day44,0,300000.0,-0.016406476497650146
T3_day44,0,1000000.0,-0.02401667833328247
T3_day44,30,0.1,-0.10105907917022705
T3_day44,30,10.0,-0.10100585222244263
T3_day44,30,1000.0,-0.09605622291564941
T3_day44,30,10000.0,-0.06822037696838379
T3_day44,30,30000.0,-0.04127460718154907
T3_day44,30,100000.0,-0.016933858394622803
T3_day44,30,300000.0,-0.007440447807312012
T3_day44,30,1000000.0,-0.0043593645095825195
T3_day44,480,0.1,-0.05592101812362671
T3_day44,480,10.0,-0.055897295475006104
T3_day44,480,1000.0,-0.05388098955154419
T3_day44,480,10000.0,-0.04090416431427002
T3_day44,480,30000.0,-0.026157081127166748
T3_day44,480,100000.0,-0.010642826557159424
T3_day44,480,300000.0,-0.004106283187866211
T3_day44,480,1000000.0,-0.0027654170989990234
