subject,train,test,gap_target,days,renorm,rew,rew_nonneg,nonneg_zero_frac,rew_perm,rew_perm_nn,own
T6,T6_day144,T6_day264,120,120,0.06074747443199158,0.07093368272930939,0.07246086299800997,0.17708333333333334,-0.024581206077109785,-0.006049311347473829,0.11555838584899902
T6,T6_day144,T6_day626,480,482,0.023741960525512695,0.12204779404269706,0.11104095080228576,0.20833333333333334,0.08583046325814181,0.028695894224816776,0.26177287101745605
T6,T6_day228,T6_day259,30,31,0.23960787057876587,0.27715190076518453,0.2790531743431527,0.125,0.20996037843845144,0.17803778652147123,0.29427748918533325
T6,T6_day228,T6_day347,120,119,0.11370277404785156,0.14331341392781854,0.14671289843186575,0.16666666666666666,0.03608383540342536,0.018888362852582607,0.14505723118782043
T6,T6_day228,T6_day740,480,512,-0.054622143507003784,0.14955892851851543,0.11799451609011047,0.21875,0.2005002682281642,0.08147893954316604,0.27558982372283936
T6,T6_day446,T6_day447,1,1,0.09791755676269531,0.0968250703715563,0.07510627035008427,0.3020833333333333,0.025380698464147422,0.04767854621993406,0.13773658871650696
T6,T6_day446,T6_day476,30,30,-0.07656127214431763,0.013351978484293814,0.013351978484293314,0.0,0.09378208218297113,0.07615578429714898,0.07771345973014832
T6,T6_day446,T6_day566,120,120,0.025076568126678467,0.12359304653964914,0.11702188632729077,0.21875,0.09857122524959133,0.04665843142961934,0.2042768895626068
T6,T6_day446,T6_day929,480,483,0.001909404993057251,0.3139793879460919,0.22078766642879283,0.052083333333333336,0.2496698296993955,0.19660483145960106,0.3388323485851288
T6,T6_day466,T6_day473,7,7,0.018348336219787598,0.11018888960640844,0.10583824483416004,0.11458333333333333,0.03897697406680217,0.026485299384851668,0.1177472472190857
T6,T6_day466,T6_day496,30,30,0.1554557979106903,0.32902263910494006,0.3189292314801063,0.1875,0.28991248759754173,0.2597521020360585,0.38201552629470825
T6,T6_day466,T6_day584,120,118,0.06304243206977844,0.14801371234936916,0.13125956896167218,0.22916666666666666,0.14375254014514682,0.09825336969314152,0.20119866728782654
T6,T6_day466,T6_day943,480,477,0.11335757374763489,0.2519311109763226,0.24698056653689865,0.23958333333333334,0.263824106463682,0.2357726692834229,0.35994842648506165
T6,T6_day508,T6_day515,7,7,0.15120911598205566,0.2377314191045909,0.2383959175375669,0.1875,0.13888551246530317,0.05245023842270241,0.2399340271949768
T6,T6_day508,T6_day539,30,31,0.180869460105896,0.154150690580877,0.15533411698010813,0.17708333333333334,0.10601817473641306,0.011499218836914682,0.24421599507331848
T6,T6_day508,T6_day628,120,120,0.16859540343284607,0.31973587029153294,0.30732672495121954,0.15625,0.25371391243285774,0.08410205107735391,0.4090536832809448
T6,T6_day508,T6_day985,480,477,0.2851231098175049,0.3861311109041603,0.3868248253658695,0.020833333333333332,0.281753160935035,0.2131626992383221,0.3894301950931549
T6,T6_day522,T6_day551,30,29,0.08108741044998169,0.13715468510183482,0.1371546851018351,0.0,0.1148475508288112,0.031996228317917375,0.1938416063785553
T6,T6_day522,T6_day644,120,122,-0.04644733667373657,-0.051327862308670924,-0.03973080295932829,0.13541666666666666,-0.10269622642816778,-0.07707428142377482,-0.08478495478630066
T6,T6_day522,T6_day1001,480,479,0.20171895623207092,0.34438797851284847,0.34403484878275814,0.23958333333333334,0.2740911422154713,0.21618315691770235,0.3872327208518982
T6,T6_day546,T6_day553,7,7,0.1744164228439331,0.20900532094592655,0.21372817061353094,0.19791666666666666,0.1792907949095464,0.13902451830782786,0.25451207160949707
T6,T6_day546,T6_day577,30,31,0.04309234023094177,0.08249670532239911,0.07798303436425702,0.19791666666666666,-0.03280628609843239,-0.03550159143259457,0.12072741985321045
T6,T6_day546,T6_day663,120,117,-0.43288397789001465,0.02877175698245682,0.0287717569824551,0.0,0.07664478359749283,0.05833591938043553,0.19063860177993774
T6,T6_day546,T6_day1027,480,481,0.1705746352672577,0.3383309871156644,0.3242438324959621,0.16666666666666666,0.33777320018279106,0.13936883032613406,0.40477389097213745
T6,T6_day595,T6_day626,30,31,0.18894502520561218,0.23288945536025352,0.2237477075977724,0.14583333333333334,0.16973783670830744,0.05548348906222006,0.26177287101745605
T6,T6_day595,T6_day740,120,145,0.19889000058174133,0.20986609306518123,0.20852561433603423,0.010416666666666666,0.09022931051649047,0.04842366783009289,0.27558982372283936
T6,T6_day595,T6_day1088,480,493,0.2146068811416626,0.26145366785439367,0.2600497470613158,0.020833333333333332,0.1843630759760742,0.12742558737185405,0.29111525416374207
T6,T6_day630,T6_day658,30,28,0.2952449321746826,0.31786144032353086,0.3178614403235308,0.0,0.21802251522006622,0.1786026651879899,0.31483203172683716
T6,T6_day630,T6_day740,120,110,0.10388076305389404,0.2195872170809186,0.2169044472929098,0.17708333333333334,0.2219893166481795,0.09596256633516342,0.27558982372283936
T6,T6_day630,T6_day1130,480,500,0.12551918625831604,0.2348817146774823,0.23514295407835983,0.34375,0.13345585317683467,0.047482085518584904,0.2942845821380615
T6,T6_day887,T6_day1006,120,119,0.24201124906539917,0.2626768628220523,0.26267686282205244,0.0,0.23519017734431102,0.1546497771816518,0.28867867588996887
T6,T6_day978,T6_day985,7,7,0.40325942635536194,0.43030641473136333,0.43030641473136333,0.0,0.21868758256083265,0.22892314724967777,0.3894301950931549
T6,T6_day978,T6_day1006,30,28,0.17798581719398499,0.2663534842223852,0.2660695538565015,0.010416666666666666,0.18942576310173964,0.08533127837487936,0.28867867588996887
T6,T6_day978,T6_day1088,120,110,0.1586054265499115,0.28399020110195117,0.2839902011019504,0.0,0.19078197154875765,0.13953373298498623,0.29111525416374207
T6,T6_day1006,T6_day1013,7,7,0.35685089230537415,0.3532636820608855,0.3532636820608856,0.0,0.2986969530014006,0.14024158550132354,0.3688003420829773
T6,T6_day1006,T6_day1034,30,28,0.28522396087646484,0.3356881455033662,0.3356881455033617,0.0,0.23094152390329514,0.08210298064987925,0.32499048113822937
T6,T6_day1006,T6_day1130,120,124,0.18092098832130432,0.26238840414093506,0.2609180318675138,0.3541666666666667,0.20165844236457414,0.11998500413314855,0.2942845821380615
T6,T6_day1018,T6_day1020,1,2,0.431648850440979,0.4311147811181554,0.4311147811181557,0.0,0.2790187709410389,0.22833170901406086,0.3837723731994629
T6,T6_day1018,T6_day1048,30,30,0.3394942879676819,0.3547565761682182,0.3547565761682181,0.0,0.27453204059838454,0.1524710638492452,0.3656209111213684
T6,T6_day1018,T6_day1130,120,112,0.18394890427589417,0.2507813737757505,0.24948629478764328,0.09375,0.14431465990410353,0.040341136368489294,0.2942845821380615
T6,T6_day1032,T6_day1034,1,2,0.325175017118454,0.3455675203716291,0.34556752037162997,0.0,0.23316697535912134,0.15305680965229862,0.32499048113822937
T6,T6_day1032,T6_day1039,7,7,0.15112197399139404,0.15185356551003976,0.15185356551004142,0.0,0.07725447399775187,-0.00732280019123277,0.1462765634059906
T6,T6_day1032,T6_day1060,30,28,0.03696122765541077,0.17190304170760912,0.16980203315756176,0.03125,0.053092731908400914,0.00857882790095521,0.1908954381942749
T6,T6_day1032,T6_day1151,120,119,0.23702609539031982,0.21685134872962647,0.2168513487296267,0.0,-0.0020023881739278937,-0.12995981315927474,0.04330623149871826
T6,T6_day1158,T6_day1160,1,2,0.2996537387371063,0.36550201538258115,0.36550201538258575,0.0,0.17159328409531227,0.09712584823182391,0.36083242297172546
T6,T6_day1158,T6_day1183,30,25,0.3009490370750427,0.4032518749204977,0.4032518749204972,0.0,0.26998862451265,0.22600664801792747,0.4238164722919464
