ch,array_name,row,col,tc_rate_slope,sbp_mean_slope,edge,corner
0,Lateral,1,0,-0.30337812954423665,-0.1715950043719757,True,False
1,Lateral,0,0,-0.23966499085350934,-0.14613665181815133,True,True
2,Lateral,2,0,-0.4460461573374143,-0.206475725044655,True,False
3,Lateral,3,0,-0.4783074034064969,-0.12608267882195484,True,False
4,Lateral,5,0,-0.2497117305809125,-0.22059180601414818,True,False
5,Lateral,6,0,-0.08350635275712581,-0.07017898900043473,True,False
6,Lateral,4,0,-0.6022155272660642,-0.3527211181250534,True,False
7,Lateral,2,1,0.12967778330984062,-0.09663609696133652,False,False
8,Lateral,7,0,-0.14785490155128528,-0.073431040885509,True,True
9,Lateral,6,1,-0.015565507266973633,-0.09687977664652385,False,False
10,Lateral,3,1,0.15528349481111786,-0.12438649414934087,False,False
11,Lateral,7,1,0.03810562892951425,0.051945652703831384,True,False
12,Lateral,4,1,0.004290153680571533,-0.0923220594910399,False,False
13,Lateral,3,2,0.012949332839549884,-0.10119763631107827,False,False
14,Lateral,1,1,0.09524711820119856,-0.08605436555252556,False,False
15,Lateral,4,2,0.012096246039058917,-0.050093439273816,False,False
16,Lateral,0,1,-0.0016057192231400063,-0.08766980985906259,True,False
17,Lateral,1,3,0.1419745097513454,-0.14124398307751557,False,False
18,Lateral,5,1,0.035143988356907095,-0.08801529924082238,False,False
19,Lateral,5,2,0.006301423218677349,-0.033182046224873585,False,False
20,Lateral,2,2,0.012368080070952995,-0.10380853034077242,False,False
21,Lateral,2,3,0.11099275169244237,-0.12186797181489083,False,False
22,Lateral,0,2,0.14199418163644056,-0.11326241596160476,True,False
23,Lateral,3,3,0.1239596396754193,-0.16185920767274845,False,False
24,Lateral,1,2,0.19409145580067316,-0.14022060658205332,False,False
25,Lateral,4,3,0.09903603552795924,-0.09860275077273925,False,False
26,Lateral,6,2,-0.02172208214807605,-0.06701113433665061,False,False
27,Lateral,5,3,0.03609256039315219,-0.09486989205981144,False,False
28,Lateral,7,2,-0.018942972006455835,-0.033358060785521,True,False
29,Lateral,6,3,0.017024788478129438,-0.09192122448240411,False,False
30,Lateral,0,3,-0.023025654935388194,-0.08345771615288607,True,False
31,Lateral,7,3,-0.08963296488710061,-0.08770165983354732,True,False
32,Medial,0,4,-0.2813188983486559,-0.2655985991608761,True,False
33,Medial,6,4,-0.17297288054641966,-0.13888658589100508,False,False
34,Medial,1,4,-0.4846338625229964,-0.20378800782137685,False,False
35,Medial,7,4,-0.2283026531656581,-0.043099348878433766,True,False
36,Medial,2,4,-0.48972740734830067,-0.18552019910936585,False,False
37,Medial,0,5,-0.509285534728231,-0.19477625483275612,True,False
38,Medial,3,4,-0.07989060709046181,-0.11162851997340113,False,False
39,Medial,1,5,-0.5091826865617389,-0.21199832644549377,False,False
40,Medial,4,4,-0.10857513020042783,-0.1337384954504606,False,False
41,Medial,6,5,-0.08635114283744778,-0.15098828852231863,False,False
42,Medial,2,5,-0.3049820403481788,-0.16336817743324497,False,False
43,Medial,7,5,-0.1841937436067039,-0.03776010956341714,True,False
44,Medial,5,4,-0.08696324359094644,-0.16738842352053213,False,False
45,Medial,3,6,-0.14318549879802933,-0.13549149744991043,False,False
46,Medial,3,5,-0.13543546246213947,-0.1208591129365445,False,False
47,Medial,5,5,-0.11781146417035712,-0.18452801301525767,False,False
48,Medial,4,5,-0.0452760526404303,-0.1240760606231453,False,False
49,Medial,2,6,-0.3097523950446084,-0.16815737076393852,False,False
50,Medial,0,6,-0.6520507084757737,-0.26139897132069856,True,False
51,Medial,7,6,-0.18687618933066757,-0.13451715453529586,True,False
52,Medial,1,6,-0.49135116708710624,-0.20002822123793518,False,False
53,Medial,6,6,-0.09346967886420939,-0.1577781782388873,False,False
54,Medial,5,6,-0.0785014768032481,-0.2018427612259234,False,False
55,Medial,4,6,-0.18265571277230147,-0.19865562052767446,False,False
56,Medial,1,7,-1.153024914218201,-0.25556247708105306,True,False
57,Medial,0,7,-0.7601333877028043,-0.23992901554143112,True,True
58,Medial,4,7,-0.556861223661564,-0.21965303625219443,True,False
59,Medial,3,7,-0.1915965259878351,-0.17556625107997903,True,False
60,Medial,6,7,-0.17384813976429453,-0.21935789000609948,True,False
61,Medial,2,7,-0.25671919059258147,-0.17284398736620574,True,False
62,Medial,7,7,-0.47239444244702855,-0.13993534452886935,True,True
63,Medial,5,7,-0.0777632808415955,-0.14442591533477692,True,False
64,Medial,0,0,-0.651258915752259,-0.1909983563360095,True,True
65,Medial,0,1,-0.047446964534306406,-0.011276803943431894,True,False
66,Medial,1,0,-0.28450633942610976,-0.05540425620644087,True,False
67,Medial,1,1,-0.2179881396030035,-0.21669092328485587,False,False
68,Medial,2,0,-0.3187736959417715,-0.19743201855971543,True,False
69,Medial,2,1,0.1329771907278988,0.115808333128329,False,False
70,Medial,3,0,-0.5422913143923238,-0.3057880042680184,True,False
71,Medial,3,1,-0.34631633654199334,-0.38028553602111226,False,False
72,Medial,4,0,-0.3600283836543072,-0.30672074011865974,True,False
73,Medial,4,1,-0.4326709738255009,-0.27169761986133945,False,False
74,Medial,5,0,0.3699024611024019,-0.010306757866423601,True,False
75,Medial,5,1,-0.3971551896873098,-0.21824245562769595,False,False
76,Medial,6,0,0.02976804441835915,-0.022929204661474214,True,False
77,Medial,6,1,-0.35332306239529765,-0.18175445344116953,False,False
78,Medial,7,0,-0.1590069034799923,0.01318660513017588,True,True
79,Medial,7,1,-0.24453261589467526,-0.1569178091608834,True,False
80,Medial,0,2,-0.19860319772032384,-0.1645277570339898,True,False
81,Medial,1,2,-0.06877749784310519,-0.23536918239380292,False,False
82,Medial,3,2,-0.40175609535658935,-0.14447117213236732,False,False
83,Medial,2,2,-0.05397987180846965,-0.07673074383757922,False,False
84,Medial,5,2,-0.2994286707333722,-0.17533031564746415,False,False
85,Medial,4,2,-0.07505088721257122,-0.15197583035501583,False,False
86,Medial,6,2,-0.18092353872065547,-0.19777227911263964,False,False
87,Medial,7,2,-0.2859306851975725,-0.09143440281696008,True,False
88,Medial,0,3,0.03343591936540065,-0.07092709606414625,True,False
89,Medial,1,3,0.11433310364525094,-0.028387834907333646,False,False
90,Medial,2,3,-0.3625936964205923,-0.1732904129033461,False,False
91,Medial,3,3,-0.3288670130885667,-0.19216471667004495,False,False
92,Medial,4,3,-0.09376992431975514,-0.04373057585031488,False,False
93,Medial,5,3,-0.027738646748593363,-0.1179236433466691,False,False
94,Medial,7,3,-0.4366220053986939,-0.09141225223457569,True,False
95,Medial,6,3,-0.2517413696679937,-0.10211210880883434,False,False
