subject,train,test,gap_target,days,L2,own,ridge_L2,ridge_L3,ridge_L6p,ridge_own,L3,lam_L3,L6p,lam_L6p
T9,T9_day37,T9_day44,7,7,-0.1336292028427124,-0.39453956484794617,-0.4234546422958374,-0.0401722226247609,0.0505994474423358,0.0573212206363678,-0.20670288801193237,0.001,-0.1920226812362671,0.01
T9,T9_day37,T9_day71,30,34,-0.6531193256378174,-0.14652031660079956,-0.631799042224884,0.0377023604451358,0.1521536367511451,0.149999737739563,-0.03312963247299194,0.0001,0.07851287722587585,0.0001
T9,T9_day37,T9_day170,120,133,-0.02277129888534546,0.10094833374023438,-0.1541367173194885,0.0920829523022319,0.1698622593551969,0.1653566360473632,0.020100653171539307,0.0001,0.10445362329483032,0.01
T9,T9_day37,T9_day518,480,481,-0.318349152803421,0.3657723665237427,-0.4855008423328399,0.2069096166202673,0.4065223586299415,0.4051083326339721,0.3634863495826721,0.0001,0.3782447874546051,0.01
T9,T9_day44,T9_day71,30,27,-0.5821019411087036,-0.14652031660079956,-2.007739782333374,0.0659423131183624,0.1507770468659077,0.149999737739563,-0.11870616674423218,0.0001,-0.013385683298110962,0.01
T9,T9_day44,T9_day170,120,126,-0.08994174003601074,0.10094833374023438,-0.4242938160896301,0.1251745440767517,0.1710202423879774,0.1653566360473632,-0.01128089427947998,0.0001,-0.05677869915962219,0.01
T9,T9_day44,T9_day527,480,483,-0.05548951029777527,0.37815260887145996,-0.1583189368247985,0.3515824382393166,0.442728996504633,0.4721378982067108,0.3230724036693573,0.0001,0.2998262345790863,0.0001
T9,T9_day105,T9_day106,1,1,-0.9841621518135071,0.26471707224845886,-0.3018593192100525,0.1572492806028109,0.2229023531379249,0.2229015827178955,0.05559840798377991,0.0001,0.179917573928833,0.0001
T9,T9_day105,T9_day133,30,28,-0.26424694061279297,-0.20984190702438354,-0.2890886664390564,0.0096344225499599,0.2074240667535692,0.2042488753795623,0.012211322784423828,0.001,0.1724306046962738,0.01
T9,T9_day105,T9_day226,120,121,-0.7897118926048279,0.4161597788333893,-0.2283195257186889,0.2121342359644434,0.4363007243338076,0.4362562894821167,0.18269503116607666,0.0001,0.23184925317764282,0.0001
T9,T9_day105,T9_day582,480,477,-0.4119366407394409,0.20154768228530884,-0.1436578035354614,0.1786557461418958,0.3283262919512027,0.3273464441299438,0.10341891646385193,0.0001,0.16354870796203613,0.0001
T9,T9_day106,T9_day133,30,27,-0.9561722278594971,-0.20984190702438354,-0.7874568700790405,0.1016644653167251,0.202237067195386,0.2042488753795623,0.2965026795864105,0.0001,0.17334213852882385,0.01
T9,T9_day106,T9_day226,120,120,0.00829082727432251,0.4161597788333893,0.0281354784965515,0.3678434385689594,0.4365158332705192,0.4362562894821167,0.3964533507823944,0.0001,0.40069639682769775,0.01
T9,T9_day106,T9_day582,480,476,-0.11205041408538818,0.20154768228530884,-0.1384050250053405,0.2349253064618918,0.3280498233621756,0.3273464441299438,0.19266211986541748,0.0001,0.2223016917705536,0.01
T9,T9_day128,T9_day245,120,117,-0.1662943959236145,-0.20035767555236816,0.0596239268779754,0.0159939561766377,0.2181526957962384,0.1418530046939849,0.06268906593322754,0.0001,0.12050238251686096,0.0001
T9,T9_day128,T9_day610,480,482,-2.8148982524871826,-0.21331942081451416,-2.1229240894317627,-0.3383804342711181,-0.2637845663656303,-0.2719299793243408,-0.10368895530700684,0.0001,-0.007967978715896606,0.0001
T9,T9_day170,T9_day196,30,26,0.004415333271026611,0.05090612173080444,-0.1530278027057647,0.1171253945175841,0.0098780352738304,0.2603578269481659,0.19055011868476868,0.01,0.11215028166770935,1.0
T9,T9_day170,T9_day287,120,117,0.07510477304458618,0.2013821303844452,0.0766305029392242,-0.146504971350275,0.0862712994020188,0.0024530589580535,0.09935346245765686,0.0001,-0.23295080661773682,0.0001
T9,T9_day170,T9_day650,480,480,-0.15853065252304077,0.12343445420265198,-0.1259925365447998,0.2325520215585692,0.3386695639600076,0.3376364707946777,0.2875215709209442,0.0001,0.20311874151229858,0.01
T9,T9_day245,T9_day273,30,28,0.3174217641353607,0.3112327754497528,0.1386952102184295,0.1388177026007382,0.3857371884449133,0.3763880431652069,0.39415299892425537,0.0001,0.3647557497024536,0.01
T9,T9_day245,T9_day366,120,121,-0.12549450993537903,0.45021799206733704,0.0690402686595916,0.3095414420598659,0.3337454453792388,0.5130446553230286,0.4939661920070648,0.0001,0.4544681906700134,0.01
T9,T9_day245,T9_day728,480,483,-0.4225772023200989,0.18963640928268433,-0.3870675563812256,0.3185593328261543,0.349017049985512,0.3490174114704132,0.280230313539505,0.0001,0.3135853111743927,0.01
T9,T9_day293,T9_day294,1,1,-0.06960463523864746,-0.021007955074310303,0.1618410050868988,0.2406250541586155,0.2176007205425372,0.2132481932640075,0.22296464443206787,0.0001,0.1735188364982605,0.0001
T9,T9_day293,T9_day300,7,7,-0.6520541310310364,0.18378013372421265,-0.0939291715621948,0.0320326907555183,-0.7534884794979765,0.2078161835670471,0.16628018021583557,0.0001,0.09347525238990784,0.01
T9,T9_day293,T9_day321,30,28,-0.10659849643707275,0.058134108781814575,0.1603429615497589,0.1716536592724429,0.2157481161691795,0.1636398434638977,0.08921012282371521,0.0001,0.17480000853538513,0.0001
T9,T9_day293,T9_day413,120,120,-0.15513566136360168,0.055123716592788696,0.1354488432407379,0.0799888672912772,0.2322920013583084,0.2338045239448547,0.26852452754974365,0.0001,0.261150598526001,0.0001
T9,T9_day293,T9_day758,480,465,-0.7856577038764954,0.35145699977874756,-0.1084805727005004,0.2112081526405739,0.3448491034055568,0.3466481566429138,0.04977679252624512,0.0001,0.18804031610488892,0.0001
T9,T9_day300,T9_day301,1,1,-0.11597082018852234,0.2497345507144928,-0.1706323623657226,0.0155106778161616,-0.3752295049909598,0.3476847410202026,0.26836422085762024,0.0001,0.29410046339035034,0.01
T9,T9_day300,T9_day307,7,7,0.05225828289985657,-0.07729780673980713,0.1033251583576202,0.1439264359720528,0.1689270702941235,0.1391786932945251,0.016694843769073486,0.01,-0.01253017783164978,0.01
T9,T9_day300,T9_day329,30,29,0.3563183844089508,0.44835129380226135,0.3157829940319061,0.4195239134902561,0.4784415705482129,0.4686506986618042,0.5163156986236572,0.0001,0.37567082047462463,1.0
T9,T9_day300,T9_day422,120,122,0.1996520757675171,0.34168481826782227,0.1888176500797271,0.3261767405522537,0.3948171109297714,0.3888720273971557,0.3788532614707947,0.0001,0.3337552547454834,0.0001
T9,T9_day300,T9_day758,480,458,-0.034635305404663086,0.35145699977874756,-0.0662590861320495,0.2165219325940751,0.3478839333024929,0.3466481566429138,0.2756502032279968,0.0001,0.2764325737953186,0.01
T9,T9_day307,T9_day308,1,1,0.1796763837337494,0.05503663420677185,0.1639664471149444,0.1590505696984217,0.1353744083904877,0.1813945770263672,0.21213674545288086,0.0001,0.16755005717277527,0.01
T9,T9_day307,T9_day314,7,7,0.2874045670032501,0.4108143746852875,0.3210850358009338,0.4232330893431094,0.4339034717330262,0.4255290627479553,0.39879685640335083,0.001,0.42301782965660095,0.01
T9,T9_day307,T9_day336,30,29,0.054767996072769165,0.16692405939102173,0.0672776997089386,0.2049267553592859,0.2072954404363297,0.1692411303520202,0.15847629308700562,0.0001,0.15256592631340027,0.01
T9,T9_day307,T9_day426,120,119,-0.4833749532699585,0.20554322004318237,-2.423283100128174,0.2443843629381296,0.0052787673804545,0.0046994090080261,0.1974974274635315,0.0001,0.24292972683906555,0.01
T9,T9_day307,T9_day758,480,451,-0.21178579330444336,0.35145699977874756,-0.1914466023445129,0.1728044651671433,0.3455211468289373,0.3466481566429138,0.2027306854724884,0.0001,0.21489417552947998,0.01
T9,T9_day384,T9_day385,1,1,0.11844944953918457,0.37512150406837463,0.1329323053359985,0.3233284215347402,0.3706462647294611,0.4049563705921173,0.5032324194908142,0.0001,0.45186007022857666,0.0001
T9,T9_day384,T9_day413,30,29,-0.07213485240936279,0.055123716592788696,0.0801041722297668,0.1595458260204996,0.2304609202994612,0.2338045239448547,0.2576180696487427,0.0001,0.1831168532371521,0.01
T9,T9_day384,T9_day504,120,120,0.3900497257709503,0.5558297634124756,0.4013326466083526,0.5491832803096626,0.5841551512116002,0.5659745931625366,0.5682990550994873,0.0001,0.49603578448295593,0.0001
T9,T9_day384,T9_day758,480,374,-0.579066276550293,0.35145699977874756,-0.1710954904556274,0.2666801112289887,0.3458778237405441,0.3466481566429138,0.19337379932403564,0.0001,0.19636961817741394,0.0001
T9,T9_day408,T9_day416,7,8,0.2517872750759125,0.46123209595680237,0.2474679350852966,0.3967886078516312,0.4447791001932263,0.4432720839977264,0.4323422312736511,0.0001,0.3958767354488373,0.01
T9,T9_day408,T9_day440,30,32,0.3949851989746094,0.549901008605957,0.3940330445766449,0.5423033286298959,0.5972701872726418,0.593017041683197,0.5830726623535156,0.0001,0.5529569387435913,0.01
T9,T9_day408,T9_day527,120,119,0.31038475036621094,0.37815260887145996,0.2794530987739563,0.4004780617377675,0.4552151961838424,0.4721378982067108,0.42920243740081787,0.0001,0.3662700951099396,0.0001
T9,T9_day435,T9_day441,7,6,0.06829050183296204,0.17207175493240356,0.0679698586463928,0.2206773464021452,0.2728029450254121,0.2586854696273803,0.1398080587387085,0.0001,0.17433151602745056,0.01
T9,T9_day435,T9_day462,30,27,0.09912741184234619,0.4117680788040161,0.1818629205226898,0.391719765392737,0.4352972961278534,0.4742504954338074,0.36926114559173584,0.0001,0.36672067642211914,0.0001
T9,T9_day435,T9_day554,120,119,0.1814950704574585,0.09288111329078674,0.1476792395114898,0.3309853846720713,0.3739995610887303,0.3709935247898102,0.25878241658210754,0.0001,0.23295485973358154,0.01
T9,T9_day441,T9_day448,7,7,0.036096930503845215,0.26061758399009705,0.0342566072940826,0.2431738379495389,0.2425687833599145,0.2448372840881347,0.20500671863555908,0.0001,0.10759249329566956,1.0
T9,T9_day441,T9_day471,30,30,-0.024358779191970825,0.3347826302051544,-11.592729568481444,0.2432176855459862,0.2072578338360586,0.1570192575454712,0.3661244213581085,0.0001,0.3202667534351349,0.01
T9,T9_day441,T9_day560,120,119,-0.10831928253173828,0.1965721845626831,-0.2369691133499145,0.1061216839330537,0.172606309119888,0.1642118096351623,0.13431239128112793,0.0001,0.14326822757720947,0.01
T9,T9_day448,T9_day476,30,28,0.007040113210678101,0.3025221824645996,-0.2435128688812255,0.2537263623625655,0.3264627331976712,0.3254395425319671,0.2601226568222046,0.0001,0.29551851749420166,0.01
T9,T9_day448,T9_day574,120,126,-0.04036471247673035,0.0813136100769043,-0.1206038892269134,0.1643129568095861,0.1863146419316497,0.1985444724559784,0.1079457700252533,0.0001,0.13529664278030396,0.01
T9,T9_day462,T9_day468,7,6,-0.27045777440071106,0.15580692887306213,0.0386005640029907,0.2848523618042304,0.3347390577696941,0.3234403729438782,0.2765693962574005,0.0001,0.27596062421798706,0.01
T9,T9_day462,T9_day490,30,28,0.14820674061775208,0.2730509042739868,0.1843322515487671,0.2696589566276449,0.3247594190699765,0.3003091216087341,0.21251732110977173,0.0001,0.2795778214931488,0.01
T9,T9_day462,T9_day582,120,120,-0.46932119131088257,0.20154768228530884,-0.1489343047142028,0.2581741506960394,0.3286362980486323,0.3273464441299438,0.20319628715515137,0.0001,0.24796384572982788,0.01
T9,T9_day476,T9_day504,30,28,0.25664734840393066,0.5558297634124756,0.2796568572521209,0.5031494606196212,0.5654619331621719,0.5659745931625366,0.5748023390769958,0.0001,0.5223237872123718,0.01
T9,T9_day476,T9_day595,120,119,-0.007122159004211426,0.24926650524139404,0.0369996428489685,0.2849283617844536,0.3282110497388137,0.3287916183471679,0.3020728528499603,0.0001,0.21941447257995605,0.01
T9,T9_day531,T9_day538,7,7,0.0036037862300872803,0.3552868068218231,0.2220054566860199,0.2560465418379418,0.2502452590386285,0.4067524075508117,0.3070458769798279,0.0001,0.3213369846343994,0.0001
T9,T9_day531,T9_day560,30,29,-0.7565420866012573,0.1965721845626831,-0.2300508022308349,0.1115077298937216,0.1659152901492206,0.1642118096351623,0.08556076884269714,0.0001,-0.08410853147506714,0.01
T9,T9_day531,T9_day651,120,120,-0.5047508478164673,-0.21831202507019043,-0.0364002585411071,0.0595677382777462,0.0904379013275385,0.0677826404571533,-0.039520710706710815,0.0001,-0.16086804866790771,0.0001
T9,T9_day538,T9_day574,30,36,-0.3523334860801697,0.0813136100769043,-0.1356586813926696,0.0811091358971485,0.1861527136919101,0.1985444724559784,0.04739442467689514,0.0001,0.05714860558509827,0.01
T9,T9_day538,T9_day658,120,120,-0.36417198181152344,-0.34908807277679443,-0.201347529888153,0.036858986497875,0.0101814186909,0.0019474029541015,-0.15601736307144165,0.0001,-0.2953619360923767,0.01
T9,T9_day554,T9_day560,7,6,-0.3014835715293884,0.1965721845626831,-0.1411895155906677,0.1563732219702718,0.1743439857355377,0.1642118096351623,0.09246930480003357,0.0001,0.060044288635253906,0.01
T9,T9_day554,T9_day582,30,28,-0.6440443992614746,0.20154768228530884,-0.358017086982727,0.1374159987354183,0.3286248221917343,0.3273464441299438,0.15525510907173157,0.0001,0.13756361603736877,0.01
T9,T9_day554,T9_day672,120,118,-0.25011906027793884,0.2505800426006317,0.0131895542144775,0.3440733674775668,0.3763569517088518,0.3761176466941833,0.375689297914505,0.0001,0.18089571595191956,0.01
T9,T9_day615,T9_day645,30,30,-0.09452027082443237,0.41892245411872864,-0.0525713562965393,0.3073167558717197,0.4325011582486771,0.4325011968612671,0.395485520362854,0.0001,0.4327216148376465,0.01
T9,T9_day615,T9_day728,120,113,-0.2425847053527832,0.18963640928268433,-0.138287603855133,0.2944699133436761,0.3490170879645417,0.3490174114704132,0.3833133280277252,0.0001,0.2671377956867218,0.01
T9,T9_day631,T9_day660,30,29,0.09712344408035278,0.428067684173584,0.1723545491695404,0.3368416200496395,0.4051816224329997,0.4128653705120086,0.40223315358161926,0.0001,0.3278452157974243,0.0001
T9,T9_day631,T9_day748,120,117,-0.05055674910545349,0.21721145510673523,-0.0275700092315673,0.1805852314077802,0.2699831599685551,0.2774197459220886,0.20370399951934814,0.0001,0.1784670054912567,0.01
T9,T9_day672,T9_day699,30,27,-0.1445063352584839,0.2411925196647644,0.0588676631450653,0.2223535526356732,0.2755493868851701,0.2690026462078094,0.23365473747253418,0.0001,0.20321273803710938,0.01
