train,test,gap_target,days,own,base,ridge_reg,pert,sim,sim_reg,multi
2022-01-10_CO,2022-01-12_CO,1,2,0.23044215142726898,0.20182418823242188,0.22227495908737183,0.20280417799949646,0.2019825279712677,0.20581413805484772,0.20193171501159668
2022-01-10_CO,2022-01-17_CO,7,7,0.3413451313972473,0.26555338501930237,0.2683537006378174,0.26153355836868286,0.2540188431739807,0.2549317181110382,0.23356984555721283
2022-01-10_CO,2022-02-07_CO,30,28,0.24917973577976227,0.04090084135532379,0.09041766822338104,0.047076642513275146,0.07721878588199615,0.08373311161994934,0.1491585671901703
2022-01-10_CO,2022-05-09_CO,120,119,0.33045315742492676,0.16594181954860687,0.18593472242355347,0.15946552157402039,0.1578858196735382,0.16181977093219757,0.15398849546909332
2022-01-10_CO,2022-09-07_CO,240,240,0.33808839321136475,0.042447179555892944,0.1149384081363678,0.07770679891109467,0.09680388867855072,0.10604825615882874,0.11537253856658936
2022-01-14_CO,2022-01-20_CO,7,6,0.2508988380432129,0.11792263388633728,0.13867565989494324,0.11325214803218842,0.09317772090435028,0.09912450611591339,0.13657084107398987
2022-01-14_CO,2022-02-07_CO,30,24,0.24917973577976227,0.11373598873615265,0.1349511742591858,0.118742436170578,0.12014161050319672,0.12296383082866669,0.1649024933576584
2022-01-14_CO,2022-05-13_CO,120,119,0.2827601432800293,0.1049315482378006,0.13257960975170135,0.11152738332748413,0.0683474987745285,0.07659286260604858,0.14358264207839966
2022-01-14_CO,2022-09-12_CO,240,241,0.28117722272872925,0.014608010649681091,0.06984986364841461,0.011387988924980164,0.027970775961875916,0.03597003221511841,0.05666588246822357
2022-01-20_CO,2022-01-28_CO,7,8,0.21967288851737976,0.0114356130361557,0.09681376814842224,0.005988195538520813,0.03684820234775543,0.04663611948490143,0.16249842941761017
2022-01-20_CO,2022-02-25_CO,30,36,0.2783905267715454,0.033693090081214905,0.09231741726398468,0.039037033915519714,0.04443614184856415,0.05156855285167694,0.14855457842350006
2022-01-20_CO,2022-05-13_CO,120,113,0.2827601432800293,0.11034423112869263,0.13494189083576202,0.09853869676589966,0.09295482933521271,0.09688633680343628,0.14872688055038452
2022-01-20_CO,2022-09-19_CO,240,242,0.2614903450012207,0.05720394849777222,0.10725657641887665,0.06379623711109161,0.06951478123664856,0.07563935220241547,0.11293536424636841
2022-01-31_CO,2022-02-07_CO,7,7,0.24917973577976227,0.06614120304584503,0.11584736406803131,0.06523127853870392,0.07069498300552368,0.07807987928390503,0.136345773935318
2022-01-31_CO,2022-02-28_CO,30,28,0.16247089207172394,-0.011442869901657104,0.07167989015579224,-0.019118577241897583,0.031230539083480835,0.04178951680660248,0.05109676718711853
2022-01-31_CO,2022-06-08_CO,120,128,0.33122342824935913,0.04919062554836273,0.12336570024490356,0.06335005164146423,0.05874176323413849,0.06976453959941864,0.09723913669586182
2022-01-31_CO,2022-09-27_CO,240,239,0.3607228994369507,0.023868799209594727,0.08825352787971497,0.029068320989608765,0.08568719029426575,0.09096267819404602,0.13302089273929596
2022-03-18_CO,2022-04-18_CO,30,31,0.23705707490444183,0.0050704628229141235,0.07304966449737549,0.014523282647132874,0.050992995500564575,0.06014733016490936,0.11122974753379822
2022-03-18_CO,2022-07-18_CO,120,122,0.32139837741851807,0.013599112629890442,0.09276822209358215,0.046603843569755554,0.06761817634105682,0.07639272511005402,0.12771986424922943
2022-03-18_CO,2022-11-07_CO,240,234,0.28382325172424316,0.07030253112316132,0.09509718418121338,0.0628308653831482,0.08081284165382385,0.08488576114177704,0.09966276586055756
2022-04-08_RD,2022-04-15_RD,7,7,0.3898376524448395,0.17850081622600555,0.21163584291934967,0.1740463376045227,0.19281379878520966,0.19725939631462097,0.27229511737823486
2022-04-08_RD,2022-05-10_RD,30,32,0.3610685169696808,0.1235988438129425,0.16185088455677032,0.10318048298358917,0.1267242729663849,0.13202257454395294,0.21342475712299347
2022-04-08_RD,2022-08-05_RD,120,119,0.3604070842266083,0.08790312707424164,0.13644951581954956,0.06614597141742706,0.09818863868713379,0.10368293523788452,0.2183954119682312
2022-04-08_RD,2022-11-09_RD,240,215,0.3294336199760437,0.009529009461402893,0.0759865939617157,-0.0032733380794525146,0.029014810919761658,0.039151206612586975,0.09523226320743561
2022-04-18_CO,2022-04-20_CO,1,2,0.2492971122264862,0.11580948531627655,0.18209829926490784,0.12114308774471283,0.13849882781505585,0.1480930745601654,0.18952156603336334
2022-04-18_CO,2022-04-25_CO,7,7,0.3418040871620178,0.23111535608768463,0.2543545961380005,0.2383897602558136,0.22521881759166718,0.22890262305736542,0.26628896594047546
2022-04-18_CO,2022-05-13_CO,30,25,0.2827601432800293,0.12896981835365295,0.16114315390586853,0.12849488854408264,0.11197933554649353,0.11889764666557312,0.20036694407463074
2022-04-18_CO,2022-08-10_CO,120,114,0.2878371477127075,0.020191669464111328,0.07633334398269653,0.0396963506937027,0.04461820423603058,0.05324661731719971,0.1330341100692749
2022-04-18_CO,2022-12-09_CO,240,235,0.26583999395370483,0.10125711560249329,0.13233013451099396,0.10089144110679626,0.0876878947019577,0.09384492039680481,0.14756962656974792
2022-06-10_CO,2022-10-10_CO,120,122,0.317341685295105,0.20968906581401825,0.22841300070285797,0.22025080025196075,0.22106656432151794,0.22300823032855988,0.2518330216407776
2022-06-10_CO,2022-12-09_CO,240,182,0.26583999395370483,0.1730092167854309,0.18983544409275055,0.17505225539207458,0.15948431193828583,0.1641657054424286,0.2042132467031479
2022-07-27_RD,2022-08-25_RD,30,29,0.31902074813842773,0.1479324847459793,0.19882841408252716,0.154498890042305,0.16088904440402985,0.16672547161579132,0.2216004878282547
2022-07-27_RD,2022-11-09_RD,120,105,0.3294336199760437,0.13098229467868805,0.18540634214878082,0.1390053927898407,0.16381236910820007,0.17068958282470703,0.15487267076969147
2022-07-27_RD,2023-03-20_RD,240,236,0.29970747232437134,0.06224794685840607,0.128275528550148,0.06366638839244843,0.07208426296710968,0.08000287413597107,0.1028674840927124
2022-08-08_CO,2022-08-10_CO,1,2,0.2878371477127075,0.15132112801074982,0.17968657612800598,0.16033828258514404,0.1603538691997528,0.16536113619804382,0.22077608108520508
2022-08-08_CO,2022-09-07_CO,30,30,0.33808839321136475,0.1745557188987732,0.21792685985565186,0.1966046690940857,0.19964879751205444,0.20568636059761047,0.2536975145339966
2022-08-08_CO,2022-12-09_CO,120,123,0.26583999395370483,0.05448916554450989,0.1178407371044159,0.054473087191581726,0.1137082576751709,0.12084764242172241,0.1783115118741989
2022-08-25_RD,2022-08-31_RD,7,6,0.34967321157455444,0.12932340800762177,0.1729489266872406,0.10149550437927246,0.14844752848148346,0.153994619846344,0.2156868577003479
2022-08-25_RD,2022-09-21_RD,30,27,0.27110010385513306,0.025801002979278564,0.08920629322528839,0.013860777020454407,0.03386518359184265,0.040496811270713806,0.11352358758449554
2022-08-25_RD,2023-01-10_RD,120,138,0.3034535050392151,0.031211987137794495,0.0484868586063385,0.049829691648483276,-0.018011614680290222,-0.014130368828773499,0.08971743285655975
2022-08-25_RD,2023-04-25_RD,240,243,0.3080246150493622,-0.14031541347503662,-0.057900309562683105,-0.10815176367759705,-0.10887256264686584,-0.09671860933303833,-0.035156428813934326
2022-08-31_RD,2022-09-06_RD,7,6,0.3644106388092041,0.30000409483909607,0.29306697845458984,0.3001520037651062,0.2808431386947632,0.2820312976837158,0.2642567753791809
2022-08-31_RD,2022-09-30_RD,30,30,0.3539574146270752,0.17358961701393127,0.18969877064228058,0.16843411326408386,0.15498006343841553,0.16085869073867798,0.2213873714208603
2022-08-31_RD,2023-01-10_RD,120,132,0.3034535050392151,0.13139159977436066,0.12826645374298096,0.1322605162858963,0.12918244302272797,0.1300421953201294,0.11182865500450134
2022-08-31_RD,2023-04-26_RD,240,238,0.2675650715827942,0.017273470759391785,0.06785635650157928,0.02789953351020813,0.03236791491508484,0.040639251470565796,-0.013445556163787842
2022-09-07_CO,2022-09-09_CO,1,2,0.28671565651893616,0.21889817714691162,0.21801002323627472,0.2170381247997284,0.197066530585289,0.19870346784591675,0.2658059597015381
2022-09-07_CO,2022-09-13_CO,7,6,0.28830647468566895,0.23135879635810852,0.2438543438911438,0.22228240966796875,0.21932031214237213,0.2225116789340973,0.25728386640548706
2022-09-07_CO,2022-10-10_CO,30,33,0.317341685295105,0.2082039713859558,0.22975103557109833,0.19480429589748383,0.21905991435050964,0.22215929627418518,0.21679702401161194
2022-09-07_CO,2022-12-09_CO,120,93,0.26583999395370483,0.15369856357574463,0.18533280491828918,0.1540127545595169,0.1582362800836563,0.16386078298091888,0.17613500356674194
2022-09-19_CO,2022-09-21_CO,1,2,0.2664929926395416,0.21553288400173187,0.22210736572742462,0.19829918444156647,0.19806361198425293,0.20088894665241241,0.2284168004989624
2022-09-19_CO,2022-09-26_CO,7,7,0.35343825817108154,0.23109230399131775,0.26964372396469116,0.24977178871631622,0.22133629024028778,0.22735093533992767,0.26716452836990356
2022-09-21_CO,2022-09-23_CO,1,2,0.3014875054359436,0.02391868829727173,0.17829230427742004,0.08282597362995148,0.1388295739889145,0.15381895005702972,0.04120330512523651
2022-09-21_CO,2022-09-27_CO,7,6,0.3607228994369507,0.17138530313968658,0.21360202133655548,0.1528749018907547,0.18970045447349548,0.19608858227729797,0.2878272533416748
2022-09-21_CO,2022-10-27_CO,30,36,0.3083604574203491,0.08508260548114777,0.12474784255027771,0.07270948588848114,0.07420410215854645,0.08156530559062958,0.1601182073354721
2022-10-27_CO,2022-11-02_CO,7,6,0.34378522634506226,0.20490826666355133,0.2473682016134262,0.20958344638347626,0.20423933863639832,0.2133067399263382,0.29426687955856323
2022-11-02_RD,2022-11-04_RD,1,2,0.34662485122680664,0.27855902910232544,0.29358798265457153,0.2870815396308899,0.27386271953582764,0.27638906240463257,0.3067101240158081
2022-11-02_RD,2022-11-09_RD,7,7,0.3294336199760437,0.18164590001106262,0.2246379852294922,0.17928163707256317,0.19950158894062042,0.20510677993297577,0.27104347944259644
2022-11-02_RD,2023-03-06_RD,120,124,0.25879910588264465,-0.11911991238594055,-0.04987749457359314,-0.1366613805294037,-0.09003135561943054,-0.08135439455509186,-0.029618218541145325
2022-11-02_RD,2023-06-22_RD,240,232,0.30467963218688965,0.07538481056690216,0.1096821278333664,0.07506006956100464,0.11014631390571594,0.11313702166080475,0.11987139284610748
2023-01-13_RD,2023-02-13_RD,30,31,0.21498975157737732,-0.11239221692085266,-0.012842938303947449,-0.10977685451507568,-0.031911686062812805,-0.021215081214904785,-0.029748573899269104
2023-01-13_RD,2023-05-17_RD,120,124,0.23088330030441284,-0.11216634511947632,-0.04423333704471588,-0.11491656303405762,-0.09050887823104858,-0.08130389451980591,-0.01605162024497986
2023-01-23_RD,2023-01-24_RD,1,1,0.27191346883773804,0.20563070476055145,0.23947927355766296,0.2075459361076355,0.19435079395771027,0.20017606019973755,0.2396639734506607
2023-01-23_RD,2023-01-30_RD,7,7,0.29419612884521484,0.17189572751522064,0.20869296789169312,0.18279807269573212,0.1787053793668747,0.1830899715423584,0.19695372879505157
2023-01-23_RD,2023-02-20_RD,30,28,0.2813014090061188,0.0822044163942337,0.1430080682039261,0.0842069685459137,0.1069505363702774,0.11550496518611908,0.09398472309112549
2023-01-23_RD,2023-05-19_RD,120,116,0.27444201707839966,-0.25378578901290894,-0.11830887198448181,-0.24911275506019592,-0.15711238980293274,-0.13761526346206665,-0.13794860243797302
2023-02-14_RD,2023-02-20_RD,7,6,0.2813014090061188,0.20011712610721588,0.2035284787416458,0.19360189139842987,0.18212875723838806,0.18412469327449799,0.22539213299751282
2023-02-14_RD,2023-03-17_RD,30,31,0.2517266869544983,-0.024174705147743225,0.05459558963775635,-0.008909493684768677,0.03335455060005188,0.04360303282737732,0.13636739552021027
2023-02-14_RD,2023-06-13_RD,120,119,0.34701767563819885,0.08322399854660034,0.12052881717681885,0.07922400534152985,0.07725538313388824,0.08371792733669281,0.14377470314502716
2023-03-14_RD,2023-03-20_RD,7,6,0.29970747232437134,0.11046968400478363,0.1729234904050827,0.10438403487205505,0.1472250074148178,0.1543552726507187,0.14834445714950562
2023-03-14_RD,2023-04-13_RD,30,30,0.41843676567077637,0.2259291559457779,0.2475220412015915,0.2271193265914917,0.22349140048027039,0.22538402676582336,0.25547993183135986
2023-03-14_RD,2023-06-22_RD,120,100,0.30467963218688965,-0.03291602432727814,0.029158592224121094,-0.05439254641532898,0.025311604142189026,0.03124605119228363,0.07470259070396423
2023-04-17_RD,2023-04-25_RD,7,8,0.3080246150493622,0.21851284801959991,0.22649915516376495,0.20558446645736694,0.19997206330299377,0.20187939703464508,0.1833890974521637
2023-04-17_RD,2023-05-17_RD,30,30,0.23088330030441284,0.026667699217796326,0.06503467261791229,0.03164428472518921,0.036074817180633545,0.04102037847042084,0.0847986489534378
2023-06-08_RD,2023-06-16_RD,7,8,0.3504360020160675,0.16376975178718567,0.2128412276506424,0.1539640873670578,0.16210885345935822,0.16950927674770355,0.17361345887184143
2023-06-12_RD,2023-06-13_RD,1,1,0.34701767563819885,0.21648293733596802,0.24964860081672668,0.1996149718761444,0.2221011221408844,0.2287217378616333,0.26597198843955994
2023-06-12_RD,2023-06-19_RD,7,7,0.32100194692611694,0.11534230411052704,0.16242924332618713,0.10562121868133545,0.14389008283615112,0.15020163357257843,0.1977584958076477
2023-06-13_RD,2023-06-20_RD,7,7,0.3487761914730072,0.2267526239156723,0.2579766511917114,0.2222292572259903,0.2163415551185608,0.22233596444129944,0.28889650106430054
