gap_target,L0,L1,L2,L4u,L3_n300,L4_n300,L5_n300,L6p_n300,L6_n300,own,n_pairs
1,-2.133,0.141,0.201,0.187,0.224,0.243,0.269,0.306,0.295,0.29,30
2,-2.0,0.124,0.196,0.176,0.197,0.224,0.266,0.306,0.292,0.288,39
4,-1.817,0.082,0.125,0.13,0.157,0.191,0.223,0.296,0.292,0.289,30
7,-1.602,0.07,0.148,0.116,0.174,0.199,0.253,0.295,0.293,0.287,48
14,-2.218,0.045,0.102,0.098,0.131,0.178,0.242,0.295,0.294,0.291,62
30,-2.575,-0.037,0.045,0.032,0.108,0.141,0.222,0.287,0.288,0.283,61
60,-2.849,-0.047,0.05,0.014,0.11,0.158,0.24,0.302,0.301,0.297,63
120,-2.966,-0.038,0.01,-0.008,0.08,0.137,0.221,0.29,0.29,0.286,70
240,-3.217,-0.047,-0.016,-0.042,0.05,0.118,0.222,0.291,0.291,0.286,62
480,-1.611,-0.028,-0.099,-0.108,0.061,0.081,0.228,0.289,0.289,0.285,50
900,-4.71,-0.05,-0.142,-0.138,0.068,0.09,0.223,0.29,0.291,0.288,22
