gap_target,n_pairs,L2,L3_n300,L5_n300,L6p_n300,own,ret_L2,ret_L5,rec_L3,rec_L5
1,30,"0.201 [0.166, 0.247]","0.224 [0.192, 0.245]","0.269 [0.245, 0.289]","0.306 [0.281, 0.318]","0.290 [0.272, 0.312]","0.726 [0.620, 0.783]","0.934 [0.906, 0.957]","0.263 [0.164, 0.422]","0.758 [0.703, 0.847]"
2,39,"0.196 [0.163, 0.241]","0.197 [0.180, 0.224]","0.266 [0.242, 0.286]","0.306 [0.280, 0.318]","0.288 [0.270, 0.310]","0.646 [0.579, 0.748]","0.929 [0.892, 0.940]","0.195 [0.138, 0.349]","0.765 [0.710, 0.818]"
4,30,"0.125 [0.081, 0.205]","0.157 [0.129, 0.230]","0.223 [0.207, 0.263]","0.296 [0.276, 0.306]","0.289 [0.273, 0.302]","0.454 [0.314, 0.696]","0.855 [0.787, 0.886]","0.274 [0.219, 0.350]","0.712 [0.646, 0.764]"
7,48,"0.148 [0.122, 0.182]","0.174 [0.126, 0.212]","0.253 [0.235, 0.270]","0.295 [0.279, 0.305]","0.287 [0.281, 0.306]","0.535 [0.438, 0.577]","0.883 [0.855, 0.909]","0.144 [0.061, 0.273]","0.754 [0.716, 0.786]"
14,62,"0.102 [0.068, 0.127]","0.131 [0.108, 0.162]","0.242 [0.227, 0.260]","0.295 [0.290, 0.303]","0.291 [0.284, 0.301]","0.347 [0.271, 0.441]","0.840 [0.799, 0.860]","0.293 [0.109, 0.379]","0.763 [0.729, 0.793]"
30,61,"0.045 [0.034, 0.107]","0.108 [0.083, 0.142]","0.222 [0.196, 0.246]","0.287 [0.259, 0.307]","0.283 [0.257, 0.302]","0.187 [0.121, 0.346]","0.841 [0.806, 0.859]","0.272 [0.198, 0.341]","0.764 [0.736, 0.791]"
60,63,"0.050 [0.027, 0.078]","0.110 [0.079, 0.136]","0.240 [0.222, 0.256]","0.302 [0.289, 0.307]","0.297 [0.284, 0.305]","0.166 [0.080, 0.253]","0.827 [0.783, 0.860]","0.273 [0.189, 0.357]","0.767 [0.756, 0.808]"
120,70,"0.010 [-0.018, 0.039]","0.080 [0.061, 0.103]","0.221 [0.209, 0.246]","0.290 [0.279, 0.303]","0.286 [0.275, 0.301]","0.036 [-0.069, 0.129]","0.798 [0.777, 0.824]","0.300 [0.244, 0.349]","0.783 [0.755, 0.810]"
240,62,"-0.016 [-0.059, 0.016]","0.050 [0.020, 0.090]","0.222 [0.207, 0.237]","0.291 [0.276, 0.310]","0.286 [0.270, 0.305]","-0.058 [-0.210, 0.059]","0.796 [0.733, 0.820]","0.185 [0.080, 0.330]","0.797 [0.774, 0.813]"
480,50,"-0.099 [-0.122, -0.071]","0.061 [0.031, 0.087]","0.228 [0.218, 0.243]","0.289 [0.274, 0.306]","0.285 [0.271, 0.304]","-0.356 [-0.437, -0.229]","0.814 [0.792, 0.833]","0.345 [0.309, 0.429]","0.855 [0.846, 0.863]"
900,22,"-0.142 [-0.174, -0.078]","0.068 [0.041, 0.104]","0.223 [0.213, 0.235]","0.290 [0.280, 0.306]","0.288 [0.274, 0.305]","-0.523 [-0.577, -0.266]","0.802 [0.764, 0.828]","0.495 [0.408, 0.526]","0.851 [0.818, 0.869]"
