subject,train,test,style,gap_target,days,train_day,L0,L1,L2,L4u,L4s,L3_n300,lam_L3_n300,L4_n300,lam_L4_n300,L5_n300,lam_L5_n300,L6_n300,lam_L6_n300,L6p_n300,lam_L6p_n300,own
C,C_CO_2013-10-03,C_CO_2013-11-01,CO,30,29,0,-0.4872443974018097,-0.35781997442245483,-0.6045753359794617,-0.6795014142990112,-1.36977219581604,0.07045993010966739,0.01,-0.06745575567694792,0.001,0.22735674679279327,0.1,0.22856817169536622,10000.0,0.22822054614990142,1000.0,0.22712238132953644
C,C_CO_2013-10-03,C_CO_2015-03-09,CO,480,522,0,-0.2966516613960266,-0.15454667806625366,-0.05812259018421173,-0.06839583814144135,-0.15128910541534424,0.014234550732533158,0.1,0.002099097131743277,0.1,0.036068737506866455,1.0,0.015184289984608274,10000.0,0.03594686642847189,10000.0,0.1355692595243454
C,C_CO_2013-10-22,C_CO_2013-10-23,CO,1,1,19,-4.8271074295043945,-0.7772209644317627,0.22500130534172058,0.19170883297920227,-0.10806658864021301,0.2353498355036274,0.001,0.2872243655025086,0.01,0.3471294641494751,1.0,0.3433936252995201,1000.0,0.3512474627850411,10000.0,0.34236177802085876
C,C_CO_2013-10-22,C_CO_2015-03-09,CO,480,503,19,-0.1634185016155243,-0.16453498601913452,-0.10267382860183716,-0.12471723556518555,-0.18233722448349,-0.045250954336877924,0.1,-0.013108558548244165,0.1,0.02599772810935974,1.0,0.015184289984608274,10000.0,0.027410572226705454,10000.0,0.1355692595243454
C,C_CO_2013-10-23,C_CO_2013-10-31,CO,7,8,20,-0.09234307706356049,0.21054726839065552,0.20825454592704773,0.20041073858737946,0.011325418949127197,-4.672990059495093,1e-06,-3.6714836010491787,1e-06,-2.3869519233703613,1.0,-2.8521269600781647,1000.0,-2.864406636872435,10.0,-2.86531138420105
C,C_CO_2013-10-23,C_CO_2015-03-09,CO,480,502,20,-0.22115811705589294,-0.16378241777420044,-0.08261924982070923,-0.12038129568099976,-0.13072672486305237,-0.025206023967819957,0.1,-0.026389885031090576,0.1,0.02813713252544403,1.0,0.015184289984608274,10000.0,0.02791026226456514,10000.0,0.1355692595243454
C,C_CO_2013-10-31,C_CO_2013-11-01,CO,1,1,28,-11.391829490661621,-12.334112167358398,-15.764901161193848,-13.69063663482666,-14.138372421264648,0.0655310549990106,1e-06,-0.733473409873144,0.0001,0.22056184709072113,0.1,0.22856817169536622,10000.0,0.22712203275750598,0.1,0.22712238132953644
C,C_CO_2013-10-31,C_CO_2013-12-03,CO,30,33,28,-3.2759406566619873,-1.5234153270721436,-1.6178686618804932,-2.0573806762695312,-9.117111206054688,-4.393881890608429,0.1,-3.491573636970998,0.1,-3.5319831371307373,1.0,-3.6340574664248835,10000.0,-3.1792943653614714,10000.0,-3.6268811225891113
C,C_CO_2013-10-31,C_CO_2015-03-09,CO,480,494,28,-1.2733228206634521,-0.7367950677871704,-0.28769028186798096,-0.2504592537879944,-0.35504788160324097,-0.08798401934567371,1.0,-0.18539151025792378,1.0,0.006224095821380615,1.0,0.015184289984608274,10000.0,-0.024042764352788043,10000.0,0.1355692595243454
C,C_CO_2013-11-01,C_CO_2013-12-03,CO,30,32,29,0.03731992840766907,0.06671886146068573,0.06985114514827728,0.05906990170478821,-0.09289982914924622,-8.015912483007488,0.01,-3.6510970438325283,0.01,-2.972590684890747,1.0,-3.6340574664248835,10000.0,-3.435319352454426,1000.0,-3.6268811225891113
C,C_CO_2013-11-01,C_CO_2015-03-09,CO,480,493,29,-0.6983797550201416,-0.19782531261444092,-0.08930185437202454,-0.12150800228118896,-0.17428678274154663,-0.03098229715404391,0.1,-0.011177770357042066,0.1,0.03215457499027252,1.0,0.015184289984608274,10000.0,0.02721443856092326,10000.0,0.1355692595243454
C,C_CO_2013-12-03,C_CO_2013-12-04,CO,1,1,61,-4.149600505828857,-11.620391845703125,-13.507092475891113,-14.294543266296387,-11.557112693786621,0.12348590634494802,1e-06,-0.6465032694435493,0.001,0.16836421191692352,1.0,0.18400908591837947,10000.0,0.17879206185779967,100.0,0.17766310274600983
C,C_CO_2013-12-03,C_CO_2015-03-19,CO,480,471,61,-10.685734748840332,-2.577446222305298,-1.6027071475982666,-2.047389507293701,-1.738161563873291,0.021089194612761958,0.001,-0.11799070234936124,0.0001,0.088380366563797,0.001,0.08111123265336012,1000.0,0.07334982700220513,1.0,0.13303165137767792
C,C_CO_2013-12-04,C_CO_2015-03-19,CO,480,470,62,-1.186472773551941,-0.16375741362571716,-0.0173414945602417,-0.06057681143283844,-0.07099634408950806,0.04913131166441062,0.001,0.0709765051083289,0.0001,0.06996390223503113,0.001,0.08111123265336012,1000.0,0.06315872331938457,1000.0,0.13303165137767792
C,C_CO_2013-12-19,C_CO_2013-12-20,CO,1,1,77,0.10339686274528503,0.08126561343669891,0.061571329832077026,0.05648741126060486,-0.032462313771247864,0.06958420966337206,0.1,0.04940353970578823,0.1,0.06265218555927277,1.0,0.050313125691202,1000.0,0.060098255624545155,10000.0,0.04871088266372681
C,C_CO_2013-12-19,C_CO_2015-03-19,CO,480,455,77,-0.4169634282588959,-0.10806739330291748,-0.0006164014339447021,0.00810137391090393,-0.05037887394428253,0.04982293447445299,0.01,0.05656223974279079,0.0001,0.07472412288188934,0.01,0.08111123265336012,1000.0,0.06535259055507742,1000.0,0.13303165137767792
C,C_CO_2013-12-20,C_CO_2015-03-19,CO,480,454,78,-1.3839912414550781,-0.6694382429122925,-0.0034062713384628296,0.0005509108304977417,-0.10363376140594482,0.022551815892538046,0.001,0.05923290016587987,0.001,0.07319913804531097,0.01,0.08111123265336012,1000.0,0.05453538377435349,1000.0,0.13303165137767792
C,C_CO_2015-03-09,C_CO_2015-03-11,CO,1,2,522,-1.1724951267242432,-0.7783137559890747,-0.5949111580848694,-0.547417402267456,-0.7181038856506348,0.05558421430380556,0.0001,-0.016565376541814808,0.001,0.08684785664081573,0.01,0.0879812727827535,1000.0,0.08810026870488238,100.0,-0.1657017469406128
C,C_CO_2015-03-09,C_CO_2015-07-07,CO,120,120,522,-23.11833953857422,-2.975173234939575,-3.3864879608154297,-3.11126708984375,-4.245840549468994,0.07378594922487344,0.001,-0.05363313469761005,0.001,0.16650988161563873,0.1,0.17000857628635802,1000.0,0.1683951725477886,100.0,0.16754215955734253
C,C_CO_2015-03-09,C_CO_2016-09-09,CO,480,550,522,-6.91988468170166,-2.5503077507019043,-2.5254364013671875,-9.471633911132812,-4.342769145965576,0.018832015550869136,1e-06,-0.09402839533614743,0.0001,0.13638006150722504,0.1,0.13570160733823813,10000.0,0.1387117416104628,0.1,0.138711616396904
C,C_CO_2015-03-11,C_CO_2015-03-12,CO,1,1,524,-0.1470702886581421,-0.08205270767211914,-0.06032900512218475,-0.062286436557769775,-0.11601631343364716,0.008351334884735606,0.01,0.01608080039306728,0.0001,0.03616108000278473,0.01,0.03675303483379508,1000.0,0.0384060609739966,1000.0,0.14999553561210632
C,C_CO_2015-03-11,C_CO_2015-03-19,CO,7,8,524,-0.018464818596839905,0.011128142476081848,0.04588291049003601,0.053568869829177856,-0.16145625710487366,0.08380185765830309,0.01,0.06389496343363493,0.0001,0.07350103557109833,0.01,0.08111123265336012,1000.0,0.08742706023641719,1000.0,0.13303165137767792
C,C_CO_2015-03-11,C_CO_2015-07-09,CO,120,120,524,-14.78473949432373,-1.2058230638504028,-1.0329750776290894,-1.2634105682373047,-1.2626503705978394,0.08546282456326632,0.001,0.011071818707987707,0.0001,0.28169989585876465,0.001,0.2825099397041821,1000.0,0.2825979203172672,100.0,0.2825149893760681
C,C_CO_2015-03-11,C_CO_2016-09-09,CO,480,548,524,-3.6223843097686768,-0.4733062982559204,-0.5616011023521423,-1.4503917694091797,-1.241204857826233,-0.01592928469561669,0.001,-0.10625047049268163,0.0001,0.13762836158275604,0.0001,0.13570160733823813,10000.0,0.13871305221070726,100.0,0.138711616396904
C,C_CO_2015-03-12,C_CO_2015-03-13,CO,1,1,525,-0.20331110060214996,-0.09952113032341003,-0.22697539627552032,-0.2477431297302246,-0.3257947266101837,0.11585310435241863,0.001,0.07177197711340613,0.0001,0.10288803279399872,0.01,0.10454006696527765,1000.0,0.10986174747079436,1000.0,0.16615712642669678
C,C_CO_2015-03-12,C_CO_2015-03-19,CO,7,7,525,-0.05738864839076996,0.042673155665397644,0.042683765292167664,0.0025138407945632935,-0.027802839875221252,0.058325316070343386,0.01,0.04589564571296975,0.0001,0.07186932861804962,0.01,0.08111123265336012,1000.0,0.061960247124357465,1000.0,0.13303165137767792
C,C_CO_2015-03-12,C_CO_2015-07-10,CO,120,120,525,-9.357447624206543,-0.9011809825897217,-0.6325826048851013,-0.794954776763916,-0.8627721071243286,0.07238891867723996,0.01,0.07638941156275961,0.0001,0.28319764137268066,0.01,0.28303855888885177,1000.0,0.28285901488929455,1000.0,0.2834068536758423
C,C_CO_2015-03-12,C_CO_2016-09-09,CO,480,547,525,-2.6323204040527344,-0.39536282420158386,-0.563831090927124,-1.469132900238037,-1.9366869926452637,0.04139107055692992,1e-06,-0.1369594943642143,0.0001,0.13786830008029938,0.01,0.13570160733823813,10000.0,0.13858292362398494,100.0,0.138711616396904
C,C_CO_2015-03-13,C_CO_2015-03-19,CO,7,6,526,0.010152652859687805,0.06358017027378082,0.07185535132884979,0.055373042821884155,-0.12913942337036133,0.06392489195733406,0.001,0.07670636905834352,0.0001,0.0780772864818573,0.1,0.08111123265336012,1000.0,0.07707673954672598,1000.0,0.13303165137767792
C,C_CO_2015-03-13,C_CO_2015-07-10,CO,120,119,526,-0.9360010027885437,-0.05332238972187042,-0.005181506276130676,-0.058882251381874084,-0.1321452558040619,0.11506662816249658,0.01,0.19596597578999403,0.0001,0.28160589933395386,0.1,0.28303855888885177,1000.0,0.28310050256354513,1000.0,0.2834068536758423
C,C_CO_2015-03-13,C_CO_2016-09-09,CO,480,546,526,-0.8217555284500122,-0.09890195727348328,-0.14381378889083862,-1.1282821893692017,-0.9606872797012329,0.016383695665227432,0.0001,0.031182645183718133,0.0001,0.13925419747829437,0.01,0.13570160733823813,10000.0,0.13907546997027964,1000.0,0.138711616396904
C,C_CO_2015-03-19,C_CO_2015-07-16,CO,120,119,532,-1.7788853645324707,-0.017686650156974792,-0.10796400904655457,-0.20438405871391296,-0.4295644760131836,0.10566519190617854,0.01,0.15693293932166863,0.01,0.3358878493309021,0.01,0.3363851405090136,1000.0,0.3360643080286656,1000.0,0.3363303542137146
C,C_CO_2015-03-19,C_CO_2016-09-09,CO,480,540,532,-1.3119465112686157,-0.04990527033805847,-0.07769778370857239,-0.5700395107269287,-1.1309723854064941,0.014059309675651638,0.01,0.0372881520922414,0.0001,0.13793055713176727,0.01,0.13570160733823813,10000.0,0.1388493642669408,1000.0,0.138711616396904
C,C_CO_2015-06-29,C_CO_2015-06-30,CO,1,1,634,-0.5165086984634399,-0.13565514981746674,-0.09774842858314514,-0.1816534399986267,-0.5580889582633972,0.1505389264113601,0.01,0.16033941330534915,0.01,0.27516448497772217,0.1,0.2716937422521313,1000.0,0.27132311747109605,1000.0,0.27065524458885193
C,C_CO_2015-06-29,C_CO_2015-07-06,CO,7,7,634,-0.3998139500617981,-0.18498636782169342,-0.1482105702161789,-0.20605140924453735,-0.6318793892860413,0.05835321519549658,0.01,0.11472108452269211,0.0001,0.16148588061332703,0.1,0.16586496808549075,1000.0,0.16780220656507208,1000.0,0.16508854925632477
C,C_CO_2015-06-29,C_CO_2015-11-03,CO,120,127,634,-5.102828025817871,-0.3042551577091217,-0.0913134515285492,-0.20539991557598114,-0.42631402611732483,0.028894609713628727,0.01,0.09395193890252163,0.0001,0.1642194241285324,0.01,0.16421530298285777,1000.0,0.1648094309206093,1000.0,0.16396303474903107
C,C_CO_2015-06-29,C_CO_2016-10-21,CO,480,480,634,-11.278938293457031,-0.5891793966293335,-0.26888662576675415,-1.1801886558532715,-1.7223589420318604,0.04284079921395623,0.001,0.0967431092340561,1e-05,0.502717137336731,0.01,0.5047752206671381,1000.0,0.5045158296589258,1000.0,0.5042823553085327
C,C_CO_2015-06-30,C_CO_2015-07-01,CO,1,1,635,-0.0524793416261673,0.13833293318748474,0.17272081971168518,0.14891093969345093,-0.16609595715999603,0.20587984242247354,0.001,0.22314021736171585,0.01,0.26135843992233276,0.1,0.26289396267330234,1000.0,0.2624476284564773,1000.0,0.26224130392074585
C,C_CO_2015-06-30,C_CO_2015-07-07,CO,7,7,635,0.07070517539978027,0.10867750644683838,0.12310604751110077,0.08331410586833954,-0.23251402378082275,0.12341864920598875,0.001,0.15448952544221753,0.01,0.16835761070251465,0.1,0.17000857628635802,1000.0,0.17321164332209674,10000.0,0.16754215955734253
C,C_CO_2015-06-30,C_CO_2015-11-03,CO,120,126,635,-0.7809728384017944,-0.035552978515625,0.004781663417816162,0.009035557508468628,-0.09769925475120544,0.04855207095478903,0.01,0.12088118926074173,0.0001,0.16326619684696198,0.001,0.16421530298285777,1000.0,0.16452630328842538,1000.0,0.16396303474903107
C,C_CO_2015-06-30,C_CO_2016-10-21,CO,480,479,635,-0.742357611656189,-0.24385568499565125,-0.0843193531036377,-0.43624719977378845,-0.479123055934906,0.03627961453551107,0.01,0.18600242857928515,1e-05,0.5033593773841858,0.01,0.5047752206671381,1000.0,0.5046663094855208,1000.0,0.5042823553085327
C,C_CO_2015-07-01,C_CO_2015-07-03,CO,1,2,636,0.09422498941421509,0.11110429465770721,0.11066168546676636,0.08103059232234955,-0.048708170652389526,0.19195784433604185,0.1,0.1868969447386615,1.0,0.21662017703056335,1.0,0.2145999785828735,10000.0,0.19506547178880343,100000.0,0.20382031798362732
C,C_CO_2015-07-01,C_CO_2015-07-08,CO,7,7,636,0.1804734617471695,0.19840966165065765,0.20534610748291016,0.18476398289203644,-0.1371648758649826,0.22492549964532638,0.01,0.2633746083794971,0.01,0.3329293429851532,0.1,0.33293626352218336,1000.0,0.3333641397852098,1000.0,0.33346694707870483
C,C_CO_2015-07-01,C_CO_2015-11-03,CO,120,125,636,-0.6801679134368896,-0.02904258668422699,-0.026203975081443787,0.005126476287841797,-0.21275082230567932,0.02823967855407708,0.001,0.12142128685833342,0.0001,0.16363903880119324,0.001,0.16421530298285777,1000.0,0.16430232440128759,1000.0,0.16396303474903107
C,C_CO_2015-07-01,C_CO_2016-10-21,CO,480,478,636,-1.4619038105010986,-0.1633143424987793,-0.08262334764003754,-0.16812872886657715,-0.4177442491054535,0.05719313388079608,0.001,0.16552903441805528,0.0001,0.5036358833312988,0.01,0.5047752206671381,1000.0,0.504584991753896,1000.0,0.5042823553085327
C,C_CO_2015-07-03,C_CO_2015-07-10,CO,7,7,638,-0.1077357679605484,-0.029677629470825195,-0.006940007209777832,-0.060202062129974365,-0.34536033868789673,0.15757512277078037,0.01,0.1978023505634433,0.0001,0.2808264493942261,0.1,0.28303855888885177,1000.0,0.2827102714461948,1000.0,0.2834068536758423
C,C_CO_2015-07-03,C_CO_2015-11-03,CO,120,123,638,-1.126826524734497,-0.03757748007774353,-0.03898271918296814,-0.09956306219100952,-0.2955775558948517,0.035420910240315934,0.01,0.10827230526032572,0.0001,0.163792684674263,0.01,0.16421530298285777,1000.0,0.16454550168956988,1000.0,0.16396303474903107
C,C_CO_2015-07-03,C_CO_2016-10-21,CO,480,476,638,-2.3601455688476562,-0.25526323914527893,-0.11925685405731201,-0.4071328938007355,-1.001999020576477,0.022081272530279222,0.01,0.15120141543526502,0.0001,0.5029652714729309,0.01,0.5047752206671381,1000.0,0.5047126807179239,1000.0,0.5042823553085327
C,C_CO_2015-07-06,C_CO_2015-07-07,CO,1,1,641,0.1166287213563919,0.17191290855407715,0.1652085781097412,0.10695706307888031,-0.11556923389434814,0.14813237199449067,0.1,0.16378072309052052,0.1,0.17225538194179535,1.0,0.17000857628635802,1000.0,0.173522839607746,10000.0,0.16754215955734253
C,C_CO_2015-07-06,C_CO_2015-07-13,CO,7,7,641,0.11173486709594727,0.1483975052833557,0.159151092171669,0.14058063924312592,-0.12867382168769836,0.160188763293131,0.1,0.18261996282693121,0.1,0.1994103342294693,1.0,0.1993757143489566,1000.0,0.2001562208799181,10000.0,0.19781066477298737
C,C_CO_2015-07-06,C_CO_2015-11-03,CO,120,120,641,-0.8521078824996948,0.001431688666343689,0.005730718374252319,-0.05336067080497742,-0.2557925283908844,0.041622097558786375,0.001,0.12747217625399412,0.0001,0.16397716104984283,0.1,0.16421530298285777,1000.0,0.16441722015951524,1000.0,0.16396303474903107
C,C_CO_2015-07-06,C_CO_2016-10-21,CO,480,473,641,-0.7033582925796509,-0.23569515347480774,-0.08889265358448029,-0.4234996438026428,-0.3593880236148834,0.06110145364152275,1e-05,0.17662031232152384,1e-05,0.5032765865325928,0.01,0.5047752206671381,1000.0,0.5046260681201469,1000.0,0.5042823553085327
C,C_CO_2015-07-07,C_CO_2015-07-08,CO,1,1,642,0.10456730425357819,0.23476067185401917,0.2418489158153534,0.2094780057668686,-0.2233860194683075,0.2468269170347439,0.1,0.2735967049590453,0.1,0.33327174186706543,0.1,0.33293626352218336,1000.0,0.33324408563957986,1000.0,0.33346694707870483
C,C_CO_2015-07-07,C_CO_2015-07-14,CO,7,7,642,0.08818209171295166,0.15876179933547974,0.16921427845954895,0.11709721386432648,-0.262194961309433,0.19628581883613325,0.01,0.20721485824451022,0.0001,0.24813248217105865,0.01,0.249758074656729,1000.0,0.24917870885444784,1000.0,0.24816125631332397
C,C_CO_2015-07-07,C_CO_2015-11-04,CO,120,120,642,-0.34499773383140564,0.025550827383995056,0.027956321835517883,-0.04826189577579498,-0.19101011753082275,0.0679318524977694,0.001,0.11365537937248074,0.0001,0.18157947063446045,0.001,0.18184910157164652,1000.0,0.18165154321212296,1000.0,0.16863100230693817
C,C_CO_2015-07-07,C_CO_2016-10-21,CO,480,472,642,-1.8435840606689453,-0.17055341601371765,-0.07591524720191956,-0.54255610704422,-0.6013439297676086,0.04894210488525816,0.001,0.18015664714234175,1e-05,0.5032449960708618,0.01,0.5047752206671381,1000.0,0.5046573019539129,1000.0,0.5042823553085327
C,C_CO_2015-07-08,C_CO_2015-07-09,CO,1,1,643,-0.502689778804779,0.16034775972366333,0.19708186388015747,0.22000907361507416,-0.09572617709636688,0.24084405797919023,0.01,0.24970272669909246,0.0001,0.282076895236969,0.01,0.2825099397041821,1000.0,0.2822665097626159,1000.0,0.2825149893760681
C,C_CO_2015-07-08,C_CO_2015-07-15,CO,7,7,643,-0.17340144515037537,0.207681804895401,0.20203720033168793,0.17034323513507843,-0.20809072256088257,0.2290132602442945,0.01,0.2442106979839444,0.001,0.28533944487571716,0.1,0.28777527580489537,1000.0,0.2863638600353896,1000.0,0.2855238914489746
C,C_CO_2015-07-08,C_CO_2015-11-04,CO,120,119,643,-0.7987310886383057,-0.06588615477085114,-0.03528556227684021,-0.12372317910194397,-0.1974983513355255,0.05058059566899642,0.001,0.09673993112266155,0.0001,0.18138627707958221,0.01,0.18184910157164652,1000.0,0.1813614816070968,1000.0,0.16863100230693817
C,C_CO_2015-07-08,C_CO_2016-10-21,CO,480,471,643,-2.4420928955078125,-0.22745147347450256,-0.1546407788991928,-0.4473070800304413,-0.5480979681015015,0.03267802507587281,0.001,0.112938160353383,1e-05,0.502505898475647,0.01,0.5047752206671381,1000.0,0.5044327253048242,1000.0,0.5042823553085327
C,C_CO_2015-07-09,C_CO_2015-07-10,CO,1,1,644,0.14248457551002502,0.2629902958869934,0.2706177532672882,0.23285900056362152,-0.10120788216590881,0.2700851706344968,0.1,0.2782829128379478,0.1,0.28705835342407227,1.0,0.28303855888885177,1000.0,0.28675723740381115,10000.0,0.2834068536758423
C,C_CO_2015-07-09,C_CO_2015-07-16,CO,7,7,644,0.21864810585975647,0.24583740532398224,0.2526165843009949,0.21331509947776794,-0.12575256824493408,0.2787047227261206,0.01,0.3022112080215871,0.01,0.33572065830230713,0.1,0.3363851405090136,1000.0,0.33677854567266363,1000.0,0.3363303542137146
C,C_CO_2015-07-09,C_CO_2015-11-06,CO,120,120,644,-0.323604017496109,0.011392444372177124,0.0026215165853500366,-0.006679326295852661,-0.11118122935295105,0.06990048416537514,0.001,0.0942082587466285,0.1,0.13361801207065582,0.1,0.13378779244716152,10000.0,0.1327877985097751,10000.0,0.1342160403728485
C,C_CO_2015-07-09,C_CO_2016-10-21,CO,480,470,644,-1.1051700115203857,-0.16135801374912262,-0.10539111495018005,-0.39869460463523865,-0.39785656332969666,0.022677523201313,0.001,0.1915903089744528,0.0001,0.5030580163002014,0.01,0.5047752206671381,1000.0,0.5046141723468585,1000.0,0.5042823553085327
C,C_CO_2015-07-10,C_CO_2015-07-16,CO,7,6,645,0.21367883682250977,0.23795007169246674,0.23913323879241943,0.21383342146873474,-0.08496399223804474,0.2671638785370485,0.01,0.29295033590266306,0.01,0.33464017510414124,0.1,0.3363851405090136,1000.0,0.3365299820571361,1000.0,0.3363303542137146
C,C_CO_2015-07-10,C_CO_2015-11-06,CO,120,119,645,-0.08956325054168701,0.015236243605613708,0.021914541721343994,-0.03957614302635193,-0.08742579817771912,0.06760455762647122,0.001,0.09281994214688477,0.1,0.13398626446723938,0.1,0.13378779244716152,10000.0,0.13316577116336195,10000.0,0.1342160403728485
C,C_CO_2015-07-10,C_CO_2016-10-21,CO,480,469,645,-0.44970422983169556,-0.170048326253891,-0.12060931324958801,-0.4873684048652649,-0.6053783893585205,0.03681363507227653,0.0001,0.17369526124441392,1e-05,0.5033510327339172,0.01,0.5047752206671381,1000.0,0.5045962852601,1000.0,0.5042823553085327
C,C_CO_2015-07-13,C_CO_2015-07-14,CO,1,1,648,0.10932587087154388,0.18853867053985596,0.1928173452615738,0.17348040640354156,-0.1444673240184784,0.20431811925992788,0.001,0.22987861468290663,0.0001,0.24841780960559845,0.01,0.249758074656729,1000.0,0.24907996001795688,1000.0,0.24816125631332397
C,C_CO_2015-07-13,C_CO_2015-11-10,CO,120,120,648,-0.3334270417690277,0.05623909831047058,0.0736066997051239,-0.07720035314559937,-0.40735694766044617,0.1445981524340198,0.001,0.22696453921307436,0.001,0.3080306053161621,0.01,0.309469864832952,1000.0,0.30941839335826793,1000.0,0.30826765298843384
C,C_CO_2015-07-13,C_CO_2016-10-21,CO,480,466,648,-0.5496265888214111,-0.24385398626327515,-0.08909919857978821,-0.4973032772541046,-0.6515827775001526,0.06182935412178828,0.001,0.18036525901878142,0.0001,0.5030533075332642,0.01,0.5047752206671381,1000.0,0.5046492022074449,1000.0,0.5042823553085327
C,C_CO_2015-07-14,C_CO_2015-07-15,CO,1,1,649,0.1982559859752655,0.27046093344688416,0.27198880910873413,0.24900102615356445,-0.054730162024497986,0.283322046225451,0.1,0.2818013467037137,0.1,0.2903660535812378,1.0,0.28777527580489537,1000.0,0.2926693953247752,10000.0,0.2855238914489746
C,C_CO_2015-07-14,C_CO_2015-11-10,CO,120,119,649,-0.9917654395103455,-0.08286735415458679,0.032247766852378845,0.009612277150154114,-0.2585095465183258,0.18844535044372446,0.001,0.21174879096147214,0.001,0.30762308835983276,0.1,0.309469864832952,1000.0,0.3091826930382603,1000.0,0.30826765298843384
C,C_CO_2015-07-14,C_CO_2016-10-21,CO,480,465,649,-1.1335324048995972,-0.31901073455810547,-0.1464991271495819,-0.6420973539352417,-1.0242904424667358,0.07676392337846069,0.001,0.11215881900503305,0.0001,0.5031222105026245,0.01,0.5047752206671381,1000.0,0.5043177341094571,1000.0,0.5042823553085327
C,C_CO_2015-07-15,C_CO_2015-07-16,CO,1,1,650,0.2496797740459442,0.3004765510559082,0.2945924401283264,0.2615340054035187,-0.053438663482666016,0.3104386502420895,0.1,0.32044328138649814,0.1,0.33376747369766235,1.0,0.3363851405090136,1000.0,0.33672964850503384,10000.0,0.3363303542137146
C,C_CO_2015-07-15,C_CO_2015-11-12,CO,120,120,650,-1.471864938735962,-0.03126904368400574,-0.042110979557037354,-0.17132484912872314,-0.14664340019226074,0.07956201222111567,0.01,0.11720906750090793,0.0001,0.20531494915485382,0.01,0.2080019286824809,1000.0,0.20670630506279014,1000.0,0.20532338321208954
C,C_CO_2015-07-15,C_CO_2016-10-21,CO,480,464,650,-1.3958179950714111,-0.3148457407951355,-0.11802777647972107,-0.5376017093658447,-0.6872435808181763,0.07039865071282081,1e-06,0.11839502483474226,1e-05,0.5026369094848633,0.01,0.5047752206671381,1000.0,0.5043564544482193,1000.0,0.5042823553085327
C,C_CO_2015-07-16,C_CO_2015-11-13,CO,120,120,651,-1.0737265348434448,0.0407741516828537,0.050594210624694824,-0.012036457657814026,-0.28437113761901855,0.11758941194712985,0.001,0.23048222411016964,0.0001,0.33118772506713867,0.01,0.3331057529112843,1000.0,0.33294855661303224,1000.0,0.3318234086036682
C,C_CO_2015-07-16,C_CO_2016-10-21,CO,480,463,651,-1.2957684993743896,-0.3475465178489685,-0.12427136301994324,-0.707713782787323,-0.7720127105712891,0.041122872023010376,0.0001,0.15010612932588455,0.0001,0.5031205415725708,0.01,0.5047752206671381,1000.0,0.5045615317262041,1000.0,0.5042823553085327
C,C_CO_2015-11-03,C_CO_2015-11-04,CO,1,1,761,0.05504786968231201,0.07991227507591248,0.10363046824932098,0.08410383760929108,-0.22635169327259064,0.10703856975209092,0.1,0.14514480390387968,0.001,0.18184223771095276,0.1,0.18184910157164652,1000.0,0.18196098778663483,1000.0,0.16863100230693817
C,C_CO_2015-11-03,C_CO_2015-11-10,CO,7,7,761,-0.16743482649326324,0.12211842834949493,0.17428193986415863,0.17385485768318176,-0.20926150679588318,0.1924378133671086,0.01,0.24357271805189823,0.01,0.3095701336860657,0.1,0.309469864832952,1000.0,0.30906243231480013,1000.0,0.30826765298843384
C,C_CO_2015-11-03,C_CO_2015-12-01,CO,30,28,761,-0.03027455508708954,0.06084728240966797,0.07465671002864838,0.0649823248386383,-0.05720925331115723,0.08203240648984275,0.01,0.08853319502967885,0.1,0.14832237362861633,1.0,0.15474196001213644,1000.0,0.15249603147679722,10000.0,0.1542370766401291
C,C_CO_2015-11-04,C_CO_2015-11-06,CO,1,2,762,0.10872939229011536,0.1302286982536316,0.1344660520553589,0.12742523849010468,-0.06953465938568115,0.12794253571025332,0.1,0.1225709203261674,1.0,0.13564155995845795,1.0,0.13378779244716152,10000.0,0.13619200588255467,10000.0,0.1342160403728485
C,C_CO_2015-11-04,C_CO_2015-11-10,CO,7,6,762,0.1285804659128189,0.22691866755485535,0.22717911005020142,0.20322972536087036,-0.016077011823654175,0.2617740676944135,0.1,0.2823147036542286,0.1,0.3076038956642151,1.0,0.309469864832952,1000.0,0.3106471168513562,10000.0,0.30826765298843384
C,C_CO_2015-11-04,C_CO_2015-12-01,CO,30,27,762,-0.007749408483505249,0.14823001623153687,0.1641467958688736,0.12991751730442047,-0.11510768532752991,0.14246381390001625,0.1,0.13381659015849615,0.1,0.15775977075099945,1.0,0.15474196001213644,1000.0,0.16128863963358772,10000.0,0.1542370766401291
C,C_CO_2015-11-06,C_CO_2015-11-13,CO,7,7,764,0.18973398208618164,0.23763640224933624,0.22361671924591064,0.20955456793308258,-0.34772050380706787,0.27719497299237267,0.01,0.2679347089226677,0.001,0.33322852849960327,0.1,0.3331057529112843,1000.0,0.3329953147670465,1000.0,0.3318234086036682
C,C_CO_2015-11-06,C_CO_2015-12-01,CO,30,25,764,-0.06872276961803436,0.0960531085729599,0.0947004109621048,0.06250368058681488,-0.10224144160747528,0.09823449429475639,0.1,0.126351475194128,0.1,0.14827437698841095,1.0,0.15474196001213644,1000.0,0.15540468965305268,10000.0,0.1542370766401291
C,C_CO_2015-11-09,C_CO_2015-11-10,CO,1,1,767,0.13587039709091187,0.16825418174266815,0.15930373966693878,0.14727257192134857,-0.17767256498336792,0.2509415766481172,0.01,0.23456343435876215,0.01,0.29751989245414734,1.0,0.309469864832952,1000.0,0.30793754237559745,1000.0,0.30826765298843384
C,C_CO_2015-11-09,C_CO_2015-11-16,CO,7,7,767,-0.028970345854759216,0.11980298161506653,0.0995001345872879,0.07594886422157288,-0.11339129507541656,0.1747542437679091,0.01,0.2033424411128107,0.001,0.2578578591346741,0.1,0.2604069545200326,1000.0,0.25857727855833146,1000.0,0.25909215211868286
C,C_CO_2015-11-10,C_CO_2015-11-12,CO,1,2,768,0.13184888660907745,0.20186442136764526,0.17138616740703583,0.14224955439567566,-0.20377647876739502,0.20127907205220738,0.01,0.18815108167798134,0.1,0.21500162780284882,1.0,0.2080019286824809,1000.0,0.20685513513687248,1000.0,0.20532338321208954
C,C_CO_2015-11-10,C_CO_2015-11-17,CO,7,7,768,0.22539299726486206,0.285266637802124,0.2892654538154602,0.2542946934700012,-0.045509979128837585,0.29613856821952145,0.1,0.31139347383772187,0.001,0.32981154322624207,1.0,0.33625976754544884,1000.0,0.3359095393608626,10000.0,0.33603259921073914
C,C_CO_2015-11-12,C_CO_2015-11-13,CO,1,1,770,0.10645122826099396,0.23073062300682068,0.27078908681869507,0.2584453225135803,-0.24307507276535034,0.29435525575067867,0.01,0.29365786276649086,0.01,0.3322960138320923,0.1,0.3331057529112843,1000.0,0.3325767556447724,1000.0,0.3318234086036682
C,C_CO_2015-11-12,C_CO_2015-11-19,CO,7,7,770,-0.2434973418712616,0.2697169780731201,0.2976874113082886,0.2438502311706543,-0.0037352442741394043,0.31873037465396603,0.01,0.3444339935456583,0.01,0.3754110038280487,0.1,0.3743876054785775,1000.0,0.3752452931987621,1000.0,0.37448418140411377
C,C_CO_2015-11-13,C_CO_2015-11-20,CO,7,7,771,0.1963633894920349,0.22591640055179596,0.2131403237581253,0.21716806292533875,-0.235562264919281,0.26000687528724964,0.01,0.2734004458342666,0.1,0.30901235342025757,1.0,0.3097930012896277,1000.0,0.3088746773161102,1000.0,0.30802762508392334
C,C_CO_2015-11-16,C_CO_2015-11-17,CO,1,1,774,0.28075191378593445,0.2987576723098755,0.30457624793052673,0.27086710929870605,-0.40109381079673767,0.30789400915417586,0.1,0.3082577731200858,0.1,0.3333989977836609,1.0,0.33625976754544884,1000.0,0.3352470191177888,10000.0,0.33603259921073914
C,C_CO_2015-11-17,C_CO_2015-11-19,CO,1,2,775,0.012002766132354736,0.3204715847969055,0.318477064371109,0.27932217717170715,-0.20080098509788513,0.3292845916809285,0.1,0.3533992646099965,0.1,0.3740329146385193,1.0,0.3743876054785775,1000.0,0.3763485477115812,10000.0,0.37448418140411377
C,C_CO_2015-11-19,C_CO_2015-11-20,CO,1,1,777,0.22717739641666412,0.2675209641456604,0.2680298388004303,0.2684808671474457,-0.21642565727233887,0.2847042973152828,0.01,0.296772508940692,0.1,0.3114357888698578,1.0,0.3097930012896277,1000.0,0.31153493433707474,10000.0,0.30802762508392334
C,C_CO_2016-09-09,C_CO_2016-09-15,CO,7,6,1072,-0.12174658477306366,0.1697182059288025,0.23296765983104706,0.27637192606925964,0.25801384449005127,0.31111104255026867,0.001,0.34870641440506267,0.1,0.43416616320610046,0.1,0.4266521660038398,10000.0,0.4369159029465454,10000.0,0.42349815368652344
C,C_CO_2016-09-09,C_CO_2016-10-07,CO,30,28,1072,-0.3101999759674072,0.08167716860771179,0.08269432187080383,0.1448773294687271,0.1017761081457138,0.1331930054437721,0.001,0.2663010995327012,0.001,0.4253339171409607,0.1,0.4321908688638052,10000.0,0.43111574210713466,10000.0,0.41977083683013916
C,C_CO_2016-09-12,C_CO_2016-09-14,CO,1,2,1075,0.3119599223136902,0.3801479637622833,0.3655478060245514,0.3148183226585388,0.3160376250743866,0.41305919709554617,0.01,0.42635259743407966,0.01,0.5136871337890625,0.1,0.51308251138291,10000.0,0.5169049278349496,10000.0,0.505695104598999
C,C_CO_2016-09-12,C_CO_2016-09-19,CO,7,7,1075,-0.25603795051574707,0.2567625045776367,0.24440206587314606,0.16703905165195465,0.060278356075286865,0.2707857507790528,0.001,0.3337037269227988,0.001,0.39715033769607544,0.1,0.40707515441072384,10000.0,0.4045834407020118,10000.0,0.3809480667114258
C,C_CO_2016-09-12,C_CO_2016-10-11,CO,30,29,1075,-0.27689605951309204,0.07893785834312439,0.056091949343681335,0.06904536485671997,0.03446601331233978,0.14907109042190012,0.001,0.2824766940726652,0.0001,0.450441837310791,0.1,0.4527542797105264,10000.0,0.4517481311580218,10000.0,0.4513927698135376
C,C_CO_2016-09-14,C_CO_2016-09-15,CO,1,1,1077,-0.46426069736480713,0.2671127915382385,0.3302291929721832,0.3304641842842102,0.32673364877700806,0.3734253119332464,0.001,0.3801870639421565,0.1,0.42564988136291504,1.0,0.4266521660038398,10000.0,0.43173127748822854,10000.0,0.42349815368652344
C,C_CO_2016-09-14,C_CO_2016-09-21,CO,7,7,1077,0.0926840603351593,0.23653128743171692,0.23087777197360992,0.24706852436065674,0.2369759976863861,0.31097509684343405,0.001,0.29759678321616356,1e-05,0.4327812194824219,0.01,0.4325964367079119,1000.0,0.433288724771716,1000.0,0.43224212527275085
C,C_CO_2016-09-14,C_CO_2016-10-13,CO,30,29,1077,-0.2614193856716156,0.09966304898262024,0.12488335371017456,0.1561897248029709,0.163573756814003,0.22919077239409383,0.001,0.3579313725997608,1e-05,0.497614324092865,0.1,0.5004390587206273,1000.0,0.501006966961729,1000.0,0.5001451969146729
C,C_CO_2016-09-15,C_CO_2016-09-21,CO,7,6,1078,-0.3672131597995758,0.16137011349201202,0.19167065620422363,0.17294643819332123,0.20197223126888275,0.30510509169806205,0.001,0.29051623815062877,0.0001,0.4322211742401123,0.01,0.4325964367079119,1000.0,0.4325698383714366,1000.0,0.43224212527275085
C,C_CO_2016-09-15,C_CO_2016-10-13,CO,30,28,1078,-0.43206602334976196,0.08548741042613983,0.10560368001461029,0.13273820281028748,0.12703697383403778,0.20785273965116907,0.0001,0.340580066356587,1e-05,0.49925893545150757,0.01,0.5004390587206273,1000.0,0.5009751305243209,1000.0,0.5001451969146729
C,C_CO_2016-09-19,C_CO_2016-09-21,CO,1,2,1082,-0.06707990169525146,0.19265158474445343,0.18771742284297943,0.17557792365550995,0.18811319768428802,0.29412544171505006,0.001,0.26414466211038434,0.0001,0.4257822036743164,0.1,0.4325964367079119,1000.0,0.43232530645094214,1000.0,0.43224212527275085
C,C_CO_2016-09-19,C_CO_2016-10-21,CO,30,32,1082,-0.1818653643131256,0.10749061405658722,0.12421540915966034,0.11776480078697205,0.11401230096817017,0.25530120414437685,0.001,0.3107620838995379,1e-05,0.5045130252838135,0.01,0.5047752206671381,1000.0,0.5051879991382899,1000.0,0.5042823553085327
C,C_CO_2016-09-21,C_CO_2016-09-23,CO,1,2,1084,-0.30073291063308716,0.17602670192718506,0.26431071758270264,0.2486421912908554,0.21948422491550446,0.3270523571196081,0.001,0.3531079007030954,0.001,0.4519686698913574,0.1,0.44986137659072734,10000.0,0.45034681149100264,10000.0,0.44983816146850586
C,C_CO_2016-09-21,C_CO_2016-09-29,CO,7,8,1084,-0.10464289784431458,0.1253400295972824,0.13726496696472168,0.15437926352024078,0.1642753630876541,0.27074341352277803,0.001,0.3517167253411916,0.0001,0.4798870086669922,0.1,0.48266851260556537,1000.0,0.4831553959866094,1000.0,0.4818997383117676
C,C_CO_2016-09-21,C_CO_2016-10-21,CO,30,30,1084,-0.26104801893234253,0.09680680930614471,0.10047192871570587,0.08694003522396088,0.07566654682159424,0.20663913523633387,0.0001,0.2954874240792932,1e-05,0.5041199326515198,0.01,0.5047752206671381,1000.0,0.5050552957110027,1000.0,0.5042823553085327
C,C_CO_2016-09-23,C_CO_2016-09-29,CO,7,6,1086,0.16626408696174622,0.20628784596920013,0.19470733404159546,0.17819024622440338,0.15196111798286438,0.33101050396751197,0.001,0.38313413192239254,0.0001,0.48129865527153015,0.1,0.48266851260556537,1000.0,0.4831495114129321,1000.0,0.4818997383117676
C,C_CO_2016-09-23,C_CO_2016-10-21,CO,30,28,1086,-0.1277790367603302,0.14894866943359375,0.12863442301750183,0.10074938833713531,0.10715530812740326,0.2623897645379003,0.0001,0.310998874797235,1e-05,0.503937840461731,0.01,0.5047752206671381,1000.0,0.5048286318824191,1000.0,0.5042823553085327
C,C_CO_2016-09-29,C_CO_2016-10-06,CO,7,7,1092,-0.061145126819610596,0.20900289714336395,0.2642391324043274,0.2685776948928833,0.2169799953699112,0.32376798648297644,0.01,0.3451753016187733,0.1,0.448776513338089,1.0,0.45543541570638135,10000.0,0.4549011194164574,1000.0,0.4536477327346802
C,C_CO_2016-10-05,C_CO_2016-10-06,CO,1,1,1098,-7.427633285522461,-1.5801291465759277,0.29195141792297363,0.288740336894989,0.29172438383102417,0.33411756685737276,0.01,0.3400775170355025,0.1,0.4452826976776123,1.0,0.45543541570638135,10000.0,0.45195141652691306,10000.0,0.4536477327346802
C,C_CO_2016-10-05,C_CO_2016-10-11,CO,7,6,1098,-5.516233444213867,-1.2462375164031982,0.24357247352600098,0.20548295974731445,0.21568195521831512,0.3214895965343345,0.01,0.3497822523079403,0.01,0.4455986022949219,1.0,0.4527542797105264,10000.0,0.451929784435641,10000.0,0.4513927698135376
C,C_CO_2016-10-06,C_CO_2016-10-07,CO,1,1,1099,0.12105514109134674,0.3159688711166382,0.32227084040641785,0.2910008728504181,0.23248158395290375,0.3389289567001045,0.1,0.3455525028650167,0.1,0.4243026375770569,1.0,0.4321908688638052,10000.0,0.4317713771209798,10000.0,0.41977083683013916
C,C_CO_2016-10-06,C_CO_2016-10-13,CO,7,7,1099,0.14943349361419678,0.28954005241394043,0.3041614294052124,0.29160258173942566,0.2926415801048279,0.34775021500722175,0.001,0.37048180485689264,0.0001,0.49952107667922974,0.1,0.5004390587206273,1000.0,0.5009506325587241,1000.0,0.5001451969146729
C,C_CO_2016-10-07,C_CO_2016-10-13,CO,7,6,1100,-0.22606907784938812,0.2617374062538147,0.2826205790042877,0.25650399923324585,0.2655888795852661,0.34954409405961673,0.01,0.369284629660887,0.0001,0.49868619441986084,0.1,0.5004390587206273,1000.0,0.5007479851250681,1000.0,0.5001451969146729
C,C_CO_2016-10-11,C_CO_2016-10-13,CO,1,2,1104,-0.10969854891300201,0.2884383201599121,0.3296594023704529,0.33388108015060425,0.31377989053726196,0.3659611262693805,0.001,0.3935786395123292,0.0001,0.4990222156047821,0.1,0.5004390587206273,1000.0,0.5010808150127526,1000.0,0.5001451969146729
C,C_CO_2016-10-13,C_CO_2016-10-21,CO,7,8,1106,-0.3497576117515564,0.21082328259944916,0.2554957866668701,0.06694284081459045,0.05268903076648712,0.3648158711073102,0.001,0.3497236259083475,0.0001,0.5031794905662537,0.1,0.5047752206671381,1000.0,0.504538153113468,1000.0,0.5042823553085327
C,C_RT_2013-10-09,C_RT_2013-10-10,RT,1,1,6,0.021749481558799744,0.10560305416584015,-0.02793055772781372,-0.11104525625705719,-0.3677797019481659,0.054957620355512604,0.001,0.08294518796583611,0.01,0.0671730786561966,1.0,0.0660926569048304,10000.0,0.0714010199504202,1000.0,0.06070344150066376
C,C_RT_2013-10-09,C_RT_2015-03-16,RT,480,523,6,-2.0604281425476074,-0.42562997341156006,-0.1380823403596878,-0.22877080738544464,-0.1730595827102661,-0.03895311954828415,1.0,-0.00818923955313225,1.0,0.06378570199012756,1.0,0.0667797930084198,100000.0,0.06480390327441846,10000.0,0.08299453556537628
C,C_RT_2013-10-10,C_RT_2013-10-11,RT,1,1,7,-0.23454728722572327,-0.1829192340373993,-0.015998125076293945,-0.03369110822677612,-0.020085737109184265,-0.00412871779948451,1.0,-0.03183710435058418,1e-05,-0.025139182806015015,1.0,-0.029389780056841314,10000.0,-0.025083343848869954,10000.0,-0.03876270353794098
C,C_RT_2013-10-10,C_RT_2015-03-16,RT,480,522,7,-0.7368558645248413,-0.39515194296836853,-0.053578853607177734,-0.050145432353019714,-0.1411544680595398,0.02219674319623474,0.1,0.03231599328802462,1.0,0.07107266783714294,1.0,0.0667797930084198,100000.0,0.07251109362400823,10000.0,0.08299453556537628
C,C_RT_2013-10-11,C_RT_2015-03-16,RT,480,521,8,-0.6624691486358643,-0.28882667422294617,-0.10912764072418213,-0.1337522268295288,-0.18134820461273193,-0.000951948480760717,0.1,0.002348922572039891,1.0,0.06452101469039917,1.0,0.0667797930084198,100000.0,0.06825186211873052,10000.0,0.08299453556537628
C,C_RT_2013-10-28,C_RT_2013-10-29,RT,1,1,25,0.0890173614025116,0.15655334293842316,0.15774914622306824,0.14248982071876526,-0.09931570291519165,0.16524418900679572,10.0,0.1499832438873756,100.0,0.2093675136566162,1.0,0.209385274356767,10000.0,0.16860879313070398,1000000.0,0.20600274205207825
C,C_RT_2013-10-28,C_RT_2015-03-16,RT,480,504,25,-0.5547103881835938,-0.12273380160331726,-0.05239330232143402,-0.06098669767379761,-0.08153027296066284,0.013192016279109042,0.1,0.03954970837600541,1.0,0.0715726912021637,1.0,0.0667797930084198,100000.0,0.07409473592000809,10000.0,0.08299453556537628
C,C_RT_2013-10-29,C_RT_2015-03-16,RT,480,503,26,-0.746025800704956,-0.49757030606269836,-0.10564589500427246,-0.09622558951377869,-0.24477607011795044,0.010150075094920719,0.1,-0.005983149892307027,1.0,0.06611783802509308,1.0,0.0667797930084198,100000.0,0.07270838606434823,10000.0,0.08299453556537628
C,C_RT_2013-12-09,C_RT_2013-12-10,RT,1,1,67,0.1842600256204605,0.19623099267482758,0.17921431362628937,0.13513627648353577,-0.07775411009788513,0.20690786173237016,0.01,0.22255958813521004,0.1,0.2529807388782501,1.0,0.2527686302741437,1000.0,0.2571213543120143,10000.0,0.2506071925163269
C,C_RT_2013-12-09,C_RT_2013-12-17,RT,7,8,67,-0.8930802345275879,-0.6561587452888489,-0.008592307567596436,-0.06336088478565216,-0.17822697758674622,0.0446512154097477,0.01,0.03488185557549664,0.1,0.06494949758052826,1.0,0.0766307872791557,10000.0,0.06280059902746724,10000.0,0.06181730329990387
C,C_RT_2013-12-09,C_RT_2015-03-20,RT,480,466,67,-4.142367362976074,-0.7657934427261353,-0.014690786600112915,-0.033585697412490845,-0.15277504920959473,0.01645172255050248,0.01,0.04492961047263758,0.0001,0.10580943524837494,0.001,0.1062831317314768,1000.0,0.10710500645773624,1000.0,0.14992694556713104
C,C_RT_2013-12-10,C_RT_2013-12-12,RT,1,2,68,0.18138691782951355,0.21584776043891907,0.21363990008831024,0.20488911867141724,0.0027358829975128174,0.2455454781920179,0.01,0.2662755915696347,0.1,0.2940796911716461,1.0,0.297993684661811,1000.0,0.2967953071515592,10000.0,0.29922688007354736
C,C_RT_2013-12-10,C_RT_2013-12-17,RT,7,7,68,-0.18066543340682983,-0.08251035213470459,-0.02426670491695404,-0.04412326216697693,-0.41673633456230164,0.007827509223528567,1.0,0.027247422872288485,0.1,0.05925944447517395,1.0,0.0766307872791557,10000.0,0.06104126559522349,10000.0,0.06181730329990387
C,C_RT_2013-12-10,C_RT_2015-03-20,RT,480,465,68,-0.7370811700820923,-0.3466944694519043,0.0011452287435531616,-0.03262057900428772,-0.16731414198875427,0.012901377688283644,0.001,0.04812692376431074,0.0001,0.10552845895290375,0.001,0.1062831317314768,1000.0,0.10682469243318393,1000.0,0.14992694556713104
C,C_RT_2013-12-12,C_RT_2013-12-13,RT,1,1,70,0.011756941676139832,0.09668590128421783,0.12354882061481476,0.1392437070608139,-0.03515402972698212,0.17912902667985803,0.01,0.19349580280240433,0.1,0.21862895786762238,1.0,0.22289048888769203,1000.0,0.22103815755583628,10000.0,0.22322502732276917
C,C_RT_2013-12-12,C_RT_2013-12-18,RT,7,6,70,-0.089442178606987,0.0179939866065979,0.08964784443378448,0.10018603503704071,-0.10842433571815491,0.16059626166900487,0.1,0.13124304651316024,0.001,0.20953583717346191,1.0,0.2089293347402972,1000.0,0.2077748191248576,1000.0,0.2066437304019928
C,C_RT_2013-12-12,C_RT_2015-03-20,RT,480,463,70,-0.3013055622577667,-0.21796488761901855,-0.006124809384346008,-0.03792516887187958,-0.1144203245639801,0.04012981965885798,0.001,0.055098378394740244,0.0001,0.1056937426328659,0.001,0.1062831317314768,1000.0,0.10680064859711094,1000.0,0.14992694556713104
C,C_RT_2013-12-13,C_RT_2015-03-20,RT,480,462,71,-0.3101200759410858,-0.14613309502601624,-0.030016005039215088,-0.04809802770614624,-0.1369815468788147,0.015680601649959186,0.001,0.05078264766502216,0.0001,0.10546837747097015,0.001,0.1062831317314768,1000.0,0.10669259793654096,1000.0,0.14992694556713104
C,C_RT_2013-12-17,C_RT_2013-12-18,RT,1,1,75,0.10271096229553223,0.1326233446598053,0.11966389417648315,0.06456056237220764,-0.5564368367195129,0.16139307528438884,0.01,0.13828927764622584,0.001,0.21283958852291107,1.0,0.2089293347402972,1000.0,0.20819072330119712,1000.0,0.2066437304019928
C,C_RT_2013-12-17,C_RT_2015-03-20,RT,480,458,75,-0.35639262199401855,-0.09357944130897522,-0.029605284333229065,-0.075008824467659,-0.08761438727378845,0.021710449428584078,0.01,0.03749597541045299,0.0001,0.105875164270401,0.01,0.1062831317314768,1000.0,0.10682713973621519,1000.0,0.14992694556713104
C,C_RT_2013-12-18,C_RT_2015-03-20,RT,480,457,76,-0.31735464930534363,-0.20882630348205566,-0.027593985199928284,-0.02365732192993164,-0.17585572600364685,0.010434851113060944,0.001,0.04169648378028182,0.0001,0.10571546852588654,0.001,0.1062831317314768,1000.0,0.1069415879967027,1000.0,0.14992694556713104
C,C_RT_2015-03-16,C_RT_2015-03-17,RT,1,1,529,-0.13888373970985413,0.03850544989109039,0.05068786442279816,0.012657329440116882,-0.03740076720714569,0.035390852913953774,0.01,-0.018801173076675753,0.001,0.023990467190742493,0.1,0.025007613857703254,10000.0,0.035705611873902365,1000.0,0.06714916229248047
C,C_RT_2015-03-17,C_RT_2015-03-18,RT,1,1,530,-0.15536965429782867,0.03845600783824921,0.021532729268074036,-0.02068626880645752,-0.17664720118045807,0.12158395164680988,0.01,0.11769675587096298,0.0001,0.13957278430461884,0.01,0.13995727451481899,1000.0,0.1415265649915382,1000.0,0.15875458717346191
C,C_RT_2015-03-18,C_RT_2015-03-20,RT,1,2,531,0.0913943499326706,0.13005557656288147,0.1378229558467865,0.11030024290084839,-0.16736219823360443,0.11452431331810328,0.01,0.09641421368782135,0.001,0.1074233204126358,0.1,0.1062831317314768,1000.0,0.10677620170327679,1000.0,0.14992694556713104
