train,test,style,gap_target,days,train_day,L0,L1,L2,L4u,L4s,L3_n10,lam_L3_n10,L4_n10,lam_L4_n10,L5_n10,lam_L5_n10,L6_n10,lam_L6_n10,L6p_n10,lam_L6p_n10,L3_n20,lam_L3_n20,L4_n20,lam_L4_n20,L5_n20,lam_L5_n20,L6_n20,lam_L6_n20,L6p_n20,lam_L6p_n20,L3_n50,lam_L3_n50,L4_n50,lam_L4_n50,L5_n50,lam_L5_n50,L6_n50,lam_L6_n50,L6p_n50,lam_L6p_n50,L3_n100,lam_L3_n100,L4_n100,lam_L4_n100,L5_n100,lam_L5_n100,L6_n100,lam_L6_n100,L6p_n100,lam_L6p_n100,L3_n300,lam_L3_n300,L4_n300,lam_L4_n300,L5_n300,lam_L5_n300,L6_n300,lam_L6_n300,L6p_n300,lam_L6p_n300,own
2020-01-27_CO,2020-02-04_CO,CO,7,8,0,-0.2539083957672119,0.0805063396692276,0.1514759510755539,0.13901790976524353,0.11389121413230896,-0.3754608842749574,0.001,-0.4317305059902483,0.01,-0.06225837767124176,0.01,-0.33202450668167616,1000.0,0.07030721534635168,1000.0,-0.17034357690797433,0.0001,-0.07573240943048662,0.01,0.018042877316474915,0.01,-0.10829711043600415,1000.0,0.09006682779623057,1000.0,0.15141940107427382,100.0,0.1388414499494717,100.0,0.15546265244483948,0.01,0.06861901605334436,1000.0,0.2165813898303229,10000.0,0.16910354815873765,0.0001,0.13238430367209447,1e-06,0.14490169286727905,0.001,0.17713134946326975,1000.0,0.18868649481632516,1000.0,0.2164788154344985,1e-05,0.17858820084927712,1e-06,0.23502840101718903,0.001,0.28989956315807963,1000.0,0.2887402656272994,1000.0,0.28400734066963196
2020-01-27_CO,2020-02-25_CO,CO,30,29,0,-2.185868740081787,-0.15134958922863007,-0.013815104961395264,0.009389251470565796,-0.006788000464439392,-0.589153516293416,0.001,-0.3644761100028005,0.1,-0.10907983779907227,0.1,-0.5408250725646162,1000.0,-0.18654444734940084,1000.0,-0.014745626131223794,100.0,0.008617465731292823,100.0,-0.012543290853500366,1.0,-0.12466043232651197,1000.0,-0.10464548852639688,1000.0,-0.01423611664449359,100.0,0.009093448340491722,100.0,0.006481945514678955,0.01,-0.02900665069919431,1000.0,0.09609318261525165,10000.0,-0.1384334132171003,1e-05,0.016830022633722685,1e-05,0.10464449226856232,0.001,0.10185247890893331,1000.0,0.09384240774266961,1000.0,0.036056947477061924,1e-05,0.08275826530638986,1e-06,0.18976522982120514,0.0001,0.22099634903424906,1000.0,0.21850476998747626,1000.0,0.21203653514385223
2020-01-27_CO,2021-05-20_CO,CO,480,479,0,-0.9131263494491577,0.00041154026985168457,-0.1838061511516571,-0.10183459520339966,-0.17351216077804565,-0.18382535944929845,100.0,-0.2725243225644245,0.001,-0.15765488147735596,0.1,-0.0102695263164653,1000.0,-0.08510215010565911,1000.0,-0.2292665765893979,1e-05,-0.14230511315270855,0.001,-0.08607405424118042,0.01,0.0831952466708131,1000.0,0.05094816923589909,1000.0,-0.09013031291036447,1e-05,-0.08400825905705217,0.0001,-0.044860273599624634,0.01,0.17879599403995805,1000.0,0.16870909782169496,1000.0,-0.02842421606207271,1e-05,-0.026320535999913908,0.0001,0.0897269994020462,0.001,0.25442508708583544,1000.0,0.25135796721394355,1000.0,-0.09829297741778734,1e-06,0.0451470423505414,1e-06,0.21473516523838043,0.0001,0.3158546722521681,1000.0,0.315546046614927,1000.0,0.31006187200546265
2020-02-06_CO,2020-06-26_CO,CO,120,141,10,-2.1084916591644287,-0.2239292711019516,-0.20598691701889038,-0.19565966725349426,-0.20444536209106445,-0.7553744701492802,0.001,-0.6871995515087759,0.001,-0.3090917468070984,0.01,-0.5029665043621563,1000.0,-0.17785829059344946,1000.0,-0.6878407297361759,1e-05,-0.2142778569590773,0.001,-0.10359920561313629,0.01,-0.15863358711888545,1000.0,-0.10871785996686292,1000.0,-0.08422733343146815,0.0001,-0.1411856829361242,0.0001,-0.020872950553894043,0.01,0.007172882857801127,1000.0,0.00144401476718084,1000.0,-0.10898996237511357,1e-05,-0.11012833423635315,0.0001,0.05072645843029022,0.001,0.1065935554583207,1000.0,0.10214457038058786,1000.0,-0.04369121437049073,1e-05,-0.03302479189162105,1e-06,0.13823431730270386,0.0001,0.18803866272031697,1000.0,0.18796741742785528,1000.0,0.1839698851108551
2020-02-06_CO,2021-06-01_CO,CO,480,481,10,-1.5490611791610718,-0.07100187242031097,-0.22905361652374268,-0.19365863502025604,-0.1541297882795334,-0.020194496332646694,0.0001,-0.19372875352774876,100.0,-0.09742814302444458,0.01,-0.019637471965124692,1000000.0,-0.2235701621322434,1000000.0,-0.011216759708265689,0.0001,-0.14881354477996464,0.001,-0.06554852426052094,0.01,0.05160241188050646,1000.0,0.014590994299074234,1000.0,0.03142337146726948,1e-05,-0.10418399589146699,0.001,0.06713050603866577,0.001,0.18693297783098836,1000.0,0.17107640618580025,1000.0,0.052856222233073374,1e-05,-0.05853556074475383,0.0001,0.09254878759384155,0.001,0.25188363167177286,1000.0,0.24529702944726392,1000.0,0.09432959296354401,1e-05,0.016456126846252944,1e-06,0.2036917507648468,0.0001,0.29149366313544167,1000.0,0.2914602819264636,1000.0,0.28773194551467896
2020-03-02_RD,2020-03-10_RD,RD,7,8,35,-3.568727731704712,0.10535271465778351,0.30744147300720215,0.29949694871902466,0.2925598919391632,0.2678011841113701,0.001,0.23819928090375406,0.1,0.3026435077190399,0.1,0.20376567946500185,1000.0,0.26266693368115757,1000.0,0.30765783505079647,100.0,0.2998550331037183,100.0,0.31939324736595154,1.0,0.28520705106927086,1000.0,0.33656379183624086,10000.0,0.35514992114283606,0.0001,0.3031107214643099,10.0,0.36598652601242065,0.01,0.34314955997100915,1000.0,0.35975312562496564,10000.0,0.35238905317963487,0.0001,0.2746011277477104,0.0001,0.36945071816444397,0.01,0.37271672884843554,1000.0,0.3755366480958453,1000.0,0.32510874696352865,1e-05,0.33093273390871475,1e-06,0.3793689012527466,0.001,0.4066140272620616,1000.0,0.40691155571670107,1000.0,0.404556006193161
2020-03-02_RD,2020-07-29_RD,RD,120,149,35,-0.21128901839256287,0.09368807077407837,0.13831442594528198,0.13809651136398315,0.10078240931034088,0.13844748369115584,100.0,0.13820414990807411,100.0,0.15784227848052979,1.0,-0.06983934032810382,1000.0,0.1857611809213636,10000.0,0.18622121152292095,0.001,0.03633325611890778,0.001,0.20096568763256073,0.01,0.16995376742808724,1000.0,0.20997090929405396,1000.0,0.19691611964154912,0.0001,0.13463570449398235,0.001,0.23581138253211975,0.01,0.28476020031772764,1000.0,0.2824269537200487,1000.0,0.21191903907530033,1e-05,0.1515934127982838,0.0001,0.24412699043750763,0.01,0.31740266505489045,1000.0,0.31698193121203916,1000.0,0.22599456203498774,1e-05,0.2009204776643248,1e-06,0.28409385681152344,0.001,0.3502872106677176,1000.0,0.3501995085915357,1000.0,0.34804362058639526
2020-03-02_RD,2021-06-24_RD,RD,480,479,35,-0.5158864259719849,-0.07413426041603088,-0.15182186663150787,-0.10481896996498108,-0.09360888600349426,-0.15193367116567494,100.0,-0.10479383219622707,100.0,-0.014102146029472351,0.01,0.10556838944912397,1000.0,0.08606261341115401,1000.0,0.004169699353778644,0.0001,-0.04642479464270924,0.01,0.05735698342323303,0.01,0.11572074234458632,1000.0,0.1468249968449516,1000.0,-0.06359168970898951,1e-05,0.000730887905134564,0.0001,0.14426688849925995,0.01,0.2279329901068477,1000.0,0.21946097839371084,1000.0,0.005981326499927747,1e-05,0.03352850836084076,0.0001,0.22429391741752625,0.001,0.2998968695038317,1000.0,0.2973297874043015,1000.0,0.08230224762981603,1e-05,0.09324389662955215,1e-06,0.28997254371643066,0.0001,0.34885654008425687,1000.0,0.34886883194819074,1000.0,0.3460385799407959
2020-03-10_RD,2020-03-17_RD,RD,7,7,43,-4.479720115661621,0.02654905617237091,0.2687961459159851,0.27631324529647827,0.2804950177669525,0.17288753934782475,0.01,0.18603989346051378,0.1,0.2916373610496521,0.1,-0.04825777846432519,1000.0,0.30778884854565414,10000.0,0.2737034409702491,0.001,0.24839449241064832,0.01,0.3095833659172058,0.1,0.25397085275738207,1000.0,0.32268354387484627,10000.0,0.29848495806770625,0.0001,0.25238517987214726,0.1,0.362102746963501,0.01,0.3411597758846701,1000.0,0.33510699280595013,1000.0,0.29824639810358433,0.0001,0.30422518079997607,0.001,0.3627857565879822,0.01,0.36210496022340555,1000.0,0.3602374899993531,1000.0,0.2812473227935812,1e-05,0.32539352047841574,1e-06,0.352609783411026,0.001,0.3785204735786926,1000.0,0.37938425734057496,1000.0,0.374872088432312
2020-03-10_RD,2020-07-29_RD,RD,120,141,43,-1.2486517429351807,-0.02409064769744873,0.07924167811870575,0.13243667781352997,0.11957788467407227,0.0912999142906081,0.001,0.12327099892023935,1.0,0.16094182431697845,0.1,-0.06983934032810382,1000.0,0.17991149512273366,1000.0,0.16750103763951857,0.001,0.13250053514327403,100.0,0.2037568837404251,0.01,0.16995376742808724,1000.0,0.2080809275995049,1000.0,0.159087573597711,1e-05,0.148150695987212,0.001,0.23811347782611847,0.01,0.28476020031772764,1000.0,0.2841803853689908,1000.0,0.15518221670118296,1e-05,0.15704198902440786,0.0001,0.2429909110069275,0.01,0.31740266505489045,1000.0,0.31658092843947017,1000.0,0.14968569900708223,1e-06,0.19040510745165698,1e-06,0.3197537660598755,0.0001,0.3502872106677176,1000.0,0.3503946793105409,1000.0,0.34804362058639526
2020-03-10_RD,2021-07-03_RD,RD,480,480,43,-1.516030192375183,-0.04138559103012085,-0.0827132910490036,-0.06964123249053955,-0.06975919008255005,-0.09586253050923765,0.0001,-0.36491070649002866,0.001,-0.1579846292734146,0.001,-0.09009446136482654,1000.0,0.06725183972719781,1000.0,-0.03460930064176504,0.0001,-0.12021856681800686,0.001,0.09381832182407379,0.01,0.10022756094913043,1000.0,0.1352436989056129,1000.0,0.053902208534081286,0.0001,0.04276271189712,0.001,0.15360955893993378,0.01,0.2124567123128211,1000.0,0.21430526783361825,1000.0,0.017836816863484622,1e-05,0.07888505309820454,0.0001,0.20998461544513702,0.001,0.2670427787890437,1000.0,0.26621517999763566,1000.0,0.0906673096835042,1e-05,0.12115345954570916,1e-06,0.2716912031173706,0.0001,0.32206420328705754,1000.0,0.3223382588610033,1000.0,0.31707289814949036
2020-07-31_CO,2020-12-03_CO,CO,120,125,186,-0.9624513387680054,-0.010169774293899536,0.05005088448524475,-0.005730092525482178,-0.03294280171394348,-0.15094379331411065,0.0001,-0.003317517163891698,1.0,0.078759104013443,0.1,0.07289534136656414,1000.0,0.08427142741173366,1000.0,-0.0287472936611316,0.0001,-0.043563225267900574,0.001,0.11651094257831573,0.01,0.15411221428043267,1000.0,0.17629207413373926,1000.0,0.09446550320450484,0.0001,0.03338267331535558,0.001,0.14013433456420898,0.01,0.20526907124601326,1000.0,0.17648422556983256,10000.0,0.02451521659379638,1e-05,0.044833392014351325,0.0001,0.16626712679862976,0.001,0.24495900098505355,1000.0,0.24287614548488348,1000.0,0.06974874449908061,1e-05,0.11919401187917003,1e-06,0.18710476160049438,0.001,0.30010201868817,1000.0,0.3010152529197098,1000.0,0.29571062326431274
2020-07-31_CO,2021-11-23_CO,CO,480,480,186,-0.3462188243865967,0.055575937032699585,0.027393251657485962,-0.011388078331947327,0.0032863616943359375,-0.5215981673608134,0.0001,-0.23107544243837203,0.01,-0.06359229981899261,0.01,-0.2693268279656099,1000.0,-0.036790513259598284,1000.0,-0.23998735319390502,0.0001,-0.11295580944331002,0.01,0.02316737174987793,0.1,-0.07853008231164968,1000.0,0.07905621270326865,10000.0,-0.07587626566312303,0.0001,-0.09563404595305217,0.001,0.020578131079673767,0.01,0.030199697078813953,10000.0,0.05873719902298977,1000.0,-0.027700488779356713,1e-05,-0.05047264888649233,0.0001,0.05583760142326355,0.001,0.09088336873053424,1000.0,0.11248757830003167,1000.0,0.00816015717256438,1e-05,0.03068324514132037,1e-06,0.15329226851463318,0.0001,0.18352222995188236,1000.0,0.18860473384790888,1000.0,0.18095095455646515
2021-02-23_CO,2021-02-25_CO,CO,1,2,393,-0.10956218838691711,0.16848142445087433,0.20753511786460876,0.15907146036624908,0.12295712530612946,0.2074970701659225,100.0,0.1591487861075389,100.0,0.20905889570713043,1.0,0.045125241173437775,1000.0,0.20777878465219166,1000000.0,0.18686214612241034,0.001,0.15916700670137346,100.0,0.21252894401550293,1.0,0.14996042205601298,1000.0,0.20852015243792532,1000000.0,0.2112235640089739,0.0001,0.1722801619390997,0.001,0.22515630722045898,0.01,0.16386382637604513,1000.0,0.24542761980480582,10000.0,0.21554627716396024,0.0001,0.19366511444726303,0.001,0.2383030354976654,0.01,0.21819189479063436,1000.0,0.2584836795388874,10000.0,0.22490247874504382,1e-05,0.231294105952399,0.0001,0.27394717931747437,0.001,0.30155113320035565,1000.0,0.30430238159573747,10000.0,0.29701778292655945
2021-02-23_CO,2021-03-23_CO,CO,30,28,393,-20.03620719909668,0.07879772782325745,0.13160280883312225,0.16904573142528534,0.1199716329574585,0.131817115380738,100.0,0.1692830876574934,100.0,0.12659002840518951,1.0,-0.12093653156150927,1000.0,0.13284036976411598,1000000.0,0.13319669907133785,10.0,0.10981623485634678,0.01,0.13813380897045135,0.1,0.04370299260932209,1000.0,0.15212276048286455,10000.0,-0.015898398661850166,0.0001,0.14056591874715355,0.01,0.1339348405599594,0.01,0.044525487476338055,1000.0,0.19333684935673734,10000.0,0.06892403586873247,0.0001,0.13856020219372764,0.001,0.15906254947185516,0.01,0.13516302385966614,1000.0,0.22287554078483496,10000.0,0.12697931298035978,1e-05,0.2474628864825948,0.0001,0.2855936288833618,0.001,0.32966444093765324,1000.0,0.3275286604982415,1000.0,0.32326602935791016
2021-02-23_CO,2021-06-28_CO,CO,120,125,393,-1.8008559942245483,-0.03880089521408081,-0.14325585961341858,-0.0015298575162887573,0.00649455189704895,-0.0076416728959705915,1e-05,-0.07973128796470924,0.001,0.1266602724790573,0.001,0.06650979201512638,1000.0,0.002452135480790013,100.0,-0.002753869331107772,0.0001,-0.08061728006156935,0.001,0.09858141839504242,0.01,0.10093730176932805,1000.0,0.1182429329335053,1000.0,-0.09600749221643334,1e-06,-0.0015491799065219525,100.0,0.12798498570919037,0.001,0.20794354399731704,1000.0,0.18580191087015357,1000.0,0.0497787558825111,1e-05,0.11707791139990664,0.001,0.19996941089630127,0.001,0.2789754521429195,1000.0,0.26653866130470005,1000.0,0.07347781477728313,1e-06,0.1465049408207635,1e-06,0.2748916745185852,0.0001,0.3397837446353675,1000.0,0.3377522204721257,1000.0,0.3346012234687805
2021-02-23_CO,2022-06-13_CO,CO,480,475,393,-4.6603102684021,0.07182639837265015,-0.022599011659622192,-0.049975067377090454,-0.028261244297027588,0.07398068282536113,0.001,-0.04584798758575723,0.001,0.05401873588562012,0.01,0.10647284247542185,1000.0,0.0749623537990424,1000.0,0.029114583358651774,0.0001,-0.003358144101123256,0.001,0.11576765775680542,0.01,0.20170357574934314,1000.0,0.16769584270152074,1000.0,0.06372207058993079,0.0001,0.060502723717390156,0.001,0.1744055449962616,0.01,0.314390540753536,1000.0,0.29601604499553763,1000.0,0.11018375489720053,1e-05,0.06736026312360455,0.0001,0.23593908548355103,0.001,0.3522001091825123,1000.0,0.3539511352898698,1000.0,0.13546211667096925,1e-05,0.13534581656652916,1e-06,0.31339895725250244,0.0001,0.4039132091443801,1000.0,0.40273426536230217,1000.0,0.40180009603500366
2021-05-04_CO,2021-05-11_CO,CO,7,7,463,-1.9090824127197266,0.016593828797340393,0.0884321928024292,0.13386568427085876,0.12875056266784668,0.09686002071818137,1.0,0.10352931925043932,0.001,0.1507154405117035,0.01,0.08292531716212712,1000.0,0.11554424679435976,1000.0,0.12493692694813893,0.0001,0.08796247374280727,0.001,0.15072625875473022,0.01,0.11174155657978774,1000.0,0.16287375307233723,1000.0,0.10250626610668609,1e-05,0.08339480313209707,0.0001,0.14753210544586182,0.01,0.13059111870281997,1000.0,0.17612785274854398,1000.0,0.09612118370449158,1e-05,0.11879851844034073,1e-05,0.16935256123542786,0.01,0.20314413268315218,1000.0,0.2168791014270552,1000.0,0.12643747572252947,1e-05,0.17602440262186905,1e-05,0.2329079657793045,0.001,0.2924992416556559,1000.0,0.29365965705528746,1000.0,0.28804001212120056
2021-05-04_CO,2021-06-01_CO,CO,30,28,463,-2.7850191593170166,-0.08251823484897614,-0.04945099353790283,0.0383424311876297,-0.010145142674446106,-0.04476396229223062,0.001,-0.03871645581267297,0.1,0.019600629806518555,0.01,-0.019637471965124692,1000000.0,0.015214679258555436,1000.0,-0.005315068498248476,0.0001,0.03865381914922414,100.0,-0.03101278841495514,1.0,0.05160241188050646,1000.0,0.04165478805340683,1000.0,-0.0256986432622264,1e-05,0.019551220446254153,0.001,0.09999163448810577,0.01,0.18693297783098836,1000.0,0.18193459266110387,1000.0,0.04696275399147595,1e-05,0.030481215324303534,0.0001,0.1598920226097107,0.001,0.25188363167177286,1000.0,0.2468716088707092,1000.0,0.008197120566588056,1e-06,0.1246691671465377,1e-06,0.2306041419506073,0.0001,0.29149366313544167,1000.0,0.2908560836288362,1000.0,0.28773194551467896
2021-05-04_CO,2021-08-31_CO,CO,120,119,463,-0.9632023572921753,0.01558607816696167,0.026779383420944214,0.009263679385185242,0.009044721722602844,0.026673999727787695,100.0,0.009221855726855382,100.0,0.05578744411468506,0.1,0.0728193204342123,1000.0,0.06724694044889049,10000.0,0.06636597742521361,0.0001,-0.0018065501399490702,1.0,0.11326421797275543,0.01,0.1322352439122061,1000.0,0.1258608774745466,1000.0,0.08481234780133542,0.0001,0.04718624770197377,0.001,0.16144225001335144,0.001,0.20157540533402835,1000.0,0.19828825347820642,1000.0,0.038748618231719906,1e-05,0.062187869266331436,0.0001,0.18591371178627014,0.001,0.2158243448992229,1000.0,0.22644780679401683,1000.0,0.05721126942650773,1e-05,0.09766377897395617,1e-06,0.22746121883392334,0.0001,0.2750654362425671,1000.0,0.2774378571473952,1000.0,0.27044743299484253
2021-05-04_CO,2022-08-26_CO,CO,480,479,463,-101.18490600585938,-1.8903154134750366,-0.2025914490222931,-0.11769688129425049,-0.19200244545936584,-0.15358334681810537,0.0001,-0.11735027961646471,10.0,-0.13640710711479187,0.1,0.020734474826358845,10000.0,-0.03513108051138292,1000.0,-0.21461005800761745,0.0001,-0.11813657122366211,1.0,-0.0023074597120285034,0.01,0.16787494430786618,1000.0,0.0754601868430575,1000.0,-0.10567182305915518,1e-05,-0.17713336284872655,0.001,0.06956982612609863,0.001,0.16521829762737164,1000.0,0.14853491375575972,1000.0,0.027785702751549096,1e-05,-0.3115041434979277,0.0001,0.0960569679737091,0.001,0.20958975874394056,1000.0,0.20662220666596648,1000.0,-0.002549863049224471,1e-06,-0.019989937323533796,1e-06,0.2164752334356308,0.0001,0.3016189090312932,1000.0,0.29897940468716666,1000.0,0.29724735021591187
2021-05-26_RD,2021-06-24_RD,RD,30,29,485,-0.47226205468177795,0.1959528923034668,0.21301202476024628,0.1889190971851349,0.17157404124736786,0.21297676235582605,100.0,0.18892046462510426,100.0,0.216277077794075,1.0,0.10556838944912397,1000.0,0.21362708930991414,1000000.0,0.006399923266503071,0.0001,0.20591165672346512,0.01,0.22944635152816772,0.1,0.11572074234458632,1000.0,0.17986848357133747,1000.0,0.1698883778416366,0.0001,0.2273560192029488,0.001,0.25475674867630005,0.01,0.2279329901068477,1000.0,0.23396587381041975,1000.0,0.10817814472864568,1e-05,0.23988425619202813,0.001,0.2863910496234894,0.01,0.2998968695038317,1000.0,0.3014222695883758,1000.0,0.15586766224901866,1e-05,0.26791674215908456,1e-06,0.31421101093292236,0.001,0.34885654008425687,1000.0,0.3489180494295998,1000.0,0.3460385799407959
2021-05-26_RD,2021-09-17_RD,RD,120,114,485,-6.153397083282471,0.06858548521995544,0.12943635880947113,0.08858947455883026,0.10216012597084045,0.09804586587944608,0.01,0.06399179177205466,0.1,0.1547757238149643,0.1,0.009013554199622853,1000.0,0.1470871587624325,10000.0,0.1394205319181245,0.01,0.09193042359085948,0.01,0.14607863128185272,0.01,0.04012306661182419,1000.0,0.11077614658269963,1000.0,0.04152610875032073,0.0001,0.12607028584910718,0.001,0.1901402622461319,0.01,0.15967541695078882,1000.0,0.159871706540564,1000.0,-0.03360112048810579,1e-05,0.19207244490688777,1e-06,0.20551353693008423,0.01,0.2061304827278341,1000.0,0.2082543966640311,1000.0,-0.04219247183610106,1e-06,0.21562382223898086,1e-06,0.2512768507003784,0.001,0.3065888454042713,1000.0,0.3065001275037064,1000.0,0.30313023924827576
2021-05-26_RD,2022-09-21_RD,RD,480,483,485,-16.832387924194336,-0.16031953692436218,0.005950704216957092,-0.05837298929691315,0.028686732053756714,0.00599092022151107,100.0,-0.05842023030599272,100.0,0.013451620936393738,1.0,0.050306594606240373,10000.0,0.009726232194854967,1000000.0,0.05404095803739631,0.0001,-0.043470642683808264,0.01,0.03828749060630798,0.1,0.13140347054077225,1000.0,0.09909386295587075,1000.0,0.09025561551067551,0.0001,-0.020921047410661253,0.001,0.10681813955307007,0.01,0.1791474889611756,1000.0,0.16890228519673287,1000.0,-0.06248139422773111,1e-05,-0.2123606261770452,0.0001,0.04160216450691223,0.01,0.04035605835198375,1000.0,0.17282934218727297,1000.0,0.08016663539981861,1e-05,0.1362195762569256,1e-06,0.24060483276844025,0.0001,0.27739332438677605,1000.0,0.27530037530071655,1000.0,0.27110010385513306
2021-06-14_CO,2021-06-15_CO,CO,1,1,504,-1.873070478439331,0.129893958568573,0.18966791033744812,0.15438757836818695,0.1467992067337036,0.005156669552574877,0.0001,0.10658960232476997,1.0,0.19099803268909454,1.0,-0.055749891796207485,1000.0,0.09170654701067932,1000.0,0.11709889737911003,0.0001,0.11961803956673403,1.0,0.18525709211826324,0.01,0.04684621845172038,1000.0,0.10696399697252454,1000.0,0.1602151479374934,0.0001,0.12833973574217125,0.001,0.19773328304290771,0.01,0.0963804488348842,1000.0,0.14872324974144074,1000.0,0.18938529692577397,0.0001,0.14936890840945358,0.0001,0.20773626863956451,0.01,0.17443394267909432,1000.0,0.19272151795503234,1000.0,0.19815730532577575,1e-05,0.1957049640585541,1e-06,0.23963674902915955,0.001,0.2577186463933099,1000.0,0.25632673777740234,1000.0,0.249284565448761
2021-06-14_CO,2021-07-14_CO,CO,30,30,504,-5.360777854919434,-0.24326945841312408,-0.00743529200553894,-0.002859339118003845,-0.043971046805381775,-0.1519545333081751,0.0001,-0.3326718230892781,0.001,0.014015808701515198,0.01,-0.11332494760211342,1000.0,-0.02965101274733331,1000.0,0.020553306672974975,0.0001,-0.026570333454159878,0.01,0.015080705285072327,0.1,0.0691216158856223,1000.0,0.03950900115456071,1000.0,0.07941381789182411,0.0001,-0.00788892424127477,0.01,0.07580474019050598,0.001,0.119389475091939,1000.0,0.10048511776296981,1000.0,0.09043058358393596,1e-05,0.00378104500792123,0.01,0.16797667741775513,0.001,0.22735146888035065,10000.0,0.2133248924093206,1000.0,0.07196450766733242,1e-05,0.05055056795936222,1e-05,0.22509756684303284,0.0001,0.270138920894083,1000.0,0.2668080641547923,1000.0,0.261621356010437
2021-06-14_CO,2021-10-15_CO,CO,120,123,504,-2.4734034538269043,0.03269791603088379,0.06526367366313934,0.040383487939834595,0.00760263204574585,0.06517391450059526,100.0,0.04056795559120513,100.0,-0.045057445764541626,0.001,0.01817667725062122,1000.0,0.06677990030318426,1000000.0,0.0024728797797008706,0.0001,0.06054877276022225,0.001,0.17587892711162567,0.01,0.1854828767160077,1000.0,0.1807865960354015,1000.0,0.09535930678816518,0.0001,0.05283750068108775,0.0001,0.19335821270942688,0.01,0.28265032994594863,1000.0,0.2588673672160219,1000.0,0.05091397493077185,1e-05,0.12940876879091226,1e-05,0.23846600949764252,0.001,0.31492417353160984,1000.0,0.3038282922652249,1000.0,0.08211130662349783,1e-05,0.17368618063542351,1e-06,0.30516886711120605,0.0001,0.3601376694011208,1000.0,0.3580780045924879,1000.0,0.35504698753356934
2021-06-14_CO,2022-10-10_CO,CO,480,483,504,-49.70047378540039,-0.24856320023536682,-0.2004796862602234,-0.17861300706863403,-0.08831015229225159,-0.10073024419397908,0.0001,-0.2091696729476206,0.001,-0.11670583486557007,0.01,0.05708942914811807,1000.0,-0.04949771134137271,1000.0,-0.04387091439600829,0.0001,-0.26211978053358354,0.01,-0.10129034519195557,0.01,0.0035056202507442735,1000.0,0.02642716553883151,1000.0,0.04523025640932968,0.0001,-0.08856429551839415,0.001,-0.03174680471420288,0.01,0.15230449059929752,1000.0,0.1561484322100443,1000.0,0.0562238448125883,1e-05,-0.008636214798178499,0.0001,0.11881230771541595,0.001,0.259437279114765,1000.0,0.25491767810310306,1000.0,0.08671211751929683,1e-05,0.03520563442765298,1e-05,0.25867167115211487,0.0001,0.3207746717146949,1000.0,0.3208768728979545,1000.0,0.317341685295105
2021-08-10_CO,2021-08-12_CO,CO,1,2,561,-0.34608080983161926,0.1329525262117386,0.20338936150074005,0.13932287693023682,0.14650042355060577,-0.04260410533888545,1e-05,-0.16317981022651282,0.001,0.07089865207672119,0.001,-0.056601201582716254,1000.0,-0.04172335539851546,100.0,0.17828359939493588,1.0,0.03213648346146128,0.001,0.20763075351715088,0.1,0.03787798284742583,1000.0,0.2249188130651278,10000.0,0.1689756573662954,0.0001,0.02402203411743381,0.001,0.17201633751392365,0.01,0.03891520722085326,1000.0,0.1983997112984458,1000.0,0.21153303508307864,0.0001,0.15738882839890067,0.0001,0.22924011945724487,0.01,0.19217353084122257,1000.0,0.2757610220253702,10000.0,0.2153930132561399,1e-05,0.20755510783439762,0.0001,0.27436530590057373,0.001,0.3178575019472074,1000.0,0.3172275582819085,10000.0,0.31566929817199707
2021-08-10_CO,2021-08-16_CO,CO,7,6,561,-10.552177429199219,0.033269792795181274,0.07743965089321136,0.02430291473865509,-0.028812691569328308,0.07741360334751923,100.0,0.022569277676718374,10.0,0.07612432539463043,1.0,-0.06507776479208202,1000000.0,0.07763824379542078,1000000.0,0.06003719890473083,1.0,-0.03668039667093537,0.01,0.0841851681470871,0.1,0.10802244304408928,1000.0,0.07852693729388116,1000000.0,0.08173667791847031,0.0001,-0.013348196330685791,0.001,0.1161450743675232,0.01,0.1432119188762521,1000.0,0.15735865977768435,1000.0,0.11609693213769623,0.0001,0.07380741232306229,1e-05,0.16850581765174866,0.001,0.22198462507093136,1000.0,0.21850792178963896,1000.0,0.06987172439149375,1e-05,0.1148699542956785,1e-06,0.20015393197536469,0.001,0.2755949468489824,1000.0,0.27520532363990535,1000.0,0.26940828561782837
2021-08-10_CO,2021-09-08_CO,CO,30,29,561,-3.6988401412963867,-0.01215730607509613,0.018469050526618958,-0.03842857480049133,-0.10947354137897491,0.01875121240972913,100.0,-0.03834286320227731,100.0,0.02026088535785675,1.0,-0.013686335110152936,1000.0,0.018581958944256016,1000000.0,0.018707705777024908,100.0,-0.0383486301236535,100.0,0.020466715097427368,1.0,0.012411065046476072,1000.0,0.050976877121462455,10000.0,0.06340875652042141,0.0001,-0.039461541259126404,0.001,0.06163674592971802,0.01,0.06711163746480245,1000.0,0.09715889633144414,10000.0,-0.05459691522643112,1e-05,-0.009132578482520526,0.001,0.08587406575679779,0.001,0.1431208435840898,1000.0,0.13040222663126724,1000.0,-0.2547868588157173,1e-06,0.04524236424190442,1e-06,0.12464749813079834,0.001,0.2110493294870115,1000.0,0.20863183988056305,1000.0,0.1999288648366928
2021-08-10_CO,2021-12-15_CO,CO,120,127,561,-1.5183814764022827,-0.08525747060775757,0.003406539559364319,0.023347899317741394,0.003433898091316223,-0.04067257579110753,1.0,0.011495902198019686,1.0,-0.013739809393882751,0.1,-0.13725574095301424,1000.0,-0.09880215948263432,1000.0,0.0032992721892335097,100.0,0.023066715440212465,100.0,0.004086732864379883,1.0,-0.12840084861567297,1000.0,0.023091942335510984,10000.0,-0.025555779791516492,0.0001,-0.1114786901631504,0.001,-0.021586164832115173,0.01,0.08373659332765701,10000.0,0.06015810236622757,10000.0,0.00039428675644781475,0.0001,-0.021150117987589895,0.001,0.025644153356552124,0.01,0.04607459686956411,1000.0,0.05099402594078731,1000.0,-0.0027393205306918966,1e-05,0.05387707381446233,1e-06,0.10657477378845215,0.001,0.21297005052254933,10000.0,0.2011368875020814,1000.0,0.19640228152275085
2021-08-10_CO,2022-12-09_CO,CO,480,486,561,-3.3025548458099365,-0.16463856399059296,-0.1427946388721466,-0.16644233465194702,-0.18665237724781036,-1.1421324990405148,1e-06,-0.15282483780833633,0.001,-0.03686785697937012,0.01,0.09729231977693512,1000.0,0.04549133669804764,1000.0,-0.5917925933361206,1e-05,-0.11031956946083607,0.001,-0.009978726506233215,0.01,0.12247450672748253,1000.0,0.08170156844140827,1000.0,-0.2570638209229308,1e-05,-0.09330621564374122,0.001,0.03149391710758209,0.01,0.17038448420220823,1000.0,0.15951859177565053,1000.0,-0.22742164329019238,1e-05,-0.08481680287912524,0.0001,0.13240425288677216,0.001,0.22319814980329494,1000.0,0.21943078121201273,1000.0,-0.47588723851566683,1e-06,0.009807658968626926,1e-06,0.2205898016691208,0.0001,0.2693259880055207,1000.0,0.26829370064572067,1000.0,0.26583999395370483
2021-10-08_CO,2021-10-15_CO,CO,7,7,620,-0.8077641129493713,0.17557629942893982,0.19667871296405792,0.17475005984306335,0.16116608679294586,0.19646370941179447,100.0,0.17458933501376242,100.0,-0.05004322528839111,0.001,0.01817667725062122,1000.0,0.19831666023489156,1000000.0,0.150332342566271,0.01,0.13513270574349592,0.001,0.2457900196313858,0.01,0.1854828767160077,1000.0,0.22776200477687733,1000.0,0.23314129303006642,0.0001,0.175136765913168,0.0001,0.270904004573822,0.01,0.28265032994594863,1000.0,0.2813596954978008,1000.0,0.22140935713224222,1e-05,0.20937951855912665,0.0001,0.2748109996318817,0.001,0.31492417353160984,1000.0,0.30960008585117027,1000.0,0.26052480460280114,1e-05,0.2511928455321869,1e-06,0.30377086997032166,0.001,0.3601376694011208,1000.0,0.3591007672693667,1000.0,0.35504698753356934
2021-10-08_CO,2021-11-02_CO,CO,30,25,620,-1.466244101524353,-0.018178045749664307,-0.004256114363670349,-0.022951871156692505,-0.04982110857963562,-0.003794320831607134,100.0,-0.022490396582847766,100.0,0.00516866147518158,1.0,-0.013981200615732575,1000000.0,-0.0028633488650306738,1000000.0,0.04751373047356752,0.001,-0.011193487035109834,0.1,0.07994836568832397,0.01,-0.05013419600296043,1000.0,0.05125427308304406,10000.0,0.03766304303107981,0.0001,-0.02559014545149646,0.0001,0.09696488082408905,0.01,0.037272056848919044,1000.0,0.0699458378150073,1000.0,0.07374377723076653,0.0001,0.01132288547923957,0.0001,0.12545815110206604,0.001,0.12182707579596005,1000.0,0.134618823909056,1000.0,0.05855981066922605,1e-05,0.03984197876139958,1e-06,0.1522773951292038,0.001,0.21987104410027958,10000.0,0.22327292340544752,1000.0,0.22005626559257507
2021-10-08_CO,2022-02-07_CO,CO,120,122,620,-0.4304967522621155,0.04853251576423645,-0.00698930025100708,-0.015553504228591919,-0.007612138986587524,-0.006505540969951179,100.0,-0.014974215847073591,100.0,0.0031156837940216064,1.0,0.07631036095195501,1000.0,0.005873312828223259,100000.0,0.008148657716772756,1.0,0.0035032408532021386,1.0,0.030951455235481262,0.1,0.10045246855946277,10000.0,0.06798069822951977,10000.0,0.09351643167005946,0.0001,0.02267785780835191,0.001,0.07770012319087982,0.01,0.1652606780608812,1000.0,0.16226653414398465,1000.0,0.094004737178291,0.0001,0.02828242311783513,0.001,0.07741148769855499,0.01,0.19890894766409306,1000.0,0.1987558422216799,1000.0,0.09487098624359697,1e-05,-0.0021335891722078226,0.0001,0.1133154034614563,0.001,0.25014512583058546,1000.0,0.2511604483440759,1000.0,0.24917972087860107
2021-10-08_CO,2022-12-09_CO,CO,480,427,620,-1.3003296852111816,-0.020070642232894897,-0.05517898499965668,-0.08328551054000854,-0.057123422622680664,-0.030284871272530073,0.0001,-0.023646258364446338,0.001,-0.00992150604724884,0.01,0.09729231977693512,1000.0,0.05483096968909798,1000.0,0.043915770026363515,0.0001,0.02696763108837763,0.001,0.03637154400348663,0.01,0.12247450672748253,1000.0,0.08741928705951349,1000.0,0.07047331343591173,0.0001,0.008461057865245258,0.0001,0.0924609899520874,0.01,0.17038448420220823,1000.0,0.16396758663680508,1000.0,0.06806954072349433,1e-05,0.037082909922266094,0.0001,0.15913262963294983,0.001,0.22319814980329494,1000.0,0.2227420364198215,1000.0,0.1019784330838997,1e-05,0.08112763626990435,1e-06,0.21693716943264008,0.0001,0.2693259880055207,1000.0,0.2676016398065033,1000.0,0.26583999395370483
2021-10-19_CO,2021-10-26_CO,CO,7,7,631,-0.9637941122055054,0.1191466897726059,0.10419517755508423,0.07613565027713776,0.07070888578891754,0.10436750790902646,100.0,0.07635215304894274,100.0,0.10196776688098907,0.1,0.030663282800667796,1000.0,0.10208701992735714,10000.0,0.15305298956733351,0.001,0.07617521618621878,100.0,0.1242397129535675,0.1,0.09966074033774919,10000.0,0.14452156312411005,10000.0,0.15197767483759558,0.0001,0.06769151357262118,0.001,0.1565873771905899,0.01,0.13609271596722702,1000.0,0.1716646011379658,10000.0,0.19832751569131607,0.0001,0.0975937021124626,0.001,0.20378489792346954,0.001,0.21038434608378273,1000.0,0.2025633386597805,1000.0,0.20187478032768902,1e-05,0.13508004502922538,0.0001,0.2404167801141739,0.001,0.2801413599379571,1000.0,0.27795703234645386,1000.0,0.27315080165863037
2021-10-19_CO,2021-11-16_CO,CO,30,28,631,-4.431186676025391,-0.022272691130638123,0.02682293951511383,0.03666558861732483,0.01646941900253296,-0.01834742350165164,0.01,0.032756124445295604,1.0,0.06166629493236542,0.01,-0.020018777545355998,1000000.0,0.04651868171882484,1000.0,-0.039417554383904096,0.0001,-0.016818955002348313,0.01,0.0683213323354721,0.01,0.05464970522052798,1000.0,0.0760583535650099,1000.0,0.06629575403648866,0.0001,0.01933628875558699,0.001,0.10416992008686066,0.001,0.11461146186659563,1000.0,0.13630475592302183,1000.0,0.07864619085475241,1e-05,0.05003939341257532,0.001,0.15422984957695007,0.001,0.16990537958699048,1000.0,0.17674189904379342,1000.0,0.10464278286302103,1e-05,0.06045950012712836,0.0001,0.1782688945531845,0.001,0.2232162706724657,1000.0,0.22374527002461597,1000.0,0.22020506858825684
2021-10-19_CO,2022-02-07_CO,CO,120,111,631,-1.909423589706421,0.06516431272029877,0.03517293930053711,0.01802174746990204,-0.006342276930809021,0.03511518225697083,100.0,0.01798885841060338,100.0,0.03597167134284973,1.0,0.07631036095195501,1000.0,0.036911624245097335,1000000.0,0.03530462504589954,100.0,0.0181382158668211,100.0,0.037437424063682556,1.0,0.10045246855946277,10000.0,0.038585205533299555,1000000.0,0.0364540381952764,0.0001,0.06300778857543429,0.001,0.11430051922798157,0.01,0.1652606780608812,1000.0,0.17053072308209014,1000.0,0.01166841120748327,1e-05,0.07155824382172421,0.0001,0.14600308239459991,0.001,0.19890894766409306,1000.0,0.20708672607644024,1000.0,0.04022722161790765,1e-05,0.06114336700481032,0.0001,0.16715793311595917,0.001,0.25014512583058546,1000.0,0.253253689876218,1000.0,0.24917972087860107
2021-10-19_CO,2022-12-09_CO,CO,480,416,631,-12.866083145141602,0.06928326189517975,0.03626960515975952,0.03596073389053345,0.050040364265441895,0.08141097827673602,0.0001,0.028466794609496915,0.01,0.08246390521526337,0.01,0.09729231977693512,1000.0,0.11882355035891248,1000.0,0.09254998771909367,0.0001,0.0537004365335354,0.001,0.11187264323234558,0.01,0.12247450672748253,1000.0,0.13614212821493132,1000.0,0.04472504587273107,0.0001,0.07182834969467072,0.001,0.14695900678634644,0.01,0.17038448420220823,1000.0,0.1805717269550829,1000.0,0.1023830563926646,0.0001,0.0883533071156632,0.0001,0.1955423355102539,0.001,0.22319814980329494,1000.0,0.2279592648914864,1000.0,0.11185452649903718,1e-05,0.13540894054520303,1e-06,0.23709522187709808,0.0001,0.2693259880055207,1000.0,0.26934369367894817,1000.0,0.26583999395370483
2022-01-17_CO,2022-01-24_CO,CO,7,7,721,-1.8541619777679443,0.1508583426475525,0.1467185914516449,0.13103744387626648,0.10355731844902039,0.15050045023575395,10.0,0.13143697115539674,100.0,0.14807955920696259,1.0,-0.007135841442377777,1000000.0,0.14718586739477102,1000000.0,0.15338368588736476,1.0,0.1313308618802993,100.0,0.1558501422405243,0.1,0.07022600239353322,10000.0,0.1520551275267016,100000.0,0.147058880693439,0.0001,0.16194586929019184,0.001,0.18589064478874207,0.01,0.18302871432177642,1000.0,0.19668646684726945,10000.0,0.16020114134037516,0.0001,0.16669703525494375,0.001,0.19755010306835175,0.01,0.22684665427202222,1000.0,0.23046529307348185,10000.0,0.14686461880900958,1e-05,0.16683996352812627,0.0001,0.21377378702163696,0.001,0.2601605478106055,1000.0,0.2617163842135956,10000.0,0.25663626194000244
2022-01-17_CO,2022-05-13_CO,CO,120,116,721,-10.441537857055664,0.010946586728096008,0.0938020646572113,0.08278678357601166,0.09735707938671112,0.09382220426075455,100.0,0.08290566609198441,100.0,0.17290957272052765,0.01,0.07304200007327122,1000.0,0.1708836140969111,1000.0,0.093805580190467,100.0,0.09562690564393428,0.001,0.1463947743177414,0.1,0.17451244311734765,1000.0,0.19094470923023577,1000.0,-0.07640907364366836,1e-05,0.11904304252459935,0.001,0.20971627533435822,0.01,0.21538265933520803,1000.0,0.21845088916195776,1000.0,0.015573454813880783,1e-05,0.1526081925581671,0.0001,0.21620292961597443,0.01,0.2514121120066771,1000.0,0.25268459363805185,1000.0,0.06130048939641028,1e-05,0.21975665530708574,1e-06,0.24283376336097717,0.001,0.28790778506916087,1000.0,0.28915624518489613,1000.0,0.2827601134777069
2022-01-28_CO,2022-02-28_CO,CO,30,31,732,-3.8607594966888428,-0.752835750579834,-0.03606154024600983,-0.02151457965373993,-0.05248424410820007,-0.13518735904318638,0.001,-0.10413719649827424,1.0,-0.050615549087524414,0.1,-0.36196062510579263,1000.0,-0.015400992523035034,10000.0,0.08861107733312473,0.001,-0.02125147144735523,100.0,-0.02783063054084778,1.0,0.05781242301447753,10000.0,0.020436887887990668,10000.0,0.03791421070350798,0.0001,0.04335949555573304,0.001,0.07284040749073029,0.01,0.09700260197434518,10000.0,0.07897270255840025,10000.0,0.08343928842883899,0.0001,0.06080961528662562,0.001,0.09123219549655914,0.01,0.14803453815086087,10000.0,0.10998551606717835,10000.0,0.07483089247915789,1e-05,0.06516655364433382,0.0001,0.12532493472099304,0.001,0.1757714525243152,10000.0,0.16634561340790574,1000.0,0.16247090697288513
2022-01-28_CO,2022-06-08_CO,CO,120,131,732,-51.09593200683594,-0.4024622440338135,-0.010030239820480347,0.0021930932998657227,-0.01712283492088318,-0.11228111106344402,0.0001,0.005610392142958054,10.0,0.06973011791706085,0.1,0.08605509648111107,1000.0,0.08448745427174334,1000.0,0.009730101160795368,0.0001,0.05696518529064648,0.001,0.13832736015319824,0.01,0.1454988167385334,1000.0,0.12675461565196783,1000.0,0.06995118850895632,0.0001,0.08829712866110398,0.001,0.1576540172100067,0.01,0.18798678825430398,1000.0,0.18615059817604884,1000.0,0.007004035815110138,1e-05,0.09894547526488681,1e-05,0.16153062880039215,0.001,0.2219345546780575,1000.0,0.22060080002490848,1000.0,-0.004750328580294172,1e-05,0.16394898198631408,1e-06,0.2615736424922943,0.0001,0.3366104292963131,1000.0,0.3363706431893506,1000.0,0.33122339844703674
2022-02-03_RD,2022-02-10_RD,RD,7,7,738,-0.6434226036071777,0.15761543810367584,0.1819808930158615,0.15950484573841095,0.16672295331954956,0.18169143687853961,100.0,0.15916867873052443,100.0,0.18114516139030457,1.0,0.04927395581989155,10000.0,0.18244542131371203,1000000.0,0.15078867997432072,1.0,0.12567032726342478,1.0,0.17114335298538208,0.1,0.031871878469062725,10000.0,0.18385231776326097,10000.0,0.16272756805887478,1.0,0.14765664499177308,0.001,0.1788998246192932,0.1,0.13664271523832514,1000.0,0.2025761553061644,10000.0,0.15409949646493512,0.0001,0.166453829891355,0.001,0.19798363745212555,0.01,0.20066673594001264,1000.0,0.22454338847248884,10000.0,0.1884988315325487,1e-05,0.21032000447305868,1e-06,0.22999322414398193,0.001,0.2536378790673767,1000.0,0.2574405742127036,10000.0,0.25016993284225464
2022-02-03_RD,2022-06-02_RD,RD,120,119,738,-29.898578643798828,-0.18713697791099548,-0.041715338826179504,0.0019675791263580322,0.015094995498657227,-0.04171681873051164,100.0,0.001874874306031088,100.0,0.05367189645767212,0.1,0.14325718997245693,1000.0,0.12387338142851786,1000.0,0.05112088672568324,0.001,0.001898803979357322,100.0,0.06687188148498535,0.1,0.11654631821794198,10000.0,0.10339864273036095,10000.0,0.08945902138921252,0.0001,0.1259613645628038,0.001,0.1861265003681183,0.01,0.20288753711878924,1000.0,0.20296251931491188,1000.0,0.02724547416493958,1e-05,0.1279661821074143,0.0001,0.18359225988388062,0.01,0.2252932556659395,1000.0,0.2360095574148095,1000.0,0.1395091363383114,1e-05,0.185971002078721,1e-06,0.27102214097976685,0.001,0.325496880453322,1000.0,0.32659001775596036,1000.0,0.3214764893054962
2022-02-03_RD,2023-06-06_RD,RD,480,488,738,-2.2444722652435303,-0.012898921966552734,-0.010995209217071533,-0.008600309491157532,-0.04054269194602966,-0.0409495852192471,0.001,-0.03918180195117307,0.001,0.06432424485683441,0.01,0.016999153370141767,1000.0,0.09683834202142172,1000.0,-0.0483770402961779,0.0001,0.022113365603934565,0.001,0.0851271003484726,0.01,0.06425576684440656,1000.0,0.13021722726640134,1000.0,0.06481862454288873,0.0001,0.11262174190814297,0.001,0.18723517656326294,0.01,0.19443015840764175,1000.0,0.1949230834831121,1000.0,-0.011776034122040396,1e-05,0.11193972065135857,0.0001,0.21971170604228973,0.001,0.22433443207473136,1000.0,0.22726171898535974,1000.0,0.06424309069850648,1e-05,0.15879145593082086,1e-06,0.24612651765346527,0.001,0.2797824624742063,1000.0,0.280250498513836,1000.0,0.2755134403705597
2022-02-28_CO,2022-03-07_CO,CO,7,7,763,-0.7413908243179321,0.14005497097969055,0.12503807246685028,0.12201559543609619,0.11341921985149384,-0.06271372215814824,0.0001,0.12191312764171044,10.0,0.12383407354354858,0.01,0.05104546171557553,1000.0,0.1323643168037568,1000.0,0.0401886491269553,0.0001,0.12181299735784565,100.0,0.12808012962341309,1.0,0.11011639088073416,1000.0,0.1692708279269449,10000.0,0.14894793758899838,0.0001,0.11751611257590339,1.0,0.14073053002357483,0.1,0.19126801234169458,1000.0,0.2057875924949942,10000.0,0.12408641162434031,1e-05,0.09157884113747886,0.0001,0.17797808349132538,0.01,0.256562822576708,1000.0,0.24093766143036702,10000.0,0.16200720399531432,1e-05,0.1127599545704343,0.0001,0.23017379641532898,0.001,0.3224021500931349,1000.0,0.3030549747446676,10000.0,0.3191588222980499
2022-02-28_CO,2022-03-28_CO,CO,30,28,763,-12.925881385803223,6.310641765594482e-05,0.10229471325874329,0.11431324481964111,0.074913889169693,0.10191951580474906,100.0,0.11388189824997189,100.0,-0.00922413170337677,0.001,-0.15164330231857404,1000.0,0.10339210606223814,1000000.0,0.048533004091072834,1.0,0.10979201047475615,10.0,0.14577949047088623,0.01,-0.028719066255491255,1000.0,0.11524719174086612,1000.0,0.0879115011077172,0.0001,0.11414257813173503,100.0,0.17892701923847198,0.01,0.13939691282321723,1000.0,0.17031574927795348,1000.0,0.008828797586110576,1e-05,-0.06079841296338506,0.0001,0.1616223007440567,0.001,0.215996610129413,1000.0,0.22527020515847987,1000.0,0.033613855449813324,1e-05,0.12429606320629635,1e-06,0.14529578387737274,0.001,0.22771834959032075,1000.0,0.22759486375953625,1000.0,0.21631307899951935
2022-02-28_CO,2022-06-13_CO,CO,120,105,763,-1.9969085454940796,0.08343803882598877,0.11526182293891907,0.09207034111022949,0.08590631186962128,-0.005547126596566365,0.0001,0.06704181676194892,0.001,0.14447259902954102,0.01,0.10647284247542185,1000.0,0.19709923957876668,1000.0,0.005248885695235461,0.0001,0.11869296952557135,0.001,0.18164664506912231,0.01,0.20170357574934314,1000.0,0.23319788478716405,1000.0,0.08221833084116953,0.0001,0.1781234424992296,0.0001,0.22529885172843933,0.01,0.314390540753536,1000.0,0.3197935787151688,1000.0,0.10029588830098754,1e-05,0.1931613878301377,0.0001,0.26448380947113037,0.001,0.3522001091825123,1000.0,0.35331014248553294,1000.0,0.13988733341591109,1e-06,0.24335199515002928,1e-06,0.29875820875167847,0.001,0.4039132091443801,1000.0,0.40433984957817104,1000.0,0.40180009603500366
2022-03-07_CO,2022-03-14_CO,CO,7,7,770,-5.180683135986328,0.15250062942504883,0.12614238262176514,0.14001333713531494,0.15023323893547058,0.12574795470399497,100.0,0.13982782784889455,100.0,0.11663055419921875,0.01,0.008826643061883077,10000.0,0.14384374469291003,100000.0,0.12602731403471712,100.0,0.1400033073199889,100.0,0.14404535293579102,0.1,0.10464466526382402,1000.0,0.17941031328268972,10000.0,0.08973787618801146,0.0001,0.15477149121502554,0.001,0.1442304402589798,0.1,0.1802629385221219,10000.0,0.2024398389867583,10000.0,0.14400539528733972,0.001,0.16013965267877392,0.001,0.16176573932170868,0.01,0.17227421256996087,1000.0,0.21287653842731832,10000.0,0.11520549113723336,1e-05,0.1631068058810703,0.0001,0.17481611669063568,0.001,0.2317765577638469,10000.0,0.23845161643899537,10000.0,0.2235727459192276
2022-03-07_CO,2022-04-04_CO,CO,30,28,770,-1.0545291900634766,0.04344737529754639,3.3736228942871094e-05,0.008927896618843079,0.011294275522232056,-0.0002515286219026691,100.0,0.008672351352663199,100.0,0.0005600452423095703,1.0,-0.08667630151950781,1000000.0,0.0012324285474526464,1000000.0,0.008899887890306324,0.0001,0.008857759851914365,100.0,0.014444127678871155,0.1,0.055211884359366775,10000.0,0.056002183013268786,10000.0,0.05498227023746108,0.0001,0.009000172480675694,100.0,0.06904815137386322,0.01,0.12248196270683748,10000.0,0.09900948926268927,10000.0,0.07000780771170403,0.0001,0.007412662088516625,0.001,0.07007473707199097,0.01,0.1585485435744979,10000.0,0.14412197474812344,10000.0,0.05561783238136961,1e-05,0.03314097071025557,0.0001,0.12802653014659882,0.001,0.20127988445302972,10000.0,0.21394449267983118,1000.0,0.21184951066970825
2022-03-07_CO,2022-07-18_CO,CO,120,133,770,-18.867631912231445,-0.5602544546127319,0.038616642355918884,0.058357059955596924,0.08410030603408813,0.03837005371436475,10.0,0.0585026761274908,100.0,0.04362483322620392,1.0,0.10231627222511996,1000.0,0.041432889565465425,1000000.0,-0.008889624031184595,0.0001,0.051444604364836055,1.0,0.10340660810470581,0.01,0.2001337434146474,1000.0,0.19008606249302748,1000.0,0.023072115687686162,1e-05,0.07972309744116757,0.0001,0.1185547411441803,0.01,0.262730569985398,1000.0,0.2550721855981538,1000.0,0.09795580075816648,1e-05,0.1276622036591036,0.0001,0.17748552560806274,0.001,0.259264996300105,1000.0,0.26190449720542064,1000.0,0.12244787506390425,1e-06,0.19791038742350645,1e-06,0.22072194516658783,0.001,0.329534912545944,1000.0,0.3288679340699886,1000.0,0.32139840722084045
2022-04-04_CO,2022-04-11_CO,CO,7,7,798,-4.1299238204956055,-0.10054650902748108,0.09340249001979828,0.0728212296962738,0.07154560089111328,0.09390244919411658,100.0,0.07328427365619714,100.0,0.09652917087078094,1.0,-0.012039387208353958,1000000.0,0.09395646828590581,1000000.0,0.09325823045108775,100.0,0.07274636986531294,100.0,0.10277105867862701,0.1,0.030359741906379134,10000.0,0.10726158691114504,10000.0,0.06918508938228907,0.0001,0.07290266650165567,100.0,0.1158941239118576,0.01,0.09444146804279072,10000.0,0.1331810892816595,10000.0,0.04891422908270909,1e-05,0.09986697129550373,0.001,0.14571808278560638,0.01,0.17619304610691205,1000.0,0.1777607122611783,10000.0,0.11769793386036731,1e-05,0.13193415828269262,0.0001,0.20044513046741486,0.001,0.2579556878939766,1000.0,0.24836156041708057,10000.0,0.2528163194656372
2022-04-04_CO,2022-04-29_CO,CO,30,25,798,-1.7531239986419678,-0.08003677427768707,0.052309438586235046,-0.016674339771270752,0.008248671889305115,0.003081138899973801,1.0,-0.05316253051848571,1.0,0.02766743302345276,0.1,-0.04683634427822722,10000.0,0.0457222758825607,10000.0,-0.025018790626511633,0.001,-0.016397172192237686,0.001,0.05283093452453613,0.01,0.02517357568140613,1000.0,0.023830453657779554,1000.0,-0.012003771345439729,0.0001,0.0011251174545077736,0.0001,0.09195831418037415,0.01,0.0995577140862606,1000.0,0.1029010933017219,1000.0,0.030151180466499755,0.0001,0.01914262586103596,0.0001,0.0675542950630188,0.001,0.11164811640953332,1000.0,0.12634731523896023,1000.0,0.027960702672952753,1e-06,0.128525799527893,1e-06,0.13861988484859467,0.001,0.21762587525071195,1000.0,0.21824212363822793,1000.0,0.21057666838169098
2022-04-04_CO,2022-08-01_CO,CO,120,119,798,-64.90510559082031,-0.08264115452766418,-0.02441076934337616,0.01859201490879059,0.049124762415885925,-0.025490285296506626,1.0,0.02923499635991675,1.0,0.02984882891178131,0.01,0.06901720250364876,1000.0,0.07435643962799537,1000.0,-0.11174128290201593,0.0001,-0.06690495140629502,0.001,-0.0008920729160308838,0.01,-0.04815998430232271,1000.0,0.0733278590404175,1000.0,-0.05896332098064522,1e-05,0.013405732286194377,0.001,0.06593433022499084,0.01,0.08764888012281055,1000.0,0.15042003281307922,1000.0,0.05303649330903351,1e-05,0.06258053593950746,0.0001,0.0823756605386734,0.01,0.1726652723449084,1000.0,0.20789732844969971,1000.0,0.07540876613417127,1e-06,0.11141496676665208,1e-06,0.19526313245296478,0.001,0.29418664732308764,1000.0,0.2935958617333309,1000.0,0.28954166173934937
2022-04-05_RD,2022-04-06_RD,RD,1,1,799,-9.224193572998047,-0.8175585269927979,0.10042464733123779,0.08293402194976807,0.035840898752212524,-0.032938752999589066,0.001,-0.11366461816193785,0.001,0.07403743267059326,0.01,0.015675829603117558,1000.0,0.10306807221085998,1000.0,0.012036818104530417,0.0001,0.011868183706786023,0.001,0.1314673125743866,0.1,0.10337043626503509,1000.0,0.1387365153498764,10000.0,0.13331602305992565,0.0001,0.08008702027541967,10.0,0.14387737214565277,0.1,0.16241789848628074,1000.0,0.1828998884213086,10000.0,0.12396867471984024,0.0001,0.1024384811303001,0.001,0.18687380850315094,0.01,0.16515650106304883,1000.0,0.16566261677931102,1000.0,0.14344609419122142,1e-05,0.1473350255011957,0.0001,0.23173367977142334,0.001,0.25515535691327984,1000.0,0.2531361799895608,1000.0,0.24433718621730804
2022-04-05_RD,2022-04-13_RD,RD,7,8,799,-4.866781234741211,-0.9256071448326111,0.1570456475019455,0.16983500123023987,0.18763349950313568,0.14886360238297966,0.01,0.16982128451494385,100.0,0.15345947444438934,0.01,0.09415000835084927,1000.0,0.15269532178853135,1000.0,0.16777555727137167,0.0001,0.16992222627079612,100.0,0.22227154672145844,0.01,0.24011055843060766,1000.0,0.2240442642848708,1000.0,0.22197643430550135,0.0001,0.21463917521514192,0.01,0.293460488319397,0.01,0.3085811348973438,1000.0,0.3053358944847924,1000.0,0.2294243034827948,0.0001,0.19682354135997318,0.001,0.30383622646331787,0.001,0.3355595125296329,1000.0,0.3373803358221199,1000.0,0.16988362019509787,1e-05,0.2548161225580089,1e-06,0.315227746963501,0.001,0.36779813774550546,1000.0,0.3694055016006692,1000.0,0.36477649211883545
2022-04-05_RD,2022-05-10_RD,RD,30,35,799,-1.4720797538757324,-0.14146259427070618,0.1410049945116043,0.21156734228134155,0.09577038884162903,0.07618721985008756,0.0001,0.21150918474475372,100.0,0.20728762447834015,0.1,0.11930235754725507,1000.0,0.14181884043497123,1000000.0,0.17491512860715916,0.001,0.21072157801139493,0.01,0.23335722088813782,0.01,0.1951133090541188,1000.0,0.22020684063866683,1000.0,0.18628755159009633,0.0001,0.21194418737035114,0.01,0.25172337889671326,0.01,0.24919483087056696,1000.0,0.27070642733885564,1000.0,0.16051620893906096,1e-05,0.21178156048830457,0.01,0.26817193627357483,0.01,0.30175951809707097,1000.0,0.30959020195272263,1000.0,0.17030834755885224,1e-05,0.23454045215394315,1e-06,0.3120070695877075,0.001,0.36193706505927803,1000.0,0.3645265873273119,1000.0,0.3610685467720032
2022-04-05_RD,2022-08-05_RD,RD,120,122,799,-17.230010986328125,-0.12272319197654724,0.15239262580871582,0.14409974217414856,0.11547695100307465,0.1524728805957701,100.0,0.10603710322359927,0.01,0.1983833611011505,0.1,0.13313690053381255,1000.0,0.21186208801809048,1000.0,0.15231784699868683,100.0,0.14408949334352572,100.0,0.16242572665214539,1.0,0.20211512317756686,1000.0,0.2397795491641992,1000.0,0.14352533481335475,0.0001,0.19607461615786156,0.01,0.2589641213417053,0.01,0.27045689454346344,1000.0,0.2851772974964405,1000.0,0.1660578442884813,0.0001,0.21829192561439578,1e-06,0.2751604914665222,0.01,0.3241805631346051,1000.0,0.32588620532251167,1000.0,0.14161084661256382,1e-05,0.23535577164905921,1e-06,0.29687631130218506,0.001,0.36341021921543953,1000.0,0.3638527954584362,1000.0,0.3604070842266083
2022-04-05_RD,2023-06-22_RD,RD,480,443,799,-1.0055879354476929,-0.1313108205795288,-0.03339533507823944,-0.17071431875228882,-0.27754902839660645,-0.05884658163300019,0.0001,-0.12695914779469553,0.01,-0.006278619170188904,1.0,0.09378214294057322,1000.0,0.06960952828397837,1000.0,0.02298077619003358,0.0001,-0.15005119015589413,0.01,0.08236290514469147,0.01,0.1267805860125763,1000.0,0.10553255376500861,1000.0,0.09116912802358054,0.0001,-0.03855245112363298,0.001,0.13690359890460968,0.01,0.19021764839941688,1000.0,0.16769651335718905,1000.0,0.07339240317407533,1e-05,-0.003835670997002383,0.001,0.18688951432704926,0.001,0.25252998079278166,1000.0,0.24622677905712753,1000.0,0.08023731538669782,1e-05,0.10053430454470808,1e-06,0.2499905824661255,0.0001,0.3075801832785793,1000.0,0.30627263034289565,1000.0,0.30467966198921204
2022-04-25_CO,2022-04-27_CO,CO,1,2,819,-1.6593769788742065,0.009617537260055542,0.08879779279232025,-0.004680916666984558,-0.029448583722114563,-0.23264621308145308,0.1,-0.3883292758266814,0.1,0.07366514205932617,1.0,-0.5455290370767241,10000.0,0.09748775872947821,100000.0,0.012838874079499213,1.0,-0.09765052191123783,0.01,0.04163011908531189,0.1,-0.07031892656293234,1000.0,0.1309757237093495,10000.0,0.08873740294198168,100.0,0.11872819368517346,0.001,0.09485714137554169,1.0,0.1247588826540838,1000.0,0.18227611586698103,10000.0,0.05032299334459295,1e-05,0.08828211461601296,0.001,0.09531338512897491,0.01,0.08905215023909074,1000.0,0.17071532338707965,10000.0,0.09126664871215207,1e-05,0.14955133195699638,1e-06,0.15833163261413574,0.001,0.2158612328168483,1000.0,0.22002398685976338,10000.0,0.20669075846672058
2022-04-25_CO,2022-08-22_CO,CO,120,119,819,-2.5048036575317383,0.04762174189090729,-0.023657873272895813,-0.022145792841911316,-0.03504015505313873,-0.14716716772537783,0.1,-0.15324030860692825,0.1,0.028075844049453735,0.01,-0.028385286939910964,1000.0,0.005759121856760863,1000.0,0.0005409461052109932,1e-05,-0.026405918003007844,10.0,0.08307930827140808,0.01,0.03960188485281829,1000.0,0.03254732660531742,1000.0,0.03647652043752905,1e-05,-0.06381778510879343,0.001,0.09682115912437439,0.01,0.048342641918044965,1000.0,0.07840728431034266,1000.0,0.12167632809915085,1e-05,0.016034386903948955,0.0001,0.18445944786071777,0.001,0.17944581779419086,1000.0,0.18051578604666932,1000.0,0.23056382365837738,1e-05,0.10384113525091893,1e-05,0.27217283844947815,0.001,0.3207578200865876,1000.0,0.31918077897718833,1000.0,0.31555309891700745
2022-06-02_RD,2022-09-30_RD,RD,120,120,857,-25.07286262512207,0.024823740124702454,0.03368891775608063,-0.017060264945030212,0.0826239287853241,0.023819222798306144,0.01,-0.043114909808027874,0.01,0.09280993044376373,0.1,-0.0736564067459855,10000.0,0.1222647026722132,1000.0,0.04702889940213148,0.001,-0.012666801140953476,0.01,0.12400729954242706,0.1,-0.02283542801647087,10000.0,0.16758133361925537,10000.0,-0.036675337262777996,1e-05,0.16031137953838195,0.001,0.27136027812957764,0.01,0.25606168179787003,1000.0,0.25962851754712707,1000.0,0.07278287421409901,1e-05,0.18068860097134765,1e-05,0.3006436228752136,0.001,0.3136805063846472,1000.0,0.3089599531487508,1000.0,0.08068235485280903,1e-05,0.2058060757707981,1e-06,0.3203257918357849,0.001,0.36037885327757607,1000.0,0.36056458739192565,1000.0,0.3539573550224304
2022-06-02_RD,2023-06-22_RD,RD,480,385,857,-0.3573225736618042,-0.003348439931869507,0.025612518191337585,-0.006109416484832764,-0.1393994390964508,-0.08377145352387433,0.001,-0.006403659371356452,100.0,0.03909137845039368,1.0,0.09378214294057322,1000.0,0.07695346906736489,10000.0,-0.02161146061946584,0.001,-0.011459380137929853,0.01,0.06269700825214386,0.1,0.1267805860125763,1000.0,0.10496874432756678,10000.0,0.07181670418490374,0.0001,-0.07817719456805047,0.001,0.10349185764789581,0.01,0.19021764839941688,1000.0,0.11727523774398663,1000.0,0.1265260928667348,0.0001,0.0719275732460041,0.001,0.16593460738658905,0.01,0.25252998079278166,1000.0,0.24285027296815093,1000.0,0.12548522485481398,1e-05,0.15446257876053948,1e-06,0.22288778424263,0.001,0.3075801832785793,1000.0,0.3063195966267367,1000.0,0.30467966198921204
2022-08-01_CO,2022-08-08_CO,CO,7,7,917,-29.316478729248047,-0.22700372338294983,0.11754056811332703,0.12936140596866608,0.15665191411972046,0.011410795076124747,0.0001,0.09903268982832936,0.001,0.07226496934890747,0.001,0.0616946807578502,1000.0,0.193577750962656,1000.0,0.12238845068955179,0.0001,0.16711391255876365,0.001,0.20326761901378632,0.01,0.21238868791712717,1000.0,0.23252107957885484,1000.0,0.13167226451791736,1e-05,0.16452396917464165,0.0001,0.21123111248016357,0.01,0.2551476775430411,1000.0,0.2697868906576469,1000.0,0.11101797625864768,1e-06,0.18668612058749656,0.0001,0.2694500684738159,0.001,0.3184544903182793,1000.0,0.3225700912590078,1000.0,0.08999440664553857,1e-06,0.2418163980259875,1e-06,0.280840665102005,0.001,0.3531941910352002,1000.0,0.3543047386989452,1000.0,0.34786462783813477
2022-08-01_CO,2022-09-01_CO,CO,30,31,917,-29.032808303833008,-0.07845818996429443,0.04349909722805023,0.08044618368148804,0.08318017423152924,0.043618284917125494,100.0,0.08045200919270223,100.0,0.07048191130161285,1.0,-0.0023295078325940854,1000.0,0.07247048748299642,100000.0,-0.17874372533136423,0.0001,0.03531262972068658,0.001,0.04792225360870361,0.01,-0.049181012559817994,1000.0,0.061370459144432454,1000.0,0.05432876212316734,0.0001,0.12217142914665799,0.001,0.1409127116203308,0.01,0.15786812041959206,1000.0,0.15337697277914142,1000.0,0.06676703010089174,0.0001,0.11632170208732062,0.0001,0.17049284279346466,0.001,0.20544946044210505,1000.0,0.21084560053626822,1000.0,0.013808790462923715,1e-05,0.1633250052360474,1e-06,0.19686579704284668,0.001,0.2617490447669241,1000.0,0.26055723655008134,1000.0,0.2545941174030304
2022-08-01_CO,2022-12-09_CO,CO,120,130,917,-2.0291595458984375,0.13983254134655,0.13028983771800995,0.09131833910942078,0.0890129804611206,-0.07760982943538788,1e-05,0.09130440817528385,100.0,0.13611513376235962,1.0,0.09729231977693512,1000.0,0.14929757611194275,1000.0,0.13002829364553958,0.0001,0.10114529874392389,0.001,0.1618199199438095,0.01,0.12247450672748253,1000.0,0.15989737644674248,1000.0,0.13447345088922621,0.0001,0.11919467296870784,0.001,0.18132883310317993,0.01,0.17038448420220823,1000.0,0.20041554647025642,10000.0,0.1420487995131542,1e-05,0.14146984664472476,0.0001,0.19520588219165802,0.01,0.22319814980329494,1000.0,0.22726912121560458,1000.0,0.1668312191296507,1e-05,0.17394340963445906,1e-05,0.22430498898029327,0.001,0.2693259880055207,1000.0,0.27055877964817576,1000.0,0.26583999395370483
2022-08-25_RD,2022-08-31_RD,RD,7,6,941,-18.940902709960938,0.05032132565975189,0.12932342290878296,0.14002081751823425,0.1130705326795578,0.09423783797175198,0.001,0.14044020422207268,100.0,0.1415950506925583,1.0,0.12303582688163159,1000.0,0.163254364340961,10000.0,-0.07908662199679498,0.0001,0.1444564194529779,0.01,0.17959730327129364,0.1,0.1771400472880992,1000.0,0.18229798049586454,10000.0,0.05524092348227591,0.0001,0.1695557623246442,0.01,0.24649499356746674,0.01,0.2542790407503288,1000.0,0.2570082874698209,1000.0,0.10140811738337133,0.0001,0.18809673417891698,0.001,0.2671337425708771,0.01,0.30628275602563093,1000.0,0.31259220707984137,1000.0,-0.015055453226100635,1e-05,0.23409418843582297,1e-05,0.30491340160369873,0.001,0.35113208164653886,1000.0,0.3517724746863522,1000.0,0.34967321157455444
2022-08-25_RD,2022-09-21_RD,RD,30,27,941,-87.52003479003906,-1.8153257369995117,0.02580101788043976,-0.2661014795303345,-0.20578095316886902,0.025957675036451827,100.0,-0.29345855325049475,0.1,0.043729305267333984,1.0,0.050306594606240373,10000.0,0.04938496583011212,100000.0,-0.008411288153714475,0.0001,-0.37728328772825803,0.01,0.04451531171798706,1.0,0.13140347054077225,1000.0,0.07540353876395936,1000.0,0.06119707350408102,0.0001,-0.5248254235998387,0.001,0.15212474763393402,0.01,0.1791474889611756,1000.0,0.13838502378125167,1000.0,-0.07601627306793435,0.0001,-0.22692776165467365,0.001,0.06078788638114929,0.01,0.04035605835198375,1000.0,0.13699232761840918,1000.0,0.11710863505962626,1e-05,0.14212869375645515,1e-06,0.23253537714481354,0.001,0.27739332438677605,1000.0,0.27581884366015263,1000.0,0.27110010385513306
2022-08-25_RD,2023-01-10_RD,RD,120,138,941,-2.837876558303833,0.16692958772182465,0.03121200203895569,-0.049788862466812134,-0.046682462096214294,-0.15919922204036538,0.001,-0.01944319582975393,0.1,0.1446056365966797,0.1,-0.09120747179003244,1000.0,0.12080100675745048,1000.0,-0.02991601517624473,0.0001,0.10805638466454554,0.001,0.13894620537757874,1.0,0.18878968673342417,1000.0,0.19126225301712219,1000.0,0.0953331305790723,0.0001,0.15489413075829594,0.001,0.2179732769727707,0.01,0.21528211167965505,1000.0,0.22656533351180158,1000.0,0.1306508302612875,0.0001,0.1828382795015903,0.0001,0.23552767932415009,0.01,0.2629696524307833,1000.0,0.2661776552295332,1000.0,0.14627378159229174,1e-05,0.21296891550433567,1e-06,0.25952979922294617,0.001,0.30740555326846875,1000.0,0.30771587820232665,1000.0,0.3034535348415375
2022-08-31_RD,2022-09-06_RD,RD,7,6,947,-11.565418243408203,0.25949209928512573,0.3000040650367737,0.23116402328014374,0.25556355714797974,0.11103572201987899,0.1,0.1173995371284961,0.1,0.29693740606307983,1.0,0.08308238925529987,1000.0,0.3052679782246528,10000.0,0.14472046895703572,0.001,0.10122976469590167,0.01,0.2761366069316864,0.1,0.07430503085397991,1000.0,0.3063468376080448,10000.0,0.26105842213176134,0.001,0.23845500177961823,0.001,0.28759071230888367,0.01,0.23192456170853767,1000.0,0.33647360969208656,10000.0,0.3011795849572476,0.0001,0.29410546253213143,0.001,0.3152390420436859,0.01,0.3058177514897279,1000.0,0.3485196122183177,10000.0,0.30557659523054603,1e-05,0.3239814256319091,0.0001,0.32927390933036804,0.01,0.3658596584311489,1000.0,0.3714588644361946,10000.0,0.3644106984138489
2022-08-31_RD,2022-09-30_RD,RD,30,30,947,-1.963243842124939,0.2091989666223526,0.17358963191509247,0.07761228084564209,0.18270516395568848,0.143228997554482,1.0,0.028016465558305614,0.01,0.16086426377296448,0.1,-0.0736564067459855,10000.0,0.13246803155261494,1000.0,0.1132006390971822,0.01,0.07448900226196631,0.01,0.1974249631166458,0.1,-0.02283542801647087,10000.0,0.22521910039386903,10000.0,0.2091444504200302,0.001,0.19385519146754945,0.001,0.28395888209342957,0.01,0.25606168179787003,1000.0,0.2624961568516668,1000.0,0.1954088499239951,1e-05,0.23403828083926376,0.001,0.2956939935684204,0.01,0.3136805063846472,1000.0,0.30889340412573724,1000.0,0.19294659920460705,1e-05,0.24959729189588709,1e-06,0.3166285753250122,0.001,0.36037885327757607,1000.0,0.36001620820184455,1000.0,0.3539573550224304
2022-08-31_RD,2023-01-10_RD,RD,120,132,947,-1.9444606304168701,0.1336796134710312,0.13139159977436066,0.10327833890914917,0.11466909945011139,-0.08394166007769482,0.001,-0.08348840184401121,0.01,0.16337454319000244,0.1,-0.09120747179003244,1000.0,0.13056352977145314,1000.0,0.08721313210600212,0.0001,0.1584117624635101,0.001,0.15457583963871002,1.0,0.18878968673342417,1000.0,0.1866424066356692,1000.0,0.13494228269741732,0.0001,0.2041287440307231,0.001,0.23046495020389557,0.01,0.21528211167965505,1000.0,0.22862501999382523,1000.0,0.17050146729300564,0.0001,0.23062997436042926,0.001,0.24971777200698853,0.01,0.2629696524307833,1000.0,0.2671380992882182,1000.0,0.16585336906550927,1e-05,0.26244211306056514,1e-06,0.2804340720176697,0.001,0.30740555326846875,1000.0,0.3091343899407397,1000.0,0.3034535348415375
2022-09-19_CO,2022-09-21_CO,CO,1,2,966,-12.271553039550781,0.12750214338302612,0.21553286910057068,0.21293169260025024,0.21162807941436768,0.21567883029001475,100.0,0.21376718126340313,10.0,0.21088753640651703,0.1,-0.05654679624875966,1000.0,0.21559176953431916,1000000.0,0.21567492675668698,100.0,0.2117211622092701,1.0,0.21632464230060577,1.0,0.058008185554368846,10000.0,0.21663425541944345,1000000.0,0.2155131713482524,1.0,0.20721397044154705,0.01,0.2185433954000473,0.1,0.1237637255858555,10000.0,0.22080761054112658,100000.0,0.1922424652404496,0.0001,0.21799438041712618,0.01,0.2235768735408783,0.1,0.2031476909742961,1000.0,0.24725887186183185,10000.0,0.22368222947423083,1e-05,0.24496384431170098,1e-06,0.25894513726234436,0.001,0.2695152250566284,1000.0,0.2800869138642379,10000.0,0.2664929926395416
2022-09-19_CO,2022-09-26_CO,CO,7,7,966,-218.26824951171875,-12.928483963012695,0.23109231889247894,0.1474681943655014,0.22052349150180817,0.21250976944368413,1.0,0.10354363470381336,0.1,0.23873132467269897,0.1,0.12674178960139337,1000.0,0.2345776782876584,1000000.0,0.1638502150221204,0.0001,0.1479032807001791,0.01,0.24990443885326385,0.01,0.18496918670963233,1000.0,0.1682743926847798,1000.0,0.19395758114978506,0.0001,0.036454103833045204,0.001,0.24999840557575226,0.01,0.22655577298016208,1000.0,0.29123054579668084,10000.0,0.1972318080889573,0.0001,-0.23452029234022082,0.0001,0.2657366096973419,0.01,0.2145889424178639,1000.0,0.310035758981308,10000.0,0.2964040424189454,1e-05,0.28199350842318527,1e-06,0.32969486713409424,0.001,0.3574966772029923,1000.0,0.36986682803691334,10000.0,0.35343822836875916
2022-11-07_CO,2022-12-09_CO,CO,30,32,1015,-0.4360616207122803,0.1476428061723709,0.1608024686574936,0.11064611375331879,0.13288310170173645,0.16070044792275232,100.0,0.11058965798993489,100.0,0.16199983656406403,1.0,0.09729231977693512,1000.0,0.1610217041008101,1000.0,0.07895964141127793,1e-05,0.10473079215494321,0.001,0.16613879799842834,0.1,0.12247450672748253,1000.0,0.16096923089132076,1000.0,0.12322747733554829,0.001,0.12768728850701908,0.001,0.1894090324640274,0.01,0.17038448420220823,1000.0,0.21854188045858222,10000.0,0.1437513933200874,1e-05,0.14899336137706698,0.001,0.20064745843410492,0.01,0.22319814980329494,1000.0,0.2299115316057088,1000.0,0.16358012822593196,1e-05,0.1918015894392011,1e-05,0.23310936987400055,0.001,0.2693259880055207,1000.0,0.2699587531303088,1000.0,0.26583999395370483
2023-01-13_RD,2023-02-13_RD,RD,30,31,1082,-4.414567470550537,-0.19767257571220398,-0.11239206790924072,-0.12447494268417358,-0.12292991578578949,-0.15494622865577728,0.0001,-0.1325432385153708,1.0,-0.11281716823577881,0.01,0.012717740186558163,1000.0,-0.056528170944942724,1000.0,-0.052488148362625,0.0001,-0.11579670363152578,0.01,-0.04933325946331024,0.01,0.08348680589595209,1000.0,0.030560025304132155,1000.0,-0.030888030741595296,0.0001,-0.09058938238836522,0.001,-0.026733294129371643,0.01,0.09732897075085906,1000.0,0.08018343392525651,1000.0,-0.014576299332727943,0.0001,-0.09336221805464473,0.001,0.00646539032459259,0.01,0.15511451348154487,1000.0,0.1427064184905261,1000.0,-0.009452239502757503,1e-05,-0.009879239744409601,1e-06,0.10433688759803772,0.001,0.2201417757030422,1000.0,0.21817285902141414,1000.0,0.2149898260831833
2023-01-13_RD,2023-05-17_RD,RD,120,124,1082,-2.3726933002471924,-0.11113502085208893,-0.11216643452644348,-0.16879841685295105,-0.13720518350601196,-0.13539842653857942,0.0001,-0.19160789843749426,0.01,-0.11803334951400757,0.01,-0.09114971621159074,1000.0,-0.04294916006609467,1000.0,0.005641272606056957,0.0001,-0.11124258129864417,0.001,-0.014047354459762573,0.01,0.08102380865311412,1000.0,0.0557854150829073,1000.0,-0.07596174355336902,1e-05,-0.0843002107613221,0.001,0.04335258901119232,0.01,0.13109296226010467,1000.0,0.11028781187487727,1000.0,-0.08633439530124926,1e-05,-0.06977639540212902,0.001,0.1119728535413742,0.001,0.16884237309542652,1000.0,0.16311803623533647,1000.0,-0.04468469096170921,1e-05,-0.004910156596526771,1e-06,0.189582958817482,0.0001,0.2349785556916855,1000.0,0.23406064641907498,1000.0,0.23088328540325165
2023-02-24_RD,2023-03-28_RD,RD,30,32,1124,-1.4134705066680908,-0.02365356683731079,0.07535232603549957,-0.11994186043739319,-0.21343165636062622,-0.11289482062481321,0.0001,0.006741843800220609,0.001,0.10575932264328003,0.01,0.0824403579146619,1000.0,0.07318897718411688,1000.0,0.08307754762898203,0.001,0.05552386221261854,0.001,0.14204169809818268,0.01,0.11142871047099487,1000.0,0.10439146361228174,1000.0,0.0571580702989567,0.0001,0.11848494273739574,0.001,0.19007278978824615,0.01,0.22016080025054974,1000.0,0.21004546433906837,1000.0,-0.07270655786343128,1e-05,0.11729117342837628,0.001,0.22940820455551147,0.001,0.24375045982458354,1000.0,0.2396381279528417,1000.0,-0.09916113411126543,1e-05,0.16609715168389044,1e-06,0.25382572412490845,0.001,0.31085969231114846,1000.0,0.3101964064158954,1000.0,0.3068050742149353
2023-02-24_RD,2023-06-22_RD,RD,120,118,1124,-1.8026888370513916,0.028162792325019836,0.050746530294418335,-0.04084193706512451,-0.043457359075546265,0.05091372544055964,100.0,-0.04032879848962026,100.0,0.08125364780426025,1.0,0.09378214294057322,1000.0,0.1113673249524762,10000.0,0.07129986933275118,0.0001,0.05821012466097808,0.01,0.11500398814678192,0.1,0.1267805860125763,1000.0,0.1273350324449175,1000.0,0.1463166041033872,0.0001,0.036578589257904415,0.001,0.14110295474529266,0.01,0.19021764839941688,1000.0,0.13174894146070368,1000.0,0.15936900905666218,0.0001,0.1309462118643943,0.001,0.1742948442697525,0.01,0.25252998079278166,1000.0,0.23984157442995938,1000.0,0.14366469273595928,1e-05,0.1812885385078207,1e-06,0.24021278321743011,0.001,0.3075801832785793,1000.0,0.3057783349167451,1000.0,0.30467966198921204
2023-03-20_RD,2023-03-28_RD,RD,7,8,1148,-7.659294128417969,-0.3610534965991974,-0.06345318257808685,-0.046207353472709656,-0.05049434304237366,-0.30721536622710577,0.0001,-0.0026731823427259827,0.001,0.09502989053726196,0.01,0.0824403579146619,1000.0,0.03988922411992077,1000.0,-0.0976276996342886,0.0001,0.07985949639621165,0.001,0.14496050775051117,0.01,0.11142871047099487,1000.0,0.08606716302900336,1000.0,-0.006909531795559837,0.0001,0.11211885597666485,0.001,0.19298326969146729,0.01,0.22016080025054974,1000.0,0.20518966577513564,1000.0,-0.07141100665926456,0.0001,0.09519188074507562,0.0001,0.217514768242836,0.001,0.24375045982458354,1000.0,0.23637426657718807,1000.0,-0.07017915600251781,1e-05,0.14063006603876263,1e-06,0.2462610900402069,0.001,0.31085969231114846,1000.0,0.31076170075982024,1000.0,0.3068050742149353
2023-03-20_RD,2023-04-17_RD,RD,30,28,1148,-2.5190577507019043,0.12876930832862854,0.153172567486763,0.1396229863166809,0.11674579977989197,0.041644495527009384,0.0001,0.08655155014499993,0.001,0.15456347167491913,0.01,0.10016369182422949,1000.0,0.17043012014598596,1000.0,0.11276409891846864,0.0001,0.050410425146828836,0.001,0.1411079615354538,0.01,0.08107157660122169,1000.0,0.18383694894782038,1000.0,0.2186979299481416,0.0001,0.13973724429813159,100.0,0.1663123220205307,1.0,0.24886880320871294,1000.0,0.23296837863122932,10000.0,0.2448701615569381,0.0001,0.1534958710755794,0.001,0.2833516001701355,0.001,0.3056182680948972,1000.0,0.3040847521775647,1000.0,0.23275183199644417,1e-05,0.18984927048442243,1e-06,0.29215502738952637,0.001,0.33242112954967673,1000.0,0.3326542346987134,1000.0,0.32979917526245117
2023-03-20_RD,2023-06-22_RD,RD,120,94,1148,-0.5359793901443481,0.041604846715927124,0.054660648107528687,-0.012088581919670105,-0.0007319748401641846,0.056809963068856384,0.001,0.017716829785193733,0.01,0.0838283896446228,1.0,0.09378214294057322,1000.0,0.10331951202395201,1000.0,0.029147623598558603,0.0001,-0.05149599118477491,0.001,0.10122275352478027,0.01,0.1267805860125763,1000.0,0.11394182808003378,1000.0,0.09480152410728099,0.0001,0.021734579069203674,0.001,0.15211409330368042,0.01,0.19021764839941688,1000.0,0.15722350500696514,1000.0,0.08609104714371746,1e-05,0.09812655975248893,0.0001,0.16919566690921783,0.01,0.25252998079278166,1000.0,0.24043480107881562,1000.0,0.14194917862836132,1e-05,0.16658389099618864,1e-06,0.22563675045967102,0.001,0.3075801832785793,1000.0,0.30518463674555474,1000.0,0.30467966198921204
2023-06-21_RD,2023-06-22_RD,RD,1,1,1241,-0.14620593190193176,0.13946589827537537,0.13632817566394806,0.06737501919269562,0.04102112352848053,0.13243299321046195,10.0,0.06313983169402992,10.0,0.13689261674880981,1.0,0.09378214294057322,1000.0,0.15188119575409292,10000.0,0.15304701225659265,0.001,0.09333648824528445,0.01,0.15268614888191223,0.1,0.1267805860125763,1000.0,0.16479047146245476,10000.0,0.20130358945373333,0.0001,0.09537516088971865,0.001,0.19764567911624908,0.01,0.19021764839941688,1000.0,0.1763439173811727,1000.0,0.2112870036627866,0.0001,0.1651668920812147,0.001,0.23315885663032532,0.01,0.25252998079278166,1000.0,0.24735488651856838,1000.0,0.22255005410312748,1e-05,0.23254013859231693,1e-06,0.2699993848800659,0.001,0.3075801832785793,1000.0,0.30610948538866,1000.0,0.30467966198921204
