subject,train,test,gap_target,days,angle_global,angle_channel,angle_null
T5,T5_day40,T5_day47,7,7,74.19998586404762,48.747820372126995,51.6237868083671
T5,T5_day40,T5_day70,30,30,88.46968834650863,53.11398823818979,50.93301130269486
T5,T5_day40,T5_day166,120,126,89.63959466092548,49.950428418861996,54.08662033511901
T5,T5_day40,T5_day525,480,485,87.68518783018266,49.54893200851926,54.43168259005151
T5,T5_day47,T5_day49,1,2,70.61423242153155,44.64733736427276,55.28625168446137
T5,T5_day47,T5_day54,7,7,79.31230713881652,51.04708855816454,55.731496226684726
T5,T5_day47,T5_day75,30,28,94.8952097634428,51.89477978576102,55.31076422203561
T5,T5_day47,T5_day166,120,119,91.47093875864637,48.339444501119566,54.771565232727234
T5,T5_day47,T5_day525,480,478,89.7159604573781,50.958997688544876,51.93238533712344
T5,T5_day49,T5_day51,1,2,56.65898917785288,41.07016011079892,59.25774675492371
T5,T5_day49,T5_day56,7,7,68.07348757642389,44.90191808537028,55.119118356584686
T5,T5_day49,T5_day75,30,26,92.16629009799715,51.16569123101183,53.149726382629794
T5,T5_day49,T5_day166,120,117,90.38444432433667,52.80246501000958,53.41852988296903
T5,T5_day49,T5_day525,480,476,85.63709758370358,49.96148715857352,51.57917803062871
T5,T5_day51,T5_day57,7,6,53.202624196496835,36.80305664160887,53.29058261572084
T5,T5_day51,T5_day75,30,24,92.36029809969747,44.173522545401106,52.17222568127833
T5,T5_day51,T5_day166,120,115,88.31810164268431,51.921813306571124,60.48521184113017
T5,T5_day51,T5_day525,480,474,86.7850026281995,54.33772125126017,53.35983502837083
T5,T5_day54,T5_day56,1,2,44.923612224482454,31.762477657927807,50.75238561635835
T5,T5_day54,T5_day61,7,7,62.854695274425396,41.479090859524234,51.597060579695096
T5,T5_day54,T5_day166,120,112,86.12851447579365,48.32413844115598,54.50433282944077
T5,T5_day54,T5_day525,480,471,87.05345678143928,51.553442577275334,55.21072848258249
T5,T5_day56,T5_day57,1,1,37.90460373790966,28.39694904654909,48.931654646866804
T5,T5_day56,T5_day63,7,7,61.08407116416889,44.507619140283474,56.189904759750156
T5,T5_day56,T5_day182,120,126,89.60806684168418,56.94534342815329,47.98936390027481
T5,T5_day56,T5_day525,480,469,88.81721185561209,52.65344896161139,55.18125693627797
T5,T5_day57,T5_day63,7,6,59.86293870667179,44.30698012588325,56.09089890038079
T5,T5_day57,T5_day182,120,125,86.56167876313123,50.35103735358685,49.92519492700606
T5,T5_day57,T5_day525,480,468,88.78298574257555,53.031002846705206,54.106250679791444
T5,T5_day61,T5_day63,1,2,52.67987649106686,37.14395016800455,54.1451217714389
T5,T5_day61,T5_day68,7,7,61.654539020494596,38.513258151790026,53.423705446755534
T5,T5_day61,T5_day182,120,121,90.96798598539775,54.26451555903433,57.18625697449667
T5,T5_day61,T5_day525,480,464,88.99981762330452,55.17933921532379,49.518052822748466
T5,T5_day63,T5_day70,7,7,65.70768419499394,43.07238433831786,52.71154893511573
T5,T5_day63,T5_day182,120,119,90.01007511521333,54.69132591040327,56.603163183655056
T5,T5_day63,T5_day525,480,462,88.84898181251053,54.06243829682497,53.13888974093958
T5,T5_day68,T5_day70,1,2,44.97199652123151,32.057092489604685,53.89323517433759
T5,T5_day68,T5_day75,7,7,56.92722199710277,37.36117310044028,56.07975077127061
T5,T5_day68,T5_day189,120,121,80.57455196881654,53.66369330080634,55.836486044429286
T5,T5_day68,T5_day525,480,457,90.15884436347689,53.863957609807315,53.1175875686488
T5,T5_day70,T5_day189,120,119,82.43965177655487,52.09002557380112,54.91741408383307
T5,T5_day70,T5_day525,480,455,90.75631280216649,47.70914301004735,54.1586166195608
T5,T5_day75,T5_day111,30,36,85.58578774678256,48.865704709927385,54.609591002208234
T5,T5_day75,T5_day189,120,114,81.0297046458964,50.61446317241433,59.34326941243821
T5,T5_day75,T5_day525,480,450,87.67202806255655,52.09888982617159,58.45313917379668
T5,T5_day111,T5_day113,1,2,57.11569918145485,41.16042240708429,52.703972290191956
T5,T5_day111,T5_day140,30,29,65.05184192730746,44.042313514427384,55.519352990962304
T5,T5_day111,T5_day225,120,114,79.32370705078316,50.890873586727,55.797428526308565
T5,T5_day111,T5_day600,480,489,85.4417943202663,49.46008962210075,50.061915175243904
T5,T5_day113,T5_day120,7,7,59.6984649781659,39.57714467429033,52.354990881275285
T5,T5_day113,T5_day140,30,27,66.93134538568349,45.265405617805946,49.99655635045726
T5,T5_day113,T5_day225,120,112,77.38060498270329,47.65498980411402,47.458148710033676
T5,T5_day113,T5_day600,480,487,83.89449964976963,50.04038980404414,57.46072426170389
T5,T5_day120,T5_day121,1,1,50.31594466320177,36.43137063063768,55.05710774102765
T5,T5_day120,T5_day126,7,6,55.49546139948615,37.867249050491104,54.769520812756376
T5,T5_day120,T5_day252,120,132,83.20829360533625,52.43296823571126,54.86877255250694
T5,T5_day120,T5_day600,480,480,85.78083975471503,43.98941046593754,53.414855319759404
T5,T5_day121,T5_day252,120,131,77.12584646856409,48.81354409750654,56.68146975980541
T5,T5_day121,T5_day600,480,479,86.26661031615467,45.9397588586468,53.51921041415693
T5,T5_day124,T5_day126,1,2,59.76842047714166,38.488094395595795,54.2454377285774
T5,T5_day124,T5_day252,120,128,77.86487486695617,46.96999452472778,52.63814998842252
T5,T5_day124,T5_day607,480,483,92.04503146379402,51.519427006703744,54.74252461957911
T5,T5_day126,T5_day252,120,126,78.53528626788108,47.25395633587504,54.2831808160993
T5,T5_day126,T5_day607,480,481,92.88715055840058,49.294160761310195,53.35732388634757
T5,T5_day140,T5_day166,30,26,80.47449223026716,47.462811485635356,56.099593346678155
T5,T5_day140,T5_day252,120,112,78.93877422338711,48.585789239481194,53.90188317939072
T5,T5_day140,T5_day609,480,469,95.16767325860802,50.87770836273724,51.159351457275406
T5,T5_day166,T5_day189,30,23,63.84581908623403,43.72089030161781,56.55986231241107
T5,T5_day166,T5_day287,120,121,79.93774128803922,44.41153993045117,46.9190784314253
T5,T5_day166,T5_day635,480,469,90.13091436307275,50.34974664866837,49.52951016798126
T5,T5_day182,T5_day189,7,7,78.15986490053488,49.346839406367764,58.035140808142046
T5,T5_day182,T5_day287,120,105,81.69796260525963,54.1585829168997,49.987674810817964
T5,T5_day182,T5_day663,480,481,91.37968853715492,53.009071915172896,51.31266757049732
T5,T5_day189,T5_day225,30,36,76.99355060126702,47.61442171581787,52.89125479004377
T5,T5_day189,T5_day324,120,135,81.68139188587732,44.090724377952604,54.61367112610192
T5,T5_day189,T5_day665,480,476,84.17058839843466,50.811558888915165,49.87674540123919
T5,T5_day225,T5_day252,30,27,69.26578402273026,44.25718134842175,53.624744291661756
T5,T5_day225,T5_day348,120,123,80.91542273884434,45.73367926056086,54.03026564561026
T5,T5_day225,T5_day707,480,482,85.55597629661438,55.01003333498612,55.49604157472726
T5,T5_day252,T5_day287,30,35,71.23972782631952,48.2333656031531,55.45685409109209
T5,T5_day252,T5_day355,120,103,71.83112364150821,45.00646754781348,54.12418609683589
T5,T5_day252,T5_day735,480,483,83.93036573269389,51.28723037717029,53.785617573012196
T5,T5_day287,T5_day324,30,37,55.135335841598426,39.21411190348696,53.82508718490121
T5,T5_day287,T5_day399,120,112,73.79145952626901,44.090783276080884,51.978694261800094
T5,T5_day287,T5_day761,480,474,79.96706045399198,45.701231577926094,57.184473090391116
T5,T5_day324,T5_day355,30,31,59.206900812542656,37.20545887515294,52.61775939783849
T5,T5_day324,T5_day798,480,474,83.00749490012826,46.712962403922326,55.4175817802969
T5,T5_day348,T5_day355,7,7,65.1675714512817,40.685944359307435,53.286727276756764
T5,T5_day348,T5_day497,120,149,79.14483585755049,44.05447053496177,53.147041906792175
T5,T5_day348,T5_day831,480,483,91.74758211405289,45.38928135515185,51.998810593358044
T5,T5_day352,T5_day497,120,145,93.85145234982144,52.91821559761204,53.35892421682671
T5,T5_day352,T5_day831,480,479,89.63725636847157,56.75135960993786,51.504038619639836
T5,T5_day355,T5_day497,120,142,82.10290938425078,44.82295145791948,53.67838581894754
T5,T5_day355,T5_day833,480,478,92.6799963294271,51.59471165011206,55.327948993210676
T5,T5_day399,T5_day525,120,126,68.92874404406135,48.26499211258216,53.91292216265302
T5,T5_day399,T5_day880,480,481,88.68687552384307,51.08271211270469,55.37810415443932
T5,T5_day497,T5_day525,30,28,71.24247431372584,42.77151027441387,50.98961145057258
T5,T5_day497,T5_day609,120,112,89.18202301690499,45.76885440671777,50.817136871738406
T5,T5_day497,T5_day985,480,488,74.91456194230679,46.249786799337436,51.39823786188276
T5,T5_day525,T5_day635,120,110,84.08908666842315,51.14530636438005,48.80604704766059
T5,T5_day525,T5_day1015,480,490,79.20989198594006,41.86395922019071,49.71824841871773
T5,T5_day600,T5_day607,7,7,91.67680202118999,50.33536984890179,55.70519729504609
T5,T5_day600,T5_day635,30,35,87.09254358640986,51.216919216034334,52.29675086438232
T5,T5_day600,T5_day719,120,119,84.59327439433609,50.72083464812153,54.57681685013843
T5,T5_day600,T5_day1048,480,448,77.75787383683372,50.064587555014604,53.30714772226225
T5,T5_day607,T5_day609,1,2,61.197727741453214,42.42572078193009,49.710664607304615
T5,T5_day607,T5_day635,30,28,66.34050386913722,42.131923646492,53.08272712741074
T5,T5_day607,T5_day719,120,112,70.51346857840203,45.26191529968531,51.7175424930434
T5,T5_day607,T5_day1048,480,441,81.32480395271286,44.02333340623807,50.12409224840399
T5,T5_day609,T5_day635,30,26,67.72457338363013,44.20884664419578,50.48500225015686
T5,T5_day609,T5_day735,120,126,78.53185912115771,48.100224984773455,54.736117139788135
T5,T5_day609,T5_day1048,480,439,88.07635618327954,50.205136970678794,51.87776480194106
T5,T5_day635,T5_day665,30,30,77.66541863688869,46.731369177724766,53.89235594944638
T5,T5_day635,T5_day761,120,126,73.66081948750433,48.06588651297866,51.45836020703333
T5,T5_day635,T5_day1167,480,532,84.92885355120421,52.745550736202695,49.73904357473928
T5,T5_day658,T5_day665,7,7,78.06844297761877,53.15277351124461,55.460527405566154
T5,T5_day658,T5_day688,30,30,72.74886483685808,48.28712003332385,55.357135830965106
T5,T5_day658,T5_day761,120,103,78.93439319968856,53.21470122326403,52.45536477780242
T5,T5_day658,T5_day1167,480,509,90.82021820785435,57.01604533555711,55.03401565705366
T5,T5_day663,T5_day665,1,2,72.34087215601734,44.92991818353274,47.92323570525352
T5,T5_day663,T5_day693,30,30,75.27212487968168,45.658543343613694,50.38768154851665
T5,T5_day663,T5_day798,120,135,77.30845417622194,48.85890291351215,55.528471095148234
T5,T5_day663,T5_day1167,480,504,81.30101901809368,50.15538205116006,54.89785576277601
T5,T5_day665,T5_day693,30,28,75.35199109282692,46.70200200546128,53.470507925268564
T5,T5_day665,T5_day798,120,133,70.28395323725759,47.79215064630572,57.80066746350133
T5,T5_day665,T5_day1167,480,502,76.48937658583343,46.28591902043954,50.24397769550828
T5,T5_day677,T5_day679,1,2,58.74882958183247,36.71371912760817,52.34747721641382
T5,T5_day677,T5_day684,7,7,62.62991768063473,37.14306219530595,57.68544083582604
T5,T5_day677,T5_day707,30,30,80.24941510231582,48.32410643542569,58.02615955913009
T5,T5_day677,T5_day798,120,121,78.69839812322415,52.77576739933485,46.029885491285164
T5,T5_day677,T5_day1167,480,490,83.23025945941582,50.71485631569646,54.10503235723925
T5,T5_day679,T5_day709,30,30,77.69636677419254,48.49439883041649,51.1126757859707
T5,T5_day679,T5_day798,120,119,79.73996945069838,50.78838745590375,57.37447731298928
T5,T5_day679,T5_day1167,480,488,84.79857901907997,52.129884675891056,56.615822452240685
T5,T5_day684,T5_day709,30,25,63.68169074829538,39.95305893660345,48.888417600756355
T5,T5_day684,T5_day798,120,114,77.33279461177207,50.91958998005141,53.945594724943156
T5,T5_day684,T5_day1167,480,483,79.3376998343098,47.08885713246327,53.02612557786645
T5,T5_day688,T5_day719,30,31,59.63360124434215,38.37193159622024,52.994828385809164
T5,T5_day688,T5_day798,120,110,81.06531478729487,53.69646576880283,46.34236361651662
T5,T5_day688,T5_day1167,480,479,83.77142024893337,50.96856921082214,52.30805036162451
T5,T5_day693,T5_day719,30,26,68.94129849744662,43.56462399116928,55.28172306958014
T5,T5_day693,T5_day798,120,105,72.22580571691282,45.95967743518609,53.25420266629731
T5,T5_day693,T5_day1167,480,474,76.90794328880683,51.626121725402065,48.4643127412375
T5,T5_day707,T5_day709,1,2,72.30074862621571,45.80749994002597,55.39558200914121
T5,T5_day707,T5_day735,30,28,64.12187083842952,40.76697617611142,55.975548671395465
T5,T5_day707,T5_day831,120,124,72.6046791752975,46.77792416783339,54.754940806680764
T5,T5_day707,T5_day1197,480,490,77.13309264544928,49.05005079502302,53.85572833104267
T5,T5_day709,T5_day735,30,26,72.36040377872204,47.24158044680844,47.652180417261114
T5,T5_day709,T5_day831,120,122,69.18919059965998,43.874347101815765,49.664391184592716
T5,T5_day709,T5_day1197,480,488,87.10601974088982,45.05162625260054,56.65339674290428
T5,T5_day719,T5_day833,120,114,59.54673365661407,38.87484833455836,52.423549252009444
T5,T5_day719,T5_day1197,480,478,86.45296304059161,46.91135833897103,57.11406434945245
T5,T5_day735,T5_day761,30,26,61.88498386852333,39.82512537541151,50.346273601345395
T5,T5_day735,T5_day854,120,119,71.96031622249916,46.32933393650559,51.76405320248092
T5,T5_day735,T5_day1209,480,474,81.75622939201554,44.063678624349976,57.14810899226147
T5,T5_day761,T5_day798,30,37,57.314801581714114,38.00400269095192,53.61694366584405
T5,T5_day761,T5_day880,120,119,79.65310595997263,49.07077009639615,58.68430471224463
T5,T5_day761,T5_day1244,480,483,73.75937412086154,45.89368097284332,53.62842163999794
T5,T5_day798,T5_day831,30,33,80.12301698398784,49.713220992995204,48.59055687332881
T5,T5_day798,T5_day919,120,121,60.50949682353092,39.79329121587559,53.840337347151554
T5,T5_day798,T5_day1288,480,490,77.37579993768277,45.03871222419918,48.465165890086084
T5,T5_day831,T5_day833,1,2,60.885577693536824,39.2621142170336,55.0608946886249
T5,T5_day831,T5_day854,30,23,70.02593134891886,41.40367382452046,50.68430811493643
T5,T5_day831,T5_day952,120,121,69.50081808504225,48.504868209757625,49.688642555597625
T5,T5_day831,T5_day1302,480,471,83.21842417736518,46.523914017161665,55.288594833710526
T5,T5_day833,T5_day952,120,119,63.11772071007601,45.25845842710812,51.20527793340917
T5,T5_day833,T5_day1302,480,469,81.88686631108982,46.867305732534135,55.365844222435996
T5,T5_day847,T5_day854,7,7,67.12146740583735,37.404153194964394,52.73778012690508
T5,T5_day847,T5_day875,30,28,62.83989757274731,38.0529574018087,59.25220361398164
T5,T5_day847,T5_day964,120,117,73.00145252697932,44.143923195093194,51.018700707514675
T5,T5_day847,T5_day1302,480,455,78.8579687457695,48.41156901947099,51.6744497916125
T5,T5_day852,T5_day854,1,2,53.657834172532404,38.20005435077251,55.176452149905295
T5,T5_day852,T5_day882,30,30,67.53101215716946,45.69885525668414,53.75790458806756
T5,T5_day852,T5_day964,120,112,78.59345344385532,46.55520201946666,51.61192810000738
T5,T5_day852,T5_day1302,480,450,80.26671615271205,47.916816961050955,53.37218099556816
T5,T5_day854,T5_day882,30,28,70.8385835689111,40.66691940472929,54.66689491250465
T5,T5_day854,T5_day964,120,110,78.81041585739275,46.68506956135791,47.600322826324096
T5,T5_day854,T5_day1302,480,448,84.71905817654815,46.901672946289644,51.484592281731544
T5,T5_day875,T5_day882,7,7,61.268023726821944,41.984304800758906,54.76626803021099
T5,T5_day875,T5_day985,120,110,82.50814845341914,50.868494323703786,60.102475846076324
T5,T5_day875,T5_day1302,480,427,83.64795247444424,51.998615568160055,47.94176129959229
T5,T5_day880,T5_day882,1,2,55.17841985821048,35.352290612779576,48.774420194822866
T5,T5_day880,T5_day985,120,105,82.47947033325083,43.31350173719214,52.68058075441262
T5,T5_day880,T5_day1302,480,422,85.40432865077041,50.75202841519155,52.28303204731174
T5,T5_day882,T5_day889,7,7,83.72433633562564,45.08563473639653,53.185166286109485
T5,T5_day882,T5_day919,30,37,82.94685014979126,47.52710006023417,45.30089298387087
T5,T5_day882,T5_day1015,120,133,82.24231039476041,49.22697986023056,54.93581198785463
T5,T5_day882,T5_day1302,480,420,84.97738493147122,45.05901817790039,50.24609661960412
T5,T5_day889,T5_day896,7,7,78.9552407542377,46.634309658045034,53.438605051065394
T5,T5_day889,T5_day919,30,30,62.1931215910101,42.960376243140416,54.846462540889284
T5,T5_day889,T5_day1015,120,126,57.98267401721982,38.919130416650866,58.634327212701784
T5,T5_day889,T5_day1302,480,413,74.30337228483108,45.61104522048136,51.384978313227535
T5,T5_day896,T5_day919,30,23,83.85629420313535,50.00472349364147,57.80479599704926
T5,T5_day896,T5_day1015,120,119,77.23473255473822,50.75485951524781,54.70780440000429
T5,T5_day896,T5_day1302,480,406,82.26343517648195,51.31871375423552,50.76881490404342
T5,T5_day919,T5_day952,30,33,80.12296845335435,43.45191670452015,51.08501644682999
T5,T5_day919,T5_day1036,120,117,66.26770352148533,42.06876973810956,50.68850586245122
T5,T5_day919,T5_day1302,480,383,77.72103073904178,45.33835122954661,53.23201598366198
T5,T5_day938,T5_day945,7,7,87.07849257482569,48.76986125339246,51.4057493535811
T5,T5_day938,T5_day964,30,26,74.46262689207012,47.92405928206414,48.32217691771123
T5,T5_day938,T5_day1048,120,110,83.606890512167,49.55425441708648,50.2027945397755
T5,T5_day938,T5_day1519,480,581,76.96180100260489,48.86944993139126,48.90131194244851
T5,T5_day945,T5_day952,7,7,74.55133523514904,42.882244521100255,51.49600062200062
T5,T5_day945,T5_day1048,120,103,65.36526065805933,44.37726174750842,50.93590990285524
T5,T5_day945,T5_day1519,480,574,71.12770762114889,42.82408784414188,53.99109738696763
T5,T5_day952,T5_day959,7,7,52.722536934228295,35.83710770251722,50.798890024219396
T5,T5_day952,T5_day985,30,33,74.50767421764262,43.86898580398938,50.05527831405238
T5,T5_day952,T5_day1048,120,96,80.40536346379268,51.991654995920136,51.20088731353025
T5,T5_day952,T5_day1519,480,567,79.04928213700515,46.29435697295433,51.67932522531396
T5,T5_day957,T5_day959,1,2,62.170652478632725,40.66736485399778,49.542419786853664
T5,T5_day957,T5_day964,7,7,67.59643179292307,41.0099187856173,46.377185252286985
T5,T5_day957,T5_day985,30,28,84.67738564050514,54.36063469000467,50.51978380757412
T5,T5_day957,T5_day1048,120,91,82.36840669778513,49.463904767552464,49.59824015510124
T5,T5_day957,T5_day1519,480,562,85.1502917575163,54.59053652014771,46.902472715633245
T5,T5_day959,T5_day985,30,26,83.22291182585678,48.37378760635899,47.54106267043414
T5,T5_day959,T5_day1519,480,560,83.0922472550456,45.952660132285,47.27064894263638
T5,T5_day964,T5_day1519,480,555,85.93205159763548,45.085861392075465,54.18886741019609
T5,T5_day985,T5_day1015,30,30,54.94854496511873,39.29078090721109,52.85125616271153
T5,T5_day985,T5_day1519,480,534,67.48192345768906,42.20503670427315,50.496435747324
T5,T5_day1015,T5_day1048,30,33,59.97804065437077,40.87584384246934,50.890992419072624
T5,T5_day1015,T5_day1519,480,504,71.72723715265408,41.91757575715208,57.13207837091571
T5,T5_day1036,T5_day1167,120,131,58.24241191899141,44.35462920218571,51.066715776468975
T5,T5_day1036,T5_day1519,480,483,69.94371445867168,44.84212826419797,56.6057810834597
T5,T5_day1048,T5_day1167,120,119,58.25516720075223,42.635683092413906,51.1020793589944
T5,T5_day1048,T5_day1519,480,471,69.46082936203206,45.18373174056731,60.707896863578064
T5,T5_day1167,T5_day1197,30,30,66.57450007962606,43.23556424793081,53.710152206979316
T5,T5_day1167,T5_day1288,120,121,68.11606757119229,43.40100000892797,53.862579075502225
T5,T5_day1167,T5_day1671,480,504,87.74131820326232,46.55527727935251,50.126668757323635
T5,T5_day1197,T5_day1302,120,105,66.45508421574914,44.19839382843194,51.945879049881626
T5,T5_day1197,T5_day1671,480,474,81.1618045293807,50.48215575605515,54.346119125560925
T5,T5_day1209,T5_day1244,30,35,55.29716504297434,34.92815847008346,52.23337182239239
T5,T5_day1209,T5_day1302,120,93,62.70025612255436,41.62952236814209,48.68803228890435
T5,T5_day1209,T5_day1671,480,462,83.88234583387487,51.529320610724845,50.9532418402471
T5,T5_day1244,T5_day1743,480,499,84.89640612719188,52.59393255421626,51.91852469000662
T5,T5_day1288,T5_day1743,480,455,75.02030034419154,50.30662502398108,54.75594438980575
T5,T5_day1302,T5_day1804,480,502,76.89760845697535,49.57750472112773,54.30702240406125
T5,T5_day1519,T5_day2007,480,488,79.23418695596308,50.83373602219809,52.40166037848734
T5,T5_day1671,T5_day1804,120,133,86.73124668162127,51.46604878030365,53.6569777362525
T5,T5_day1671,T5_day2149,480,478,92.42275439036139,50.17335844950047,53.8544976709668
T5,T5_day1743,T5_day1862,120,119,87.5908134609441,52.21117178816237,56.111051544325306
T5,T5_day1743,T5_day2149,480,406,96.86692221353893,51.16677849370287,57.83897532258414
T5,T5_day1804,T5_day1895,120,91,83.12600470750829,55.28169398593081,56.43684237279969
T5,T5_day1862,T5_day1895,30,33,78.95775036411273,49.02212392855379,52.77343852175046
T5,T5_day1862,T5_day2007,120,145,75.41264270821546,47.759181197165724,50.72542724923894
T5,T5_day1895,T5_day2007,120,112,68.86964646445486,49.52010020346024,55.09769271682831
T5,T5_day2007,T5_day2126,120,119,87.33777143535289,51.221370178955844,57.538474076140716
T5,T5_day2007,T5_day2595,480,588,89.22246699393816,53.794425587249314,56.735227979749254
T5,T5_day2077,T5_day2107,30,30,91.98799436932039,51.42419920515265,56.60938056694401
T5,T5_day2077,T5_day2595,480,518,83.83010132140593,46.28583397343767,58.719060199255225
T5,T5_day2107,T5_day2133,30,26,78.79648869377343,48.22325501613859,52.62427037843301
T5,T5_day2107,T5_day2595,480,488,77.84313785009604,45.5688316078065,53.26513806328743
T5,T5_day2126,T5_day2133,7,7,64.28486601386597,42.93441692403856,53.612968820928
T5,T5_day2126,T5_day2149,30,23,69.28257679282676,50.22051858170524,56.24383801855875
T5,T5_day2126,T5_day2609,480,483,75.24082108645956,49.94443658948898,53.73482410422918
T5,T5_day2133,T5_day2609,480,476,67.48613422535037,45.95149604430985,45.736001716777984
T5,T5_day2149,T5_day2609,480,460,65.33884957703181,40.975646219478044,57.04851607140811
