train,test,gap_target,days,L2,own,diag_n300,full_n300,local1_n300,far1_n300,local2_n300,far2_n300
2020-02-06_CO,2020-06-26_CO,120,141,-0.20598697662353516,0.18396984040737152,-0.027063071727752686,0.1040598452091217,0.036569744348526,0.061005234718322754,0.07368166744709015,0.07591407001018524
2020-02-06_CO,2021-05-03_CO,480,452,-0.4522983729839325,0.3203861713409424,-0.20291440188884735,-0.007878467440605164,-0.11179159581661224,-0.15946561098098755,-0.07084354758262634,-0.09685209393501282
2020-02-28_RD,2021-04-21_RD,480,418,-0.010996058583259583,0.2593420743942261,0.08816717565059662,0.1450580656528473,0.12817737460136414,0.10784609615802765,0.13728578388690948,0.07194909453392029
2020-06-26_CO,2020-07-31_CO,30,35,-0.0055283308029174805,0.1982855200767517,0.03237748146057129,0.13037735223770142,0.10261902213096619,0.05425803363323212,0.12095162272453308,0.10876473784446716
2020-06-26_CO,2020-10-23_CO,120,119,0.003354191780090332,0.31240522861480713,0.09511764347553253,0.209779754281044,0.17555101215839386,0.1443149298429489,0.19266609847545624,0.16756628453731537
2020-07-08_CO,2020-07-14_CO,7,6,0.12539532780647278,0.27713435888290405,0.14741568267345428,0.24401240050792694,0.19257403910160065,0.18489529192447662,0.21814174950122833,0.21478484570980072
2020-07-08_CO,2020-07-31_CO,30,23,0.0700477659702301,0.1982855200767517,0.08851008117198944,0.15113598108291626,0.13195258378982544,0.10936269164085388,0.13631144165992737,0.1266574263572693
2020-07-08_CO,2020-11-05_CO,120,120,0.12623193860054016,0.38301342725753784,0.1788661777973175,0.28494173288345337,0.2316868007183075,0.2073148638010025,0.25083455443382263,0.23022697865962982
2020-10-07_CO,2020-11-05_CO,30,29,0.16838473081588745,0.38301342725753784,0.2092829793691635,0.3156675100326538,0.2511536478996277,0.23181140422821045,0.2854315936565399,0.2666012644767761
2020-10-07_CO,2021-01-23_CO,120,108,0.0783848762512207,0.28629717230796814,0.1217099279165268,0.22215788066387177,0.1777697205543518,0.15692831575870514,0.1898324191570282,0.19026288390159607
2021-01-08_CO,2021-05-03_CO,120,115,-0.18730607628822327,0.3203861713409424,-0.0002596825361251831,0.11462938785552979,0.08395415544509888,0.004406139254570007,0.06731720268726349,0.08176718652248383
2021-03-16_RD,2021-03-22_RD,7,6,0.2076251357793808,0.2882727384567261,0.2194066196680069,0.2637892961502075,0.24700213968753815,0.23864294588565826,0.25612932443618774,0.25113236904144287
2021-03-16_RD,2021-04-14_RD,30,29,0.18583832681179047,0.3142700791358948,0.20896859467029572,0.26420456171035767,0.25942039489746094,0.24111652374267578,0.264607697725296,0.24624674022197723
2021-03-22_RD,2021-04-21_RD,30,30,0.0059092044830322266,0.2593420743942261,0.11183205246925354,0.19110208749771118,0.14506885409355164,0.13930143415927887,0.17205819487571716,0.16813568770885468
2021-03-23_CO,2021-03-30_CO,7,7,0.15298332273960114,0.2740577459335327,0.1765020191669464,0.24114860594272614,0.21284805238246918,0.19694730639457703,0.2287335842847824,0.2131822407245636
2021-03-23_CO,2021-04-15_CO,30,23,0.12085629999637604,0.2902650833129883,0.17859508097171783,0.23324443399906158,0.19170577824115753,0.19482414424419403,0.21219059824943542,0.2090829461812973
2021-03-29_CO,2021-03-30_CO,1,1,0.1323615163564682,0.2740577459335327,0.19674913585186005,0.24778015911579132,0.2237982153892517,0.22217997908592224,0.23654961585998535,0.23812837898731232
2021-03-29_CO,2021-04-06_CO,7,8,0.1855398565530777,0.3362424373626709,0.23775412142276764,0.2669564187526703,0.27277207374572754,0.2514803409576416,0.28355324268341064,0.2654934525489807
2021-03-29_CO,2021-05-03_CO,30,35,-0.07596702873706818,0.3203861713409424,0.13558466732501984,0.20511683821678162,0.18599626421928406,0.16749221086502075,0.18585491180419922,0.20790065824985504
