participant,day,max_z_test,max_z_train,frac_bins_z50,max_raw,median_raw
T10,49,84.81668853759766,435.19744873046875,0.000244081034903588,483904.5625,54.6887092590332
T10,62,32.093223571777344,38.78651809692383,0.0,2062.440185546875,39.28269577026367
T10,67,26.184858322143555,81.3284912109375,0.0,4462.9326171875,44.0692138671875
T10,69,46.2021484375,36.65748977661133,0.0,1742.819091796875,43.265438079833984
T10,76,75.00352478027344,516.0628051757812,5.306109454425826e-05,1356829.125,40.42109680175781
T10,83,32.672237396240234,30.438512802124023,0.0,5277.6357421875,41.75090408325195
T10,91,33.881622314453125,30.298173904418945,0.0,4889.65283203125,41.28794860839844
T10,95,17.604366302490234,26.1573429107666,0.0,6095.38671875,41.469444274902344
T10,96,67.85347747802734,36.26786804199219,0.00018675880100849752,17796.62109375,40.709861755371094
T10,98,33.777347564697266,30.061614990234375,0.0,5858.33984375,40.20117950439453
T10,104,61.289573669433594,41.89208221435547,0.00010956502684343158,3270.63818359375,42.120201110839844
T10,105,151.43582153320312,145.21148681640625,0.00880597014925373,3289.658935546875,43.75178527832031
T10,109,52.04048156738281,54.802223205566406,5.434093502635535e-05,6463.0224609375,41.89826202392578
T10,111,16.41630744934082,22.06113052368164,0.0,4386.95654296875,43.38533020019531
T10,112,125.08335876464844,263.1163635253906,6.686056229732892e-05,2898.814453125,43.6304817199707
T10,124,24.879362106323242,42.911041259765625,0.0,5657.560546875,42.86233139038086
T10,125,25.8387393951416,42.18593215942383,0.0,7252.77880859375,43.17136001586914
T10,126,69.97875213623047,26.932527542114258,7.51371252535878e-05,3842.652099609375,42.115440368652344
T10,130,22.962913513183594,20.42843246459961,0.0,15947.3779296875,43.471824645996094
T10,131,14.484662055969238,20.864837646484375,0.0,17736.94140625,42.882774353027344
T10,132,17.432353973388672,26.164833068847656,0.0,18902.37109375,44.622032165527344
T10,137,22.517684936523438,151.83688354492188,0.0,7511.64404296875,44.2431640625
T10,139,19.301074981689453,27.23331069946289,0.0,5102.80419921875,42.82938003540039
T10,148,17.74716567993164,178.69351196289062,0.0,35621.859375,42.185272216796875
T10,152,22.19683265686035,30.990039825439453,0.0,3601.14306640625,41.89665222167969
T10,161,22.30693817138672,54.6138801574707,0.0,3626.300048828125,42.35722351074219
T10,166,285.3948059082031,196.7949981689453,7.045230379033395e-05,5337.0849609375,41.267677307128906
T10,173,27.553020477294922,199.0457000732422,0.0,4053.26171875,39.28322219848633
T10,182,939.1956787109375,229.158447265625,7.344660431866034e-05,91221.3671875,39.570526123046875
T10,186,24.569021224975586,240.8474884033203,0.0,33243.2734375,42.80282974243164
T10,187,37.59123229980469,67.38841247558594,0.0,4277.30712890625,40.583763122558594
T10,194,34.28487777709961,228.83213806152344,0.0,49773.5078125,42.681583404541016
T10,195,22.724430084228516,31.239110946655273,0.0,5835.439453125,42.38115692138672
T10,203,94.69126892089844,90.82881164550781,3.301201637396012e-05,9334.095703125,41.287086486816406
T10,208,12.202092170715332,46.57306671142578,0.0,2369.9091796875,39.55295944213867
T10,215,21.73350715637207,18.21316146850586,0.0,4903.63623046875,40.127777099609375
T10,216,15.005302429199219,20.426021575927734,0.0,2702.185546875,36.831275939941406
T10,236,3064.78369140625,304.8306884765625,2.593562777187022e-05,50796.00390625,37.97459411621094
T10,237,33.328983306884766,210.63243103027344,0.0,3969.1689453125,42.630523681640625
T10,242,19.62022590637207,79.33445739746094,0.0,50107.97265625,40.738609313964844
T10,252,26.96784782409668,149.2732391357422,0.0,2630.22265625,38.51576232910156
T10,259,20.83480453491211,66.16522216796875,0.0,2928.38671875,38.908599853515625
T10,265,18.21223258972168,26.282241821289062,0.0,3582.630126953125,36.7489013671875
T10,272,20.404178619384766,75.56452178955078,0.0,4099.4111328125,37.229042053222656
T10,279,19.604875564575195,26.113683700561523,0.0,2458.1630859375,38.303733825683594
T10,280,20.229000091552734,22.92740821838379,0.0,4349.90234375,38.80268096923828
T10,284,22.652015686035156,37.800880432128906,0.0,3247.26123046875,40.66362762451172
T10,294,15.11961555480957,52.74061584472656,0.0,3609.46044921875,39.24501419067383
T10,298,17.278291702270508,14.051334381103516,0.0,1402.7998046875,36.97826385498047
T10,305,116.2793197631836,115.498046875,0.0003912363067292645,2969.4990234375,43.04814529418945
T10,340,20.05059242248535,46.187076568603516,0.0,2436.80029296875,37.03486633300781
T10,341,22.10706329345703,199.95816040039062,0.0,5897.974609375,36.70427703857422
T10,347,17.096696853637695,22.607074737548828,0.0,3817.288330078125,39.27391052246094
T10,349,558.1887817382812,252.4910125732422,0.00031043046357615895,379481.1875,46.720008850097656
T10,350,154.42080688476562,192.9518585205078,0.0006096498867793068,695071.3125,44.4003791809082
T10,361,42.74488830566406,335.10595703125,0.0,213607.140625,39.156742095947266
T10,363,14.068026542663574,15.197998046875,0.0,1023.6832275390625,35.70649719238281
T11,41,51.979366302490234,48.0566520690918,0.00011355893708834885,7584.681640625,39.667518615722656
T11,48,14301.646484375,272.4603271484375,0.09097859327217125,3328260.0,45.08177947998047
T11,51,699.1970825195312,303.601806640625,0.0014112515235101674,8487405.0,47.60419845581055
T11,55,11887.296875,244.69207763671875,0.00010927767457108513,2471107.25,40.363014221191406
T11,58,4448.84326171875,306.3453674316406,0.007892180670228266,2783771.75,42.88054656982422
T11,69,36593.49609375,286.7190246582031,0.019175828932559952,5900215.0,43.910125732421875
T11,79,8330267.5,272.40985107421875,0.1766328909186052,15953468.0,13.371707916259766
T11,83,41.118385314941406,74.36705780029297,0.0,3123.496826171875,35.27919006347656
T11,86,39.26579284667969,164.97523498535156,0.0,2469.835693359375,36.207252502441406
T11,97,985.703857421875,235.82843017578125,0.0015060240963855422,3659954.5,37.09969711303711
T11,100,19.013778686523438,367.7680358886719,0.0,1197053.75,39.480072021484375
T11,111,4466.29736328125,149.0384063720703,0.002454219369454408,1512760.75,37.83400344848633
T11,112,120.62377166748047,212.26919555664062,0.0021301775147928993,109039.421875,38.51484680175781
T11,122,23565.498046875,179.3765411376953,0.00554016620498615,6976742.0,36.18230438232422
T11,126,167.40577697753906,190.31202697753906,0.0008979683466157818,5457233.5,38.82469177246094
T11,140,183.68402099609375,305.2808837890625,5.130046683424819e-05,2209465.5,40.70391082763672
T11,153,8938.2451171875,153.08482360839844,0.029217530518310986,1343117.625,39.86273193359375
T11,171,46.922523498535156,215.3372344970703,0.0,2659253.0,37.253578186035156
T11,177,9397.5947265625,150.42166137695312,0.004887585532746823,1327550.25,37.97492980957031
T11,185,2139.68603515625,325.826904296875,0.011910795742524075,8950968.0,36.70094299316406
T11,191,1344.9390869140625,191.1087188720703,0.010697115384615385,6618236.0,41.732425689697266
T11,198,4593.98388671875,156.56106567382812,0.0011492365785585289,554810.125,36.90544891357422
T11,199,2624.96826171875,171.99453735351562,0.041507554374896234,2921881.5,37.31256103515625
T11,219,881.2953491210938,163.01467895507812,0.002728226652675761,3140900.0,35.878013610839844
T11,226,1510.750244140625,216.77772521972656,0.005392731535756155,4699102.5,35.185516357421875
T11,227,6888.07958984375,161.736083984375,0.0024956326428749688,19056024.0,29.761550903320312
T11,231,46761.515625,260.449462890625,0.031228409561973192,5660484.5,32.65586853027344
T11,233,30177.984375,158.3459014892578,0.004935834155972359,149562.21875,32.140560150146484
T11,241,129.92327880859375,245.1429443359375,0.000474158368895211,6480554.0,40.769920349121094
T11,247,1957.958740234375,157.56085205078125,0.0027332361516034984,2000688.5,35.28484344482422
T11,254,124.86274719238281,203.35792541503906,0.0003249566724436742,15790993.0,36.262508392333984
T11,255,599.04150390625,176.0650177001953,0.00025230225810521004,2079217.75,29.119077682495117
T11,261,76.47346496582031,159.87159729003906,0.0004520795660036166,6071995.0,34.21852111816406
T11,262,58.972373962402344,159.04208374023438,0.00018768768768768769,2406527.25,37.293216705322266
T11,266,21306.2421875,496.3663635253906,0.014066007911174917,5570869.5,26.791357040405273
T11,269,27763.962890625,208.89501953125,0.03057697420898697,12377806.0,22.052783966064453
T11,275,1298.3814697265625,366.9427795410156,7.445461990916536e-05,2936810.0,1.5016911991815962e-24
T11,297,4332.49853515625,315.56036376953125,0.0005730877970505082,12313702.0,22.812110900878906
T11,308,18360.9609375,447.5193786621094,0.0014495225102319235,2926533.5,16.58420753479004
T11,309,4772.4599609375,154.22190856933594,0.01379671673070206,11544744.0,31.233234405517578
T11,310,224012.21875,155.1905975341797,0.05144270403957131,6943054.0,32.110904693603516
T11,324,5520.3466796875,441.0180358886719,0.0006661366224724413,14479018.0,29.595775604248047
T11,325,51048.4140625,353.12237548828125,0.0018512937529599172,11554856.0,34.644287109375
T11,328,88.80203247070312,314.4552917480469,0.0004726057455355636,15809700.0,31.102054595947266
T11,338,153.80316162109375,317.4565124511719,0.0004974356335443146,12938474.0,22.753074645996094
T11,339,3017.2158203125,480.03656005859375,0.010101373211589618,19546352.0,34.58058166503906
T11,342,116.94783020019531,402.0572509765625,0.0009604470444425042,7980642.0,32.60411834716797
T11,346,750.4379272460938,526.511962890625,0.0008592837011067574,15296056.0,31.5179443359375
T11,353,40.96458435058594,120.45254516601562,0.0,268968.8125,33.56248474121094
T11,357,161.77244567871094,432.7588806152344,0.0005102203514142671,8054863.0,33.29456329345703
T11,359,330.8703918457031,541.7828979492188,0.0014355165945718334,11460280.0,32.81147766113281
T11,364,176341.265625,209.71414184570312,0.003173451808867531,9308141.0,35.912818908691406
T11,367,4.92039680480957,146.86216735839844,0.0,8714602.0,37.2918701171875
T11,372,35736.0546875,147.9760284423828,0.0011030222810500773,5949336.0,38.825340270996094
T11,373,7899.3466796875,267.7727966308594,0.0007109263917751285,937147.8125,32.75934600830078
T11,385,25.91259765625,171.2308349609375,0.0,31504482.0,42.284786224365234
T11,391,74.47127532958984,251.12184143066406,0.00022930520522815867,16844764.0,37.354522705078125
T11,401,341.2777099609375,146.39657592773438,0.000253613999492772,32036.791015625,33.681175231933594
T11,405,115.85584259033203,191.20785522460938,0.0002818489289740699,11623354.0,34.72516632080078
T11,406,16.932653427124023,51.82575607299805,0.0,3160.869140625,5.688742637634277
T11,409,1587.6055908203125,310.0553283691406,0.012624201987231796,83175392.0,35.40568542480469
T11,412,803.2493896484375,179.4720001220703,0.00012283503255128362,13862884.0,37.93318176269531
T11,413,3042431.5,160.30776977539062,0.9268173686778338,10545552.0,48.43019485473633
T11,414,3931.092041015625,159.02479553222656,0.0019339482296935435,3748531.75,35.86518859863281
T11,415,135.69886779785156,156.59072875976562,0.0016747301823595087,5325956.0,34.31414794921875
T11,420,45.334434509277344,143.73643493652344,0.0,13492622.0,40.732757568359375
T11,427,7592.33203125,146.220947265625,0.005612347163760273,11431258.0,39.36231994628906
T11,428,1203.8148193359375,241.26470947265625,0.00020237452779276849,2225208.25,34.46035385131836
T11,437,4.565331935882568,145.79678344726562,0.0,29670860.0,35.96221923828125
T11,440,15.820231437683105,260.0921936035156,0.0,5374757.5,33.68712615966797
T11,441,54865.0,173.45245361328125,0.0016147062476710968,490468.71875,31.608535766601562
T11,443,96.3253402709961,121.93778991699219,0.0003572704537334762,32331.732421875,30.43050765991211
T11,444,4992.3193359375,205.44766235351562,0.004889721181856013,2867840.5,34.30164337158203
T11,454,28.620790481567383,147.97494506835938,0.0,5291079.0,33.311248779296875
T11,456,205253.5625,148.64039611816406,0.011421628189550425,2035657.25,37.228973388671875
T11,461,9194.529296875,148.35928344726562,0.010133578995854445,4141050.5,30.936473846435547
T11,463,2396.19287109375,223.90103149414062,0.00066106336764567,8891676.0,32.290184020996094
T11,464,96.76824188232422,180.6598358154297,0.00038030043734550294,6808327.0,31.150043487548828
T11,468,1386.1917724609375,149.2379150390625,0.007850834151128557,498091.6875,32.15784454345703
T11,469,4214.38525390625,130.47023010253906,0.0016857720836142953,115426.6640625,31.873313903808594
T11,471,159.52069091796875,175.2253875732422,0.001388888888888889,2535223.0,31.419448852539062
T11,476,1004.68603515625,92.69010925292969,0.0007753941586973378,8629.0,32.5461311340332
T11,484,26399.1875,230.30601501464844,0.006774557771923222,5389581.5,35.04203414916992
T11,490,228084.390625,159.4382781982422,0.25224806201550387,5374075.0,32.51774215698242
T11,492,57102.4296875,181.26019287109375,0.0345458984375,5346815.0,31.0432071685791
T11,496,388.6607666015625,147.97959899902344,0.000447127207690588,7714588.0,41.66175079345703
T11,503,8356.1826171875,162.25534057617188,0.001729106628242075,585150.8125,31.71997833251953
T11,504,19.236604690551758,149.19570922851562,0.0,2341778.0,31.928089141845703
T11,505,4921.67041015625,149.20901489257812,0.008380576780872565,132305.140625,32.269168853759766
T11,511,75.18909454345703,103.26164245605469,0.0011862396204033216,172792.1875,30.596717834472656
T11,521,32180.193359375,212.64779663085938,0.0013565891472868217,1142435.375,30.559768676757812
T11,524,61.72788619995117,151.482666015625,0.0005790387955993051,1398768.5,30.682064056396484
T11,527,7710.05029296875,147.33953857421875,0.0002090738030524775,1501917.25,30.631128311157227
T11,535,99.76019287109375,145.32542419433594,0.0011254924029262803,2947578.5,31.778446197509766
T11,538,253716.53125,140.0438995361328,0.17676080299421573,5870017.0,29.982036590576172
T11,539,11453.966796875,137.03785705566406,0.0006303845345660853,191507.59375,32.15074920654297
T11,548,71.9610824584961,147.3031768798828,0.0008859357696566999,3054430.5,33.03983688354492
T11,552,19701.271484375,226.57806396484375,0.005725631435563559,6210962.5,30.11728286743164
T11,555,944935.25,146.34860229492188,0.012618949110467521,14557966.0,37.70497131347656
T11,560,26087.71484375,174.56875610351562,0.013578500707213578,3463718.5,30.21200942993164
T11,563,77.22307586669922,189.46981811523438,0.001977587343441002,1161870.5,29.972774505615234
T11,575,136.78810119628906,172.70127868652344,0.00012539184952978057,11092387.0,29.635639190673828
T11,576,73.80243682861328,69.7290267944336,0.0009385265133740028,1601.590087890625,29.938650131225586
T11,583,62.376285552978516,160.80104064941406,0.0018426386585590566,8412.7138671875,29.842741012573242
T11,587,100506.3046875,325.568359375,0.012846308620956507,19262964.0,31.83487892150879
T11,589,6.530115127563477,292.9620666503906,0.0,6108208.0,31.476253509521484
T11,590,16192.84765625,109.73958587646484,0.008852963818321785,2156627.25,30.641300201416016
T11,596,3480012.75,219.2623291015625,0.2294512960638062,12158632.0,34.5130615234375
T11,602,44384.7421875,250.2003173828125,0.021420948315291965,28876930.0,35.484622955322266
T11,604,78.31420135498047,167.5801544189453,0.001621796951021732,9527610.0,30.973995208740234
T11,610,157069.421875,183.43756103515625,0.00165929203539823,425020.125,30.422168731689453
T11,617,75.61058044433594,100.93373107910156,0.0012714558169103624,280773.3125,29.321475982666016
T11,623,916.6962280273438,144.826171875,0.0005665722379603399,1069479.75,29.58031463623047
T11,630,69359312.0,239.97488403320312,0.7966509795337638,171664432.0,29.846328735351562
T11,632,211.5701446533203,79.19855499267578,0.0017897091722595079,3999.802001953125,39.56671905517578
T11,639,53.05284118652344,148.85235595703125,0.00022138587558113792,118067.4453125,28.642589569091797
T11,643,303483.125,147.2003173828125,0.0042643923240938165,811246.0625,29.48317527770996
T11,646,917.488037109375,145.07444763183594,0.0007713073659853452,17275620.0,36.007511138916016
T11,658,43305.1875,231.300537109375,0.007075137965190321,1015562.0,28.62645721435547
T11,665,10605.7314453125,262.0726013183594,0.0009587114917550812,12089956.0,30.998544692993164
T11,672,1206.93359375,187.53201293945312,0.0013324450366422385,9339858.0,31.41234588623047
T11,675,5871.033203125,208.75831604003906,0.1611900159677284,6773136.5,26.97280502319336
T11,681,22.699533462524414,31.332477569580078,0.0,975.3974609375,27.746315002441406
T11,689,594537.875,260.0033874511719,0.10850645704660303,5045132.5,27.115219116210938
T11,692,3699453.75,202.0010223388672,0.9462445685909373,10696806.0,29.130311965942383
T11,702,10041.419921875,241.04615783691406,0.024190432027204577,15991300.0,32.55344009399414
T11,706,97535.3984375,200.68336486816406,0.0028169014084507044,2996373.25,24.82406234741211
T11,709,8664.2275390625,203.7245635986328,0.00021688837478311162,5368518.0,24.53084945678711
T11,715,19739.375,204.70755004882812,0.0028479352469459643,4738675.0,23.0094051361084
T11,727,2247.845703125,214.34889221191406,0.0002881567572759581,9670664.0,22.038257598876953
T11,737,67309.0546875,123.22700500488281,0.017069912423927563,3133042.5,13.077705383300781
T11,741,11887.580078125,150.3321533203125,0.014129565449213543,4876892.5,19.362470626831055
T11,744,769.3799438476562,148.3024444580078,0.00046652670865407047,118047.71875,23.28723907470703
T11,749,50755.8671875,147.21209716796875,0.09761952390478096,4257475.5,26.805561065673828
T11,751,1283.614990234375,260.9385070800781,0.0015237265999129299,3203713.5,23.81338882446289
T11,756,11045.90234375,148.5387725830078,0.0061440157286802655,419927.5,19.686115264892578
T11,758,380.7276916503906,254.9185028076172,6.510416666666667e-05,3034567.0,19.617895126342773
T11,764,8267.2705078125,214.97308349609375,0.0003588516746411483,290188.90625,20.064407348632812
T11,770,3784.730712890625,150.91465759277344,0.00028256569652444194,303759.625,21.663984298706055
T11,783,38.996009826660156,169.57444763183594,0.0,8035343.0,22.47383689880371
T11,784,43.2014274597168,145.63365173339844,0.0,459439.03125,15.244279861450195
T11,790,44.19438934326172,121.7082748413086,0.0,387352.375,18.5126953125
T11,814,88731.75,235.98556518554688,0.0005668934240362812,1216907.125,15.294733047485352
T11,841,72973.328125,372.40826416015625,0.001675771692864564,13608247.0,27.052471160888672
T11,842,25.517324447631836,192.12347412109375,0.0,4042055.5,31.669002532958984
T11,868,250.48162841796875,148.56077575683594,0.02628232301822806,32222.349609375,22.28049087524414
T11,870,48251.890625,207.14651489257812,0.002199155524278677,113379.8203125,21.279714584350586
T11,882,154342.46875,153.40399169921875,0.022497583267422443,568425.4375,21.618478775024414
T11,888,17286.095703125,163.4722442626953,0.018034634696177887,827778.1875,22.40056610107422
T11,891,58.38736343383789,210.30918884277344,0.00019374212922600018,1062232.375,24.436458587646484
T11,905,105.02257537841797,166.59542846679688,0.00042170368287883047,4024927.5,22.484302520751953
T11,924,24403.0234375,230.329833984375,0.0013918345705196183,675692.25,21.113611221313477
T11,938,18696.642578125,207.75856018066406,0.10279101429543908,10558799.0,24.97784423828125
T11,940,338.0973815917969,155.65005493164062,0.0022245037645448325,3372890.75,22.719186782836914
T11,952,28350.705078125,142.88528442382812,0.0033632286995515697,133272.578125,21.028785705566406
T11,987,287343.09375,207.83309936523438,0.011337432744043044,2808933.25,26.24308204650879
T11,996,331.3302307128906,87.526123046875,0.0015873015873015873,916.3986206054688,18.020244598388672
T11,1001,33845.515625,149.60116577148438,0.002210921954455008,485912.9375,23.87128448486328
T11,1017,1182.6064453125,97.08892822265625,0.002347417840375587,31448.05078125,22.984699249267578
T11,1022,87.70416259765625,91.65719604492188,0.001708306641042067,233185.328125,23.598995208740234
T11,1025,566.8453979492188,183.04042053222656,0.09267540478026215,353219.90625,22.241596221923828
T11,1057,117.74014282226562,143.3751678466797,0.00147239263803681,116093.640625,16.482227325439453
T11,1059,13556.7333984375,144.24378967285156,0.016144578313253014,1406095.25,16.01516342163086
T11,1064,42.431800842285156,178.9300994873047,0.0,238537.25,20.32452392578125
T11,1092,65.24864196777344,200.9202423095703,0.0002486531288852051,209745.734375,18.335094451904297
T11,1125,36046.77734375,215.25999450683594,0.003963558920965452,1958927.5,21.166542053222656
T11,1139,260.8613586425781,201.47662353515625,0.0002278682921271505,6181880.5,20.52505874633789
T11,1181,4160.80224609375,181.73960876464844,0.0007326495271080325,2609398.75,18.634838104248047
T11,1251,684.491455078125,211.448486328125,0.015213322455247877,30920704.0,40.96925354003906
T11,1261,35749.0,168.70448303222656,0.006634379353811451,374673.9375,29.203670501708984
T11,1268,1269.49853515625,190.0906982421875,0.0009728809436945154,118192.1171875,21.96738624572754
T11,1279,43914.05078125,175.85206604003906,0.0016923541855545482,710368.3125,21.751325607299805
T11,1282,933.5115966796875,180.04994201660156,0.0011978097193702942,798269.5625,22.327051162719727
T11,1303,140.22479248046875,140.290771484375,0.0009578544061302681,104618.7578125,21.561128616333008
T11,1307,343.9577941894531,208.7617950439453,0.00038688461166457103,4054606.0,23.468299865722656
T11,1324,7599.36083984375,108.21805572509766,0.0010608203677510608,116121.609375,21.246490478515625
T11,1338,14763.3310546875,175.43460083007812,0.0008455467869222097,386303.78125,22.43121910095215
T11,1352,818.3207397460938,196.20111083984375,0.0012193770092007539,537212.9375,21.29217529296875
T11,1395,1021.3026123046875,165.75791931152344,0.007522407170294494,5681058.5,23.11310386657715
T11,1398,212.26535034179688,141.11468505859375,0.002797202797202797,5226416.0,23.777732849121094
T11,1426,19.568397521972656,21.200170516967773,0.0,1223.012939453125,15.61013412475586
T11,1430,118.53495788574219,146.7626190185547,0.005429694813705299,2140928.75,23.69156837463379
T11,1461,254.5402069091797,230.8582305908203,0.0023346952388893522,4898390.5,25.004566192626953
T11,1505,889.3473510742188,174.1991424560547,0.00396235760277365,2457384.75,21.249610900878906
T11,1519,2378.897705078125,275.1539611816406,0.0055076124324703575,7039516.0,19.441150665283203
T11,1528,139.8910675048828,176.2705535888672,0.0038870173620108835,475667.78125,19.131895065307617
T11,1535,186.4330596923828,241.4302215576172,0.00260682307605123,692856.25,19.191219329833984
T11,1549,623819.0,209.18212890625,0.7013999134074181,2223323.75,19.484699249267578
T11,1577,47189.61328125,241.7457733154297,0.01655134988468322,8935326.0,19.39300537109375
T11,1591,16.350116729736328,135.95230102539062,0.0,817.0469360351562,14.35244369506836
T11,1605,372931.5,214.830078125,0.002924709618116487,8819232.0,19.02722930908203
T11,1625,17112.9765625,174.82847595214844,0.009067827348567283,453125.4375,19.724929809570312
T11,1633,886.9735717773438,119.84607696533203,0.02989010989010989,2168147.75,22.040803909301758
T11,1661,5648.9267578125,185.5067901611328,0.00088948187680676,5864437.0,19.847213745117188
T11,1703,33.16297149658203,59.81528091430664,0.0,3509.5078125,9.231110572814941
T11,1710,132.2373809814453,117.52153015136719,0.00045920710240318386,306573.625,9.665583610534668
T7,50,109.43583679199219,273.0813293457031,0.0003584813426755744,94749.3203125,41.64767837524414
T7,55,142.4598846435547,57.272789001464844,0.00036929894749799966,9169.001953125,42.11479187011719
T7,57,36.354434967041016,266.7547912597656,0.0,41355.1015625,42.29908752441406
T7,66,71.04312896728516,208.56378173828125,0.00012970168612191958,16626.99609375,41.78252410888672
T7,71,803.0319213867188,271.32080078125,0.00020682523267838676,6134.9189453125,41.27513122558594
T7,73,39.169734954833984,152.60086059570312,0.0,356616.125,40.917259216308594
T7,78,10598.2197265625,287.12518310546875,0.0002889338341519792,71717.203125,40.12299346923828
T7,106,327.65216064453125,271.9702453613281,7.33783387144115e-05,15747.875,39.47740173339844
T7,135,76.56657409667969,218.22853088378906,5.706785367802317e-05,123278.7421875,37.48712921142578
T7,140,38.572364807128906,216.8603057861328,0.0,22871.921875,37.18446350097656
T7,162,111.58372497558594,276.39361572265625,5.110645474523432e-05,224661.40625,34.686038970947266
T7,167,358.33233642578125,193.42953491210938,0.0002461437479488021,120578.109375,34.296730041503906
T7,205,972.1244506835938,367.396240234375,8.596419591240249e-05,37524.59375,22.498489379882812
T7,252,55.529884338378906,74.12932586669922,6.630860022544923e-05,1111.005859375,31.99221420288086
T7,258,48.05534362792969,52.988243103027344,0.0,1787.051025390625,31.998600006103516
T7,266,652.6202392578125,347.3486022949219,5.998980173370527e-05,11337.119140625,31.98163604736328
T7,268,78073.703125,192.31954956054688,0.2189406293410642,11575.69140625,26.196914672851562
T7,279,177.02052307128906,344.75921630859375,0.004991087344028521,34924.3125,31.750999450683594
T7,280,177.85879516601562,91.1474609375,0.00017788846393311395,1609.3951416015625,31.85840606689453
T7,293,30.9622859954834,157.92172241210938,0.0,19799.18359375,31.906940460205078
T7,307,46.311527252197266,211.0242462158203,0.0,7736.94482421875,32.383392333984375
T7,314,199.7669219970703,192.1848602294922,9.925558312655087e-05,4673.24658203125,32.199607849121094
T7,315,120.885498046875,373.01715087890625,4.4802867383512545e-05,15273.853515625,32.24248504638672
T7,321,88.03388977050781,163.27642822265625,0.00011701380762930026,100840.2734375,31.644962310791016
T7,328,32.285560607910156,192.74317932128906,0.0,2726.187255859375,31.655235290527344
T7,350,50.191654205322266,162.62088012695312,0.00010354110581901015,12174.2275390625,32.50897216796875
T7,377,184.6166229248047,71.5088119506836,0.00011328877308258752,3010.322265625,33.40618133544922
T7,392,44.25304412841797,59.0726432800293,0.0,3577.600341796875,32.96741485595703
T7,401,73.79664611816406,135.07656860351562,0.000560695262125035,2738.9384765625,32.36383819580078
T7,406,43.79118347167969,208.44833374023438,0.0,7629.72607421875,31.03738784790039
T7,426,205.74551391601562,219.80567932128906,6.262917266862904e-05,3155.998046875,32.26888656616211
T7,434,493.40631103515625,73.53782653808594,5.961251862891207e-05,2721.551025390625,31.020795822143555
T7,455,145.20616149902344,83.00033569335938,0.00040970173713536544,533269.0,28.84195899963379
T7,503,59.37422561645508,96.76459503173828,0.00010744600838078866,1425.88525390625,31.254234313964844
T7,545,21.916318893432617,285.05816650390625,0.0,70615.171875,31.152542114257812
T8,38,40.07509231567383,123.37937927246094,0.0,6339.79736328125,42.655975341796875
T8,42,114.31427764892578,57.16462326049805,0.0005217845030002609,3299.914794921875,45.48403549194336
T8,45,53.465484619140625,137.2520751953125,0.0006190672719768881,23841.353515625,44.871917724609375
T8,46,82.30929565429688,191.87734985351562,0.00042949176807444524,224888.34375,45.89617919921875
T8,50,7073.83837890625,171.15133666992188,0.0009424478512188992,881846.375,47.929893493652344
T8,52,79.10832977294922,281.99603271484375,0.00017165908505707665,689134.6875,46.26607131958008
T8,56,136.1430206298828,264.991455078125,0.00036292700630585675,1994101.125,48.05773162841797
T8,57,363.0533447265625,301.8592529296875,0.0008233327511788628,730470.4375,45.781585693359375
T8,63,219.14479064941406,210.93638610839844,0.0001896761956374475,4354.5869140625,44.779571533203125
T8,64,7353.171875,375.2164001464844,0.00607703220615326,2151621.25,45.80927276611328
T8,71,204.22569274902344,386.3503723144531,0.0001098458496576471,714410.5,44.27168273925781
T8,78,353.8522644042969,293.5174255371094,0.0005858612159875017,348199.59375,43.64958190917969
T8,92,53.147151947021484,60.00017547607422,0.00013910140492418973,9676.01171875,44.89482498168945
T8,99,136.50965881347656,84.42374420166016,0.00011239112110143299,3252.6318359375,44.16596221923828
T8,100,421.3175048828125,369.0913391113281,0.0001354157262796786,10429.8583984375,44.80352020263672
T8,106,60.391563415527344,84.23416900634766,2.4019407681406576e-05,9108.7138671875,44.08335876464844
T8,113,108.8622055053711,386.7095642089844,7.376263185070444e-05,27005.697265625,45.336708068847656
T8,130,121.5984115600586,162.8219451904297,0.005328005328005328,9003.9541015625,45.7598762512207
T8,162,47.198204040527344,163.63880920410156,0.0,4308.57275390625,43.60406494140625
T8,211,247.41558837890625,393.9788513183594,9.42684766214178e-05,525307.5625,37.58440399169922
T8,238,415.16656494140625,178.0770721435547,0.00012940628396914953,4666.39208984375,36.89354705810547
T8,273,463.3560485839844,205.7177276611328,4.640263566970604e-05,65333.1171875,34.21946716308594
T8,287,39.990909576416016,195.2872314453125,0.0,8817.48046875,33.35625076293945
T8,353,35.335750579833984,195.05906677246094,0.0,25806.93359375,33.808380126953125
T8,386,439.64642333984375,269.220703125,8.644536652835408e-05,14201.8994140625,32.250328063964844
T8,417,21.86595916748047,241.65750122070312,0.0,653271.8125,31.851299285888672
T8,427,46.35538101196289,383.5030822753906,0.0,375852.375,30.367809295654297
T8,449,1321.20458984375,307.4009094238281,9.240720776220545e-05,134719.15625,31.186115264892578
T8,450,521.8223266601562,265.7087097167969,0.00015794045644791914,54981.86328125,31.08235740661621
T8,456,60.49736785888672,236.9488067626953,8.34480744356824e-05,26253.486328125,30.422958374023438
T8,457,280.3341369628906,382.4073181152344,4.256496477749165e-05,90044.4453125,31.002212524414062
T8,466,128.18141174316406,382.65228271484375,3.9704597792424365e-05,44681.0234375,30.56157684326172
T8,469,109.03138732910156,350.37225341796875,4.1431027696642014e-05,21447.58203125,29.493906021118164
T8,471,40.77412414550781,371.1253662109375,0.0,392758.6875,29.718942642211914
T8,477,149.88880920410156,264.2250671386719,6.764069264069264e-05,112799.8203125,30.467830657958984
T8,483,60.17485427856445,332.06134033203125,1.862093365361339e-05,56451.51171875,29.93065643310547
T8,492,47.29640197753906,343.61767578125,0.0,475176.96875,30.23626708984375
T8,504,296.5871276855469,232.82763671875,0.000548141086749285,7726.6474609375,29.902679443359375
T8,513,71.77625274658203,234.51919555664062,2.77947634665629e-05,2178.31640625,30.01022720336914
T8,560,295.8419189453125,56.44455337524414,0.0002830055186076129,9726.8779296875,30.287460327148438
T8,583,334.07965087890625,269.0810852050781,5.726283641916396e-05,81827.65625,29.059722900390625
T8,592,36.12591552734375,389.7011413574219,0.0,13922.5556640625,28.865211486816406
T8,595,461.81524658203125,267.46160888671875,0.00014190771268418438,58731.40234375,28.602157592773438
T8,599,72.18959045410156,230.68368530273438,8.907098957869422e-05,90216.109375,29.210817337036133
T8,602,202.14584350585938,234.68516540527344,0.0003328047610657583,64659.4453125,28.647815704345703
T8,625,35.026947021484375,363.13287353515625,0.0,20247.744140625,29.03293800354004
T8,631,366.3472900390625,167.40371704101562,5.837711617046118e-05,20002.955078125,29.008663177490234
T8,633,28.739377975463867,215.33274841308594,0.0,81148.1875,28.346527099609375
T8,757,37.99204635620117,174.09429931640625,0.0,88009.7734375,27.616334915161133
T8,814,1417.029296875,249.42124938964844,0.0003300209013237505,17372.095703125,26.31810760498047
T8,821,31.902639389038086,125.69562530517578,0.0,8109.46923828125,27.31768798828125
T8,827,249.8610076904297,226.67361450195312,0.0001369206544807284,37632.98046875,26.865459442138672
T8,869,78.30110931396484,182.57809448242188,7.299270072992701e-05,196204.96875,26.72730255126953
T8,890,484.8890686035156,244.8292694091797,3.749742205223391e-05,25104.908203125,26.87533187866211
T8,907,97.17019653320312,268.5425109863281,0.006751912045889101,6210.38916015625,27.56397247314453
T8,914,32.996891021728516,157.95404052734375,0.0,3956.0693359375,27.775951385498047
T8,981,96.13581085205078,80.32984161376953,0.000230361667818475,41398.59375,27.03289794921875
T8,1033,25.957561492919922,264.4686584472656,0.0,12813.9013671875,25.676677703857422
