subject,n_pairs,n_train_sessions,overnight,overnight_ci,t_half_days,t_half_ci
monkey N,259,80,0.726,"[0.62, 0.78]",8.1,"[3.7, 10.1]"
monkey C,130,59,0.714,"[0.63, 0.78]",9.4,"[8.0, 24.4]"
monkey M,43,22,0.757,"[0.71, 0.83]",33.9,"[16.6, 44.6]"
human T6,311,121,0.729,"[0.41, 0.87]",138.4,"[5.2, 254.2]"
human T5,247,89,0.615,"[0.34, 0.76]",3.2,"[1.0, 9.1]"
human T9,318,114,0.561,"[0.35, 0.67]",1.8,"[1.0, 4.1]"
human T7,69,32,0.48,"[0.19, 0.74]",1.0,"[1.0, 12.9]"
human T10,117,51,0.564,"[-0.01, 0.82]",1.8,"[1.0, 10.4]"
human T8,155,55,0.461,"[-0.00, 0.81]",1.0,"[1.0, 7.3]"
