train,test,gap_target,renorm,fullrecal,own,rank1,rank2,rank4,rank8,supervised_k4,corr_k4,stats_k4,random_k4,supervised_k8,corr_k8,stats_k8,random_k8,supervised_k16,corr_k16,stats_k16,random_k16,supervised_k32,corr_k32,stats_k32,random_k32,supervised_k64,corr_k64,stats_k64,random_k64
2020-02-24_CO,2020-02-25_CO,1,0.09740963578224182,0.21691206331983034,0.21203657984733582,0.1333177387714386,0.17956331372261047,0.17959006130695343,0.1795860081911087,0.16824842142152963,0.1356999478876522,0.14026134863221984,0.10549448359761826,0.17579075243296802,0.14023825800829595,0.14238237729630715,0.11745339764850928,0.1951746761305215,0.14107502037818082,0.17402617002937534,0.12898644371387147,0.20777412494878078,0.1551674977019288,0.18950127904915515,0.1719305670426634,0.21420060636938143,0.1953887685437603,0.1965875082064697,0.18264581374876773
2023-04-13_RD,2023-04-14_RD,1,0.39626991748809814,0.41760824328709467,0.41425028443336487,0.4104160666465759,0.4133952856063843,0.4140453338623047,0.414043664932251,0.3997967055739663,0.3953640248367285,0.3960990670139983,0.39605835177143556,0.4020400814696006,0.3943312477472434,0.3958065671290455,0.3986512020781603,0.405744541053074,0.3928518903138753,0.39388559121716316,0.4014299517641045,0.41627265158034876,0.395531728018286,0.40270876605334677,0.40666533722655185,0.4180840884201515,0.3975379337501028,0.4081187783866794,0.4089435706113318
2022-02-09_RD,2022-02-10_RD,1,0.13000702857971191,0.2537319462496807,0.2501699924468994,0.20027565956115723,0.21588431298732758,0.20772254467010498,0.20771779119968414,0.1719820669835767,0.1524056221525143,0.16042240181245543,0.16080928220991167,0.18488043410109067,0.15845128002186407,0.17596492501878347,0.16192494860965662,0.1924184841763379,0.16601701338061414,0.18175683499438658,0.17068193002030319,0.21537305969219672,0.19288634770163954,0.18774961506913612,0.19139334320992604,0.23891032098663628,0.2232242017571256,0.2154370339945402,0.21588131604871416
2021-09-07_CO,2021-09-08_CO,1,0.07863560318946838,0.2071251072384221,0.19992877542972565,0.09854035079479218,0.12102651596069336,0.1210210770368576,0.12103720009326935,0.10969836154505005,0.08693713222384328,0.11025457943513875,0.08710540651892718,0.13400386862357586,0.10525267590898055,0.1491159925422373,0.10334063688482653,0.14924088171470637,0.10489397092316832,0.16670198638240824,0.11207734403593723,0.17392280458971407,0.14163663291664857,0.19025955679965806,0.11949165109288999,0.20268506082895435,0.18156232965981953,0.19611019117175885,0.17544663792500445
2023-02-06_RD,2023-02-07_RD,1,0.19646775722503662,0.2404479400213438,0.23615248501300812,0.2074461281299591,0.22045619785785675,0.22047863900661469,0.2204200178384781,0.20961474931515842,0.19448699315748535,0.19478971025482142,0.19658637015489447,0.2226733402626045,0.19654245023684397,0.1980795441438018,0.1958032203368758,0.22425328950612353,0.20308661217091023,0.2205371679216677,0.20601488253124653,0.23495646972411935,0.20526905972885812,0.22144783255432904,0.20790603055915766,0.23781295534559005,0.22356449402989695,0.22386735925844548,0.22392605520137218
2022-11-02_RD,2022-11-04_RD,1,0.27855902910232544,0.3513101135842368,0.34662488102912903,0.3405810594558716,0.3503037095069885,0.35222452878952026,0.35222750902175903,0.33875091344263536,0.2677270144717454,0.3391149638266639,0.2844565092932546,0.3331889427874207,0.27655331656365234,0.34704402750584096,0.2924881443663853,0.3472438498937877,0.3329599041836222,0.3485450531876104,0.2918523792367719,0.3512382717719661,0.33711189161558147,0.3555880679938346,0.3040024861490542,0.3506660182517863,0.3369713883608562,0.35690809156362363,0.3422152825462929
2023-03-13_RD,2023-03-14_RD,1,0.25529754161834717,0.3036234681762997,0.29909032583236694,0.26962509751319885,0.2837953567504883,0.28380337357521057,0.28382161259651184,0.27912738543188387,0.25708852644380753,0.2711253737188478,0.2566889965781231,0.29173772981622503,0.2617788592700481,0.278373582561357,0.26511780133464063,0.2942792358220402,0.2729479077038115,0.2873421172025753,0.2649889276256793,0.29394354985994064,0.2887448912660511,0.3017715678799155,0.2792772591750589,0.30007988987025574,0.29999306876347975,0.30273498417769834,0.2907579053242102
2021-10-05_CO,2021-10-07_CO,1,0.17168459296226501,0.2752080638501188,0.268757164478302,0.2179449200630188,0.23143748939037323,0.23143792152404785,0.2314397245645523,0.21313042155703257,0.17640072485105845,0.1939193636747195,0.18324433128597326,0.22672371213615258,0.17252984551061679,0.20995725405733948,0.18322194361484626,0.24661223959630438,0.19453375247336965,0.23960890667665755,0.20118205973599887,0.2546994906257566,0.20696760438660203,0.244656434378576,0.21900660286317108,0.2694533704042954,0.22545490263234075,0.2541979053278587,0.24037640530062732
2022-04-21_RD,2022-04-22_RD,1,0.2455178201198578,0.32791351035003635,0.32351377606391907,0.28863048553466797,0.294768363237381,0.29671502113342285,0.29671570658683777,0.2695176809820572,0.24524813022105227,0.2481606177108255,0.2447877150597689,0.28680949244054005,0.267144812634339,0.25759974416068177,0.24939158115609958,0.2898934019891475,0.27409383363675704,0.2637798578544036,0.2545341189488725,0.31119158506079925,0.2819387416526261,0.28648986881878713,0.27708061731466066,0.3209563301147411,0.30138910490927656,0.3080774956570745,0.30132289067791235
2022-09-12_CO,2022-09-13_CO,1,0.24196520447731018,0.29404928768668104,0.28830647468566895,0.2601644992828369,0.2878393232822418,0.2878519594669342,0.2878448963165283,0.2862817536092791,0.28122565738741956,0.2540831369583263,0.2464877459993103,0.2851378606022398,0.2836843170295344,0.29423607407762065,0.24896081707788276,0.28938078812385004,0.28338010541604164,0.2971590345620574,0.25300793941358163,0.2974818496047543,0.2872067119034697,0.3036646376062425,0.2636631941764558,0.2987477602833917,0.28752564059240143,0.29921928977018075,0.2768261070642796
2021-05-18_CO,2021-05-20_CO,1,0.06304043531417847,0.31462507395435946,0.31006181240081787,0.12701109051704407,0.22341671586036682,0.22338587045669556,0.22338348627090454,0.13553405020360984,0.09882174446928083,0.09012929654876836,0.07898812923464894,0.15930195359389043,0.11133000233631327,0.1077789499433332,0.1118904248846699,0.2053521709563874,0.13569814902572105,0.18629008600990915,0.11316324642825093,0.27079108869329555,0.1730915323152597,0.2270443485977231,0.16835908843359726,0.30169682745396526,0.2195526738760597,0.26345908664715156,0.21865345124144472
2022-04-13_RD,2022-04-14_RD,1,0.24741490185260773,0.29798615345397406,0.2924680709838867,0.27375084161758423,0.28152593970298767,0.28198397159576416,0.2819729447364807,0.26739262422430177,0.26040549149935177,0.2771229399430064,0.2691568067869183,0.2781842324975806,0.2718199110751851,0.285128541047299,0.26085222681531756,0.2905302740394037,0.2728450462612496,0.2891078218806291,0.27965710031557633,0.29541168823395436,0.2776512267997797,0.282491118999588,0.27809335204646063,0.29895912781044376,0.2774182922008548,0.2898863580917721,0.28559090384767666
2021-07-29_CO,2021-07-30_CO,1,0.11071056127548218,0.24659262854879657,0.2377064973115921,0.1775369942188263,0.2074548900127411,0.20747549831867218,0.20747730135917664,0.12478998931928617,0.1325997988597548,0.12254012897890168,0.12457046076207427,0.17757056911209249,0.1440089835659138,0.14959769668521267,0.12732666968422066,0.20925548997199975,0.14756492401797375,0.17522179221537953,0.15219409314397545,0.24107653322873923,0.15681578543137778,0.2039602581093321,0.1808443494427565,0.24764703018935108,0.22768448492802087,0.20836051148845594,0.2079453332912509
2022-03-14_CO,2022-03-16_CO,1,0.16341125965118408,0.260724142753551,0.2569689154624939,0.20529812574386597,0.21558277308940887,0.21558250486850739,0.21558581292629242,0.20911709741529108,0.1622225492764729,0.1786889631416611,0.16942035627312024,0.24222494997845975,0.16130379213655016,0.2038477892605259,0.1832473079625118,0.24997413742842023,0.16056477308439296,0.23206132569655913,0.2021679807345742,0.25325273654793873,0.1721309478651798,0.24957997341262972,0.21437219932495455,0.2545282839586074,0.19625300550854166,0.2546969947208672,0.2336879998152356
2022-09-19_CO,2022-09-21_CO,1,0.21553285419940948,0.27205690573590624,0.26649296283721924,0.2403254508972168,0.250774085521698,0.2507769465446472,0.2507864832878113,0.22089823845595646,0.22576378889943913,0.21894816597381012,0.2274796161041722,0.236297737964091,0.2325119483460127,0.22992422767435125,0.23545151273515544,0.25281824367507855,0.23526411170931855,0.2350746331973837,0.23532049218374018,0.2621345835897396,0.236217863163411,0.23537917416188037,0.24705711326159843,0.27131622813445266,0.2610836644924637,0.2689903891786418,0.2540772192481488
2022-08-08_CO,2022-08-10_CO,1,0.15132112801074982,0.29235146831732683,0.2878371775150299,0.20364756882190704,0.23363074660301208,0.23364347219467163,0.2336360365152359,0.2187703224936305,0.1902942172890363,0.2068932226794656,0.19105692469838564,0.2618537651046703,0.21030354163123768,0.25418646615265883,0.18804708590748356,0.28630513526628965,0.21455004730236,0.26433010178354677,0.20739618516243333,0.28818136097989644,0.21384022451626325,0.2830597402420132,0.21343687109400455,0.29806867968895856,0.2333142567550552,0.29421772391516576,0.2517768454345495
2020-02-05_CO,2020-02-06_CO,1,0.20171628892421722,0.2917389048555077,0.28434842824935913,0.2539314031600952,0.27116119861602783,0.271174818277359,0.2769460082054138,0.23661797398381018,0.23968048112724752,0.25816594457491776,0.2260650256089637,0.24536410464746938,0.24678046889683342,0.2614928301786695,0.2317498142888514,0.27330981716099567,0.25496686387947964,0.27006704005180737,0.23050550487489727,0.2844343404766646,0.26545545418428285,0.26458713862799677,0.2559584200577166,0.29471574093009284,0.2746041898064312,0.28250723189974386,0.27310655478597107
2023-06-20_RD,2023-06-21_RD,1,0.36027175188064575,0.4059544003289635,0.4009323716163635,0.38377219438552856,0.38607215881347656,0.38191550970077515,0.38191062211990356,0.3785633670926223,0.3593126412562929,0.36365555767922897,0.36179256776268653,0.384938559803063,0.3580820202401841,0.36514310972106034,0.3634737393883796,0.3922743834147033,0.3583097664884478,0.3747231761993294,0.364522231796151,0.40148615390926434,0.3678003044751902,0.39524009843464925,0.376607084919028,0.4057364416383972,0.37489127879372264,0.4045213210894283,0.397946236607641
2021-07-19_RD,2021-07-21_RD,1,0.24865172803401947,0.3398019377005481,0.3323047459125519,0.31900501251220703,0.32307517528533936,0.3242695927619934,0.3242374062538147,0.3018890391395036,0.2734551275590075,0.27274540161059985,0.2710347156904611,0.3153890269503019,0.2798339437361408,0.2855568805840184,0.2832443492923187,0.3215155239756092,0.2903467307478383,0.28828766760957775,0.29040144494847203,0.333547144935641,0.30638108233796735,0.3111427150893994,0.30670486331307417,0.33675836183049257,0.31756152725465625,0.32461558833071136,0.32633870252110087
2021-04-12_RD,2021-04-14_RD,1,0.24751226603984833,0.31713286068126056,0.31427013874053955,0.27954310178756714,0.2957354187965393,0.2957524061203003,0.2957400679588318,0.26504263565998454,0.25199879433746597,0.26816476308849957,0.25060032322121295,0.26772580821861275,0.25998245149545257,0.2733456681947356,0.25577319332903076,0.2866075469494046,0.2643645194572466,0.2837553837963505,0.26313426175993077,0.29750738571573754,0.27304783601867666,0.2854165723008045,0.28182669054024273,0.30745291341105846,0.29330024303395996,0.30375986909673447,0.3022425205286753
2022-06-01_RD,2022-06-02_RD,1,0.19933006167411804,0.3255288659854696,0.3214764893054962,0.2820579409599304,0.30069655179977417,0.30070871114730835,0.30070823431015015,0.257703698010341,0.21878383743855837,0.22720121726731535,0.22346183405345352,0.30338760345092675,0.2338160745151958,0.2848258992586692,0.22253046330626783,0.3116157824400392,0.2412623501909898,0.29122712355946645,0.22830485063671002,0.31961281038807365,0.29438074540809245,0.29788823692611266,0.24805190474629227,0.3244106667736067,0.3123307868471747,0.3215894087123665,0.29173177828812397
2022-07-21_RD,2022-07-22_RD,1,0.2581902742385864,0.34355419382801,0.3387828469276428,0.28191113471984863,0.307320237159729,0.30734455585479736,0.30874788761138916,0.2967411784976502,0.25141927953990145,0.27464309985089363,0.2509842668654397,0.29872244485800775,0.25630516645660056,0.2843103881628506,0.2586685894803327,0.31520929730869773,0.29911473269120004,0.310121716401471,0.2838467979431824,0.33325176014068103,0.3155018205372543,0.3185728594441295,0.29840706387799826,0.33868863355502754,0.33318451601073107,0.32635957583094266,0.3163681615133374
2021-08-30_CO,2021-08-31_CO,1,0.1676807552576065,0.2751120129676674,0.27044743299484253,0.243216410279274,0.2599617838859558,0.2599676847457886,0.259965181350708,0.2338645645369559,0.18025144497886994,0.18782931871545,0.18281837089204536,0.24959522545181978,0.21962607918496665,0.23995320521124847,0.19256450518530863,0.2601145386312209,0.24056118419345582,0.25644887279569917,0.19576265867871015,0.27207936746053635,0.24049520112672168,0.2695252464317789,0.20178525055200533,0.2751272052620456,0.2659691731134615,0.268909360821845,0.2562294306198409
2021-07-26_RD,2021-07-28_RD,1,0.060533225536346436,0.32180058383685084,0.3195936679840088,0.1635114848613739,0.18181341886520386,0.19205345213413239,0.19205600023269653,0.12099162113701153,0.06637946770750011,0.08006963289042512,0.08147499364775812,0.1346657588470923,0.09466108465749157,0.12870930290795254,0.09826100762780654,0.17447964950590092,0.11234535286084557,0.15446597434640216,0.11946553930786578,0.23286456976038855,0.16850023253256688,0.20909185937178626,0.15296407830548303,0.28013166478504203,0.26013886017786003,0.26974894067144684,0.2475919929582843
2023-01-30_RD,2023-01-31_RD,1,0.2528234124183655,0.30514071836811846,0.30190104246139526,0.2769317328929901,0.2846851348876953,0.28514599800109863,0.2846740484237671,0.2677336414697748,0.2643058130880059,0.2605581386564434,0.2609925456771391,0.2714492510527392,0.26535466512160316,0.2643703890281234,0.2631476031702426,0.27937949816907526,0.2684814644461484,0.2675184942616178,0.26447856774084133,0.29408795039983526,0.27277462665820357,0.2738014530376336,0.277855235740091,0.3033308605290599,0.28581733710910107,0.2832905083367878,0.2875768552416522
2021-03-29_CO,2021-03-30_CO,1,0.1323615163564682,0.275785490383161,0.2740577459335327,0.23675143718719482,0.24483829736709595,0.24483926594257355,0.24485133588314056,0.2072015062505641,0.19119174638361408,0.2012209511667473,0.1791113264737815,0.23497888172908699,0.20210204377021126,0.21019785185923415,0.1839361743592419,0.23954759007517562,0.20804590172800175,0.21445567945352056,0.1912503691958868,0.2492828927323854,0.21102322672271195,0.244841493787688,0.21850043747464995,0.26976752046362656,0.2452752553120773,0.271517108599839,0.24645732078373986
2020-02-04_CO,2020-02-05_CO,1,0.1930605173110962,0.3055251860791697,0.302337110042572,0.2466803938150406,0.27106183767318726,0.2710573077201843,0.27106761932373047,0.21165235027909782,0.1948099876469336,0.21139750554971254,0.204714225894394,0.24312703226570745,0.20265448104693914,0.22297423935502797,0.21148388384880912,0.2597714301102357,0.2165814626810172,0.22601690920327538,0.22593359916711786,0.2823912360026092,0.22307481708358667,0.24156367181811836,0.2381300841347659,0.3018339773720259,0.2558918551021292,0.27024521254165135,0.2781698000823996
2022-08-10_RD,2022-08-11_RD,1,0.27561521530151367,0.3566617037449077,0.3527393937110901,0.3346502184867859,0.341217041015625,0.3412047326564789,0.3412187099456787,0.3113824812536271,0.2994442141396881,0.30454613440672507,0.30106253680520584,0.3170406940620205,0.3193695675970159,0.3245787338452053,0.3121930291728325,0.33236276055687614,0.3211655958860338,0.3300666570339141,0.31084522844459667,0.3461504495319796,0.3444805764095974,0.34048898932458327,0.3255106161078825,0.3543613000657453,0.3491502257580699,0.3499797635927999,0.33720070204182634
2022-04-06_RD,2022-04-07_RD,1,0.14150860905647278,0.2652961058893146,0.2624114155769348,0.21225613355636597,0.22873185575008392,0.22872428596019745,0.2286994457244873,0.1834648079930118,0.14276578297430068,0.15482766730015124,0.14263631641966926,0.20042550773792642,0.1437145065243034,0.1673418514416111,0.14089726991017915,0.22576443565850537,0.14146753497128614,0.1840920111383167,0.16518709868397094,0.2426205717639866,0.15532594777220865,0.19923558410601178,0.18652749480210087,0.26359021458549453,0.1629699111922473,0.22705987943956707,0.2261857412003245
2021-10-25_CO,2021-10-26_CO,1,0.2029620110988617,0.2799912561152741,0.27315080165863037,0.227077454328537,0.2390335351228714,0.2390308976173401,0.23903128504753113,0.2176997696272862,0.19666851019650478,0.19940671921761904,0.20352914582556578,0.23469100097312032,0.1967301763921054,0.202707472553385,0.2067922976092649,0.23902161486625367,0.19423499899627844,0.20250030697843135,0.2115686108915279,0.26022821303540017,0.19773096975193913,0.21111286120678466,0.23611502722931688,0.2748943041449944,0.25064168840186185,0.2620752795482837,0.2598830863649736
2022-04-06_RD,2022-04-13_RD,7,0.26981937885284424,0.3671875028898763,0.36477646231651306,0.316506564617157,0.3336436450481415,0.3281131982803345,0.32812437415122986,0.30174314715560185,0.2859564017192457,0.28276326621122766,0.28411508213077236,0.3211495802859141,0.29369933124626,0.3041311312981143,0.29085267442579493,0.3374773348285758,0.2974015485743724,0.31200909911014574,0.30614693503554086,0.34772680118503463,0.3166213130099681,0.3405455153502366,0.30231533361748647,0.3553417199799983,0.34369819085191233,0.3640486174301334,0.3416315288786464
2020-12-04_CO,2020-12-11_CO,7,0.1217031180858612,0.23480328832718506,0.22695185244083405,0.18012963235378265,0.20379166305065155,0.2037951946258545,0.2037964016199112,0.1716796422440854,0.14923890751114305,0.13273856437901768,0.13078032219299907,0.1809866037023771,0.1488091141868073,0.1312172452934103,0.14686979877568143,0.19864982015579308,0.15552450626299041,0.16926766590778575,0.15090584135740628,0.21946359728496545,0.19402062426481265,0.2124477172115855,0.17264969241967512,0.23317766120439612,0.20748322058230786,0.2271444936200447,0.2137150501262933
2022-03-14_CO,2022-03-21_CO,7,0.03090590238571167,0.2789369083532557,0.2765788435935974,0.19621548056602478,0.2191552221775055,0.21915887296199799,0.21915318071842194,0.19671041602754014,0.1329542323074322,0.1699971849574404,0.05544697761678857,0.22286411036425735,0.15130394193664884,0.1956014159561188,0.10052352264594956,0.2448324595333256,0.15215398260686433,0.22750662398226196,0.10347938583428358,0.2562459794988203,0.17676324102129984,0.24899310922572515,0.18010049955843077,0.2712028130358783,0.26717280318183667,0.2697591388889822,0.22935216821030888
2022-04-13_RD,2022-04-21_RD,7,0.17322272062301636,0.32613296095815486,0.3195781111717224,0.26558756828308105,0.27659502625465393,0.2775748074054718,0.27759215235710144,0.24287772081031314,0.17996567178019934,0.22284380389505165,0.18479394518301304,0.27876847975744157,0.2484495895769777,0.2469263064696629,0.20491098771140417,0.2944445470700428,0.25193594320659096,0.26523917556958043,0.22879480623167395,0.3200482755175854,0.24748786809993434,0.276274108793173,0.2655264809357704,0.327844995569861,0.2566520796043346,0.2784472185070534,0.30401253513111576
2022-04-21_RD,2022-04-28_RD,7,0.1683347523212433,0.36122522532994733,0.3599809408187866,0.2957082986831665,0.3101844787597656,0.31472182273864746,0.3147239685058594,0.2592733566410967,0.21850707645179157,0.2431757542800684,0.2195041643170519,0.27447066513172985,0.22569826677242985,0.2680182992407327,0.22041591608820965,0.29972165180632837,0.23487953228834815,0.2767000971079943,0.23980576044903468,0.32920761517496766,0.24503723141426484,0.3079424018379438,0.26874488621963005,0.3425077780660135,0.31421025524905954,0.33210918327762484,0.31891453432084454
2022-09-12_CO,2022-09-19_CO,7,0.1313449740409851,0.2651522862425084,0.2614904046058655,0.2245132327079773,0.2421257644891739,0.2421046644449234,0.24210631847381592,0.21457739527776948,0.17871337105816745,0.131703624194969,0.13346896881374268,0.2234086348402245,0.17791449151302585,0.1765880966082907,0.1385345712285526,0.24174694975095995,0.17777956470409104,0.2088711913776692,0.16237507575585156,0.26216297501996355,0.19315708052970015,0.22853119718288437,0.17740785766554554,0.2624685560658681,0.24692294198273484,0.26022854461379663,0.24869840606439028
2022-07-21_RD,2022-07-27_RD,7,0.2502433657646179,0.3406276793762225,0.3351435661315918,0.27942243218421936,0.29804858565330505,0.29809895157814026,0.29813235998153687,0.2944139689093448,0.27933992376563976,0.28319894809944357,0.2582752011178357,0.3135618550457244,0.28334527033440804,0.2993751920804951,0.2619183789546533,0.32056994321536125,0.2875244314579368,0.3178107076961676,0.27670273377175464,0.33087965252381074,0.2970432487443896,0.3309958123359753,0.29058755673037967,0.3325384720361353,0.31978228494085237,0.33670761487322254,0.32241930053332923
2022-11-02_RD,2022-11-09_RD,7,0.18164585530757904,0.33367543353045687,0.3294336199760437,0.27756625413894653,0.29664552211761475,0.29665714502334595,0.2966533303260803,0.279583727781199,0.24944947033163375,0.261195883758601,0.19176046935262855,0.29569017722639157,0.2838151620496813,0.26269647934475937,0.2269644799785332,0.326302448178151,0.2968211371563754,0.2989688529885921,0.21030098860500376,0.3310198464115458,0.3155519211108905,0.30651243678712414,0.2587709704160271,0.33436265385588404,0.32341879624180275,0.32600933125624854,0.29710068244621574
2021-07-08_RD,2021-07-15_RD,7,0.260128378868103,0.36119225095848034,0.3595001697540283,0.2965063452720642,0.305258184671402,0.2893443703651428,0.28930360078811646,0.2857959881275761,0.2720725798855554,0.2882533154669329,0.2755562080117116,0.30679136533414053,0.27605621006263426,0.291446634815303,0.28214586807467895,0.3161875941141995,0.2815296267645282,0.3221120954737449,0.2851176863848149,0.3429999917908242,0.29094548744382326,0.33811378426379457,0.30180928376195454,0.36246607994368607,0.34495665467400083,0.3505111058464455,0.32923113733618214
2021-07-21_RD,2021-07-28_RD,7,0.1435292363166809,0.32206069993149633,0.3195936679840088,0.22812867164611816,0.24788017570972443,0.24788804352283478,0.2479097545146942,0.18200310071769682,0.1481861328257082,0.1622332836703477,0.157662377965364,0.21483965054861384,0.15503455628068394,0.1749160179977955,0.16922582573359501,0.23053710587845958,0.1770518007001978,0.21580438435389634,0.17797141539696984,0.269181863167121,0.21019156843171974,0.2398352426404171,0.22178499179614183,0.3057135337188067,0.27718943372079236,0.2899659129915594,0.2745964633446218
2021-07-26_RD,2021-08-02_RD,7,-0.38748884201049805,0.30371968568616126,0.2972475290298462,-0.03018110990524292,0.008354470133781433,-0.01813092827796936,0.008751928806304932,-0.11330982758742078,-0.1529457060226038,-0.3022259164413126,-0.33796716371127467,-0.030648988421524775,-0.10704700296204361,-0.20967500193435223,-0.30015724859718745,0.07729222425821344,-0.06708028411617983,-0.09986170457054167,-0.23521827156078357,0.1653606037583898,0.04448696131267654,0.021324295846964214,-0.05135695817329123,0.25872369535833173,0.21575113674693724,0.1286522223184776,0.1500012666838344
2022-04-15_RD,2022-04-22_RD,7,0.19472460448741913,0.3260353713358402,0.32351377606391907,0.26182591915130615,0.2878766655921936,0.28787487745285034,0.2878825068473816,0.21667984774331303,0.1953899569698493,0.19635664849610354,0.19308664270244014,0.26703746277176005,0.2254840500917451,0.2365408449241821,0.19660255337815077,0.28662743485284903,0.23039083673846203,0.2556270088151772,0.2169924061484072,0.31579009927078044,0.24146381456052496,0.3026282465031061,0.23665333029135294,0.32243811306807263,0.2816428639282452,0.32154984713198986,0.2907024510958778
2022-07-18_CO,2022-07-25_CO,7,0.21004542708396912,0.28257168582378944,0.2807287275791168,0.2445923089981079,0.25027066469192505,0.2510419487953186,0.25103455781936646,0.23417886121955656,0.20388293192577978,0.2323584417436056,0.20372296682821853,0.2491120567073025,0.2062497455755239,0.24286086747785718,0.21552885493615415,0.26012906355655685,0.2402846160287353,0.25547660908850534,0.21495513811541866,0.26780896537931376,0.2616554343640318,0.2732148589525384,0.23879369973645045,0.2783200226047776,0.2713948246400719,0.28283294410250337,0.2696658920663887
2022-03-28_CO,2022-04-04_CO,7,0.009627223014831543,0.214457001963197,0.21184951066970825,0.09999845921993256,0.11941920220851898,0.11941282451152802,0.11540675163269043,0.08321568275024305,0.01974618929487537,0.027489296317033923,0.021659466847310644,0.0942772920971281,0.020423013275219143,0.09849500403264624,0.021382245139645862,0.11595993238914679,0.019647997219570862,0.12063823465483284,0.044558787840675185,0.1512711951582953,0.0867737046618913,0.15678141156440004,0.0879242693561052,0.18683176486218991,0.16414409415084583,0.18655278858066482,0.15344426211582227
2023-05-02_RD,2023-05-08_RD,7,0.12365363538265228,0.3051231913530462,0.3025285005569458,0.20821575820446014,0.25288301706314087,0.2528745234012604,0.25290149450302124,0.20289930191660183,0.13837260697443737,0.15592949633669947,0.14921595152264464,0.2377908540915095,0.14530639134662504,0.18469685686345277,0.1443925410022635,0.256836020118555,0.1676613899231968,0.22559986060437942,0.16515417084770345,0.272577046741063,0.19841414896683746,0.26571501970866696,0.20092592285002198,0.2936191484304992,0.2751460684130971,0.28562367773045527,0.2481557465538683
2020-02-04_CO,2020-02-11_CO,7,0.22844821214675903,0.29283557573716257,0.28835904598236084,0.25959092378616333,0.27363115549087524,0.2736344635486603,0.27363723516464233,0.2462155074399857,0.23516511047540528,0.23798158888942025,0.22871274315239712,0.25505313005322783,0.23408701084816333,0.23661141930477425,0.2313949085211847,0.26314910524779167,0.24051838267819403,0.24617646364708778,0.24198485728626914,0.2804033144903645,0.23938890295147747,0.26141170030135663,0.2508102693721789,0.29099628816582657,0.2821380901609815,0.2752139220570368,0.2703569332909193
2023-04-26_RD,2023-05-02_RD,7,0.16403992474079132,0.2894665043586293,0.28439268469810486,0.22328068315982819,0.25657182931900024,0.2565627694129944,0.2565804123878479,0.2376299937559899,0.19359157237010582,0.17388992686489274,0.1709559586128302,0.2478573799746134,0.1950421046228924,0.20892689150390514,0.1826384736230616,0.27082946299954214,0.2108942343327312,0.23925013925637048,0.19547081702648175,0.2817650997176556,0.21122705896870106,0.2472319549429152,0.21825688574145996,0.2872939514181647,0.27308695369236413,0.2725386561964379,0.26102221750038906
2021-09-07_CO,2021-09-14_CO,7,0.11791110038757324,0.19448161518444768,0.18663854897022247,0.15191517770290375,0.15851154923439026,0.15850935876369476,0.15850929915905,0.12927098685959562,0.10730050068620181,0.10647529064238223,0.10627987974594133,0.13988156485510472,0.11287494819750463,0.12870307693667613,0.11500420812481117,0.15130683016622962,0.11505984787964904,0.15598803595714936,0.11849015556308427,0.1858739280958421,0.1336395030985621,0.17627468151326448,0.14311315431056454,0.19324602666282314,0.16708865420150332,0.18893765426286638,0.180589602705275
2021-08-05_CO,2021-08-12_CO,7,0.15966370701789856,0.321143168848962,0.3156692683696747,0.20998546481132507,0.24906179308891296,0.24903453886508942,0.2490481287240982,0.21653077119315345,0.19209547599697369,0.2101524971465184,0.17016974987185293,0.25812619750640664,0.19119716447536717,0.24430392102016277,0.17991683298479846,0.28088524463299036,0.19612613513320992,0.260029647556561,0.20788026308999794,0.3070730767061712,0.19904202923201,0.297913393134464,0.21049570296013853,0.31323326455591344,0.30277273993110454,0.313716801724151,0.2899243025125108
2022-04-04_CO,2022-04-11_CO,7,0.09340251982212067,0.2553183864094931,0.252816379070282,0.16004164516925812,0.18149644136428833,0.1815071552991867,0.1815112978219986,0.15084019002024943,0.12614322028875347,0.15233360818807043,0.1287727757751911,0.17227790653570435,0.1267840732567747,0.15967199146763184,0.14209826889458166,0.21612507465587444,0.13291822098302938,0.18047705507888814,0.13687223804947252,0.241761654337541,0.1271669469283195,0.21944637046415003,0.17217972818373536,0.2503476849896551,0.21267963510731766,0.24607121048895897,0.23985809834163377
2021-11-23_CO,2021-11-29_CO,7,0.05290037393569946,0.34895037172660026,0.3444143533706665,0.14775703847408295,0.16798700392246246,0.167992502450943,0.167984738945961,0.19305652282025051,0.06864457607095811,0.15419542215021947,0.08804174063098925,0.22160213010739205,0.07628960294983075,0.15353761222504636,0.10029862126393434,0.26644771198935846,0.07687196070678909,0.18417287916400926,0.1461092623505289,0.3008794006665869,0.08786453788180335,0.2423498794249063,0.20411013498768635,0.3415559109340238,0.21242397056001178,0.30373047127724545,0.27745611818353594
2021-08-12_CO,2021-08-19_CO,7,0.09259158372879028,0.29238676966401167,0.2864567041397095,0.16253003478050232,0.22029529511928558,0.22029685974121094,0.22029758989810944,0.12209404857389822,0.10756181069083998,0.12521743527580323,0.1027160433118605,0.155635502489322,0.1246781117255853,0.14959968831051865,0.11014960379685508,0.20012157678810835,0.1377004535729493,0.19479021693839652,0.14828836536486775,0.26360414270500443,0.16303400814631974,0.23707381497931793,0.1811570489422595,0.2891210361072275,0.2646751699895029,0.26484390983447914,0.24691979213524692
2023-01-30_RD,2023-02-06_RD,7,0.1618967354297638,0.227611240471276,0.22085392475128174,0.1807848960161209,0.19367381930351257,0.18748654425144196,0.18746642768383026,0.17959173034067022,0.16646584250084223,0.16858890656031128,0.16320010373501712,0.18783595506999054,0.1666497071742104,0.17030470557418634,0.16834303439826206,0.20253982821080113,0.1777694612464736,0.17531662363836148,0.17519199671496466,0.21838664293273335,0.19165253052895193,0.18400247649039816,0.17958168369440877,0.22738224816667604,0.21294324063924255,0.20020844651614908,0.20935943192218862
2021-10-19_CO,2021-10-26_CO,7,0.1041952520608902,0.27795703250045734,0.27315080165863037,0.1831546574831009,0.22147412598133087,0.2214716523885727,0.2214728146791458,0.1717258679765577,0.11476911808996684,0.1520791559170625,0.13116856669182186,0.20048798283559166,0.11882517647348143,0.17173201419821904,0.14281374567867128,0.2125188498582696,0.11812774230169024,0.19617070685021273,0.16246294975217923,0.25184769048211286,0.13939607934376544,0.21340729697739408,0.1744628841604237,0.27695149245341427,0.23442331282686066,0.24744320562370684,0.20927616740251243
2023-02-06_RD,2023-02-13_RD,7,0.034170255064964294,0.2193722606288827,0.2149897813796997,0.1296868473291397,0.14551055431365967,0.1455928236246109,0.14576546847820282,0.14298640798552303,0.042823898786725156,0.044787897476639665,0.06629242154883332,0.17080589009244607,0.05143253551278287,0.05022199510222208,0.08894755069488365,0.1826301018868374,0.10325958948397104,0.07808611864058762,0.07608895952872793,0.19761052023098738,0.10704499595461991,0.11867344214012135,0.07889308767719025,0.21098238406843053,0.16718882513210345,0.2075247730945238,0.1407299437653708
2021-07-19_RD,2021-07-26_RD,7,0.18589064478874207,0.2850037481182208,0.2752482295036316,0.24262821674346924,0.2558296322822571,0.25634244084358215,0.2563536763191223,0.22943540504299514,0.20670466252790842,0.19643519984964544,0.20815629082580567,0.2557352777372065,0.19754263920136375,0.20889978539413173,0.21091832799325128,0.2577414807537083,0.1978294881714507,0.2295785426709032,0.23583143471232956,0.2675652155158056,0.24104027759375954,0.2299022443795812,0.24407220740661062,0.28358807367632255,0.282767472108617,0.24115405119063782,0.2570500819312727
2021-07-29_CO,2021-08-05_CO,7,-0.1526625007390976,0.22461479455836264,0.22046296298503876,0.047481805086135864,0.12047554552555084,0.12047357857227325,0.12047934532165527,-0.038776535677893215,-0.13001117828828385,-0.11806301655796186,-0.18016074846848248,0.0986987123184046,-0.07526493668535386,-0.1705117601016483,-0.11439428839332,0.13926667905351392,0.02924312620285391,-0.12692660008029188,-0.031446588396113244,0.18896043754617864,0.08168567726689749,-0.05274097631875266,0.009957490136563283,0.21491175286178388,0.17039074732212078,0.0830381290296201,0.13684834409239277
2022-03-07_CO,2022-03-14_CO,7,0.1261424571275711,0.22818989235418927,0.2235727608203888,0.14829815924167633,0.16418440639972687,0.16416242718696594,0.1641680747270584,0.17268399419768846,0.1331018850388839,0.17153863486393445,0.1483180940213967,0.1796281312508491,0.14709457668477022,0.1767411353454848,0.1598690581731748,0.21172069273213678,0.15548653721924266,0.20643762630873755,0.17188445392041884,0.222006593770287,0.17762765673815514,0.22127772915405,0.18442986918442697,0.22126635131689648,0.23188838895160443,0.22852369549002918,0.21306948681808766
2021-03-29_CO,2021-04-06_CO,7,0.1855398565530777,0.33923582335993163,0.3362424969673157,0.25637778639793396,0.2735266387462616,0.2734774351119995,0.27347666025161743,0.2362946070238749,0.21143935317298998,0.23405196336637288,0.2073393826911927,0.26511106197566386,0.21874237307998867,0.24489319535389556,0.2170307255414001,0.29749677952576004,0.22812451300796044,0.264385445908543,0.22992851996854202,0.31807486449634614,0.24183952714758644,0.3016323638595153,0.24337712206363538,0.32924112259617466,0.2814142385240364,0.3181780303185604,0.3026626603942653
2021-08-30_CO,2021-09-06_CO,7,0.03760223090648651,0.13205855193068888,0.12737126648426056,0.07694102823734283,0.09676510095596313,0.09674747288227081,0.09673431515693665,0.0730390153743555,0.07308205707985682,0.08515498387756706,0.07237932581758831,0.08066644690393987,0.08063391574551079,0.07645175696870618,0.07781772941890137,0.10809001179038483,0.09624200162936586,0.08873052380663099,0.0768137835298567,0.12473887230977604,0.07691454446464996,0.09779686150294217,0.08476480722898554,0.1315093373509746,0.1010024427164484,0.11857534105054737,0.10533357051112784
2021-09-17_RD,2021-10-15_RD,30,0.2546229362487793,0.3872649802680618,0.3822603225708008,0.32586783170700073,0.3485206365585327,0.34851598739624023,0.3485211133956909,0.28286270351113174,0.24411385672311509,0.27472285766564475,0.24976883081232915,0.312677931643882,0.24679519477885234,0.29480050461389545,0.25654743698807153,0.3548426711128499,0.26024942068877205,0.3168046623053817,0.2637989889875912,0.3757527192613159,0.27292404705685447,0.35127768054566655,0.2979867713498537,0.3833258330114845,0.35132613129180723,0.3747906763882838,0.3453632598851224
2022-03-28_CO,2022-04-27_CO,30,0.04178409278392792,0.21169889910637296,0.206690713763237,0.12655167281627655,0.13867022097110748,0.10908183455467224,0.10920506715774536,0.10928360039999191,0.08141621488519613,0.10575850539024334,0.09034527920403139,0.12548984642987746,0.08523389061179329,0.11526855764547361,0.11775782338409474,0.16566979062614276,0.10448581050257966,0.12038941593930338,0.1252232323184708,0.2003466159599192,0.10177538443977568,0.14526856829021623,0.14335718736113104,0.2156770596649085,0.12920741170773697,0.19373146006495567,0.18153101959550655
2023-05-02_RD,2023-06-06_RD,30,0.03829139471054077,0.2773949097019123,0.2755134105682373,0.13468247652053833,0.19704894721508026,0.19704219698905945,0.1970495879650116,0.17483891122168368,0.06980742646145274,0.1048622828805443,0.0836860638374173,0.19500588159089513,0.07576000295147672,0.11485951972869204,0.09991735027878901,0.2296105972220654,0.07809726046842713,0.12084371176251416,0.11410999511661812,0.24994287672090287,0.1244029081226341,0.14511739958982162,0.1680705789807757,0.2655081928248416,0.14740943741637602,0.2248853644844889,0.21170049647584968
2021-10-08_CO,2021-11-02_CO,30,-0.004256024956703186,0.22327292349464137,0.22005625069141388,0.12265421450138092,0.15937165915966034,0.15937961637973785,0.15938788652420044,0.07871139692605836,0.026918979929652392,0.04364956220986224,0.029478323354760194,0.12472992978402186,0.036437521393512334,0.06227954899224017,0.031339218109887344,0.15872189070572829,0.0642856683380861,0.08671185048825392,0.054361765832659115,0.1914955729058186,0.07408024834225554,0.12580509354608832,0.09714462966415476,0.22548322140490734,0.11528601670942559,0.18342427674759904,0.14322537164165805
2021-06-28_CO,2021-07-27_CO,30,0.14671121537685394,0.2976045272348803,0.2925550937652588,0.19972221553325653,0.2320718765258789,0.23205630481243134,0.23206111788749695,0.198745078397448,0.1634118978945038,0.1642892481968008,0.16267769490902476,0.22577391186284915,0.16801741530131023,0.19212776634741924,0.17708575492262338,0.2549048556649548,0.19576662541748602,0.21007242270001622,0.1836434355720432,0.27801282174782316,0.20722987773783805,0.24466982813322424,0.20201166222512904,0.29605006806128853,0.2635804349664333,0.27053744167818206,0.2605884095455066
2020-06-26_CO,2020-07-31_CO,30,-0.005528360605239868,0.20331157469059002,0.19828549027442932,0.07110372185707092,0.11732843518257141,0.11735692620277405,0.117347851395607,0.07420751859883237,-0.04419525070072902,0.012498393210483238,-0.0008082330224277826,0.126412695017488,-0.033008456679012005,0.025358641795749454,0.011549147723044939,0.15387987295688385,-0.021850216987722965,0.05426545185739992,0.0819246369243414,0.1880094346433631,0.033290511078790996,0.06339550820673656,0.06267356093717974,0.20275216291154002,0.17487085270008684,0.1410424772033198,0.1033475011790742
2022-03-14_CO,2022-04-11_CO,30,0.11607474088668823,0.257845967569324,0.252816379070282,0.16307620704174042,0.1925996094942093,0.19262205064296722,0.19262944161891937,0.11155023260675881,0.12572216710036643,0.1434912196220765,0.1210597196992081,0.12876294915232953,0.12462181351942583,0.1472360481732519,0.13139243749547833,0.1786332778524092,0.12671166621228375,0.17965642313394622,0.15121450210407755,0.22440467607561704,0.15513226062002325,0.21287191921407894,0.15658602723206844,0.24870441504647847,0.2365417321390192,0.2354083052644602,0.23072804437896147
2023-04-26_RD,2023-05-19_RD,30,0.04548102617263794,0.27756077822545466,0.27444204688072205,0.16437657177448273,0.19532988965511322,0.20583316683769226,0.20582084357738495,0.13536118648198364,0.07120313835955983,0.059906790634280976,0.07008313011135676,0.1957322661971035,0.07724847483326375,0.11696647231054974,0.09991161786521884,0.23048968019987276,0.09552796559129462,0.14167060249752944,0.10568976326526512,0.2663800314105378,0.11079355734954158,0.23889181974896,0.16951326383697615,0.27322612275311553,0.17067897283350122,0.27017194845379505,0.22191828598762708
2022-04-15_RD,2022-05-13_RD,30,0.19783645868301392,0.37263436913591685,0.3700718581676483,0.30387088656425476,0.3276549279689789,0.3322654664516449,0.3323138356208801,0.2624726522381975,0.217150241054148,0.274855636854477,0.24208819644555293,0.31648932229896787,0.22137516410258645,0.29596032661079164,0.2335389796877333,0.33737802455604526,0.24805283715433465,0.32416075715587983,0.2633302251054639,0.35151597764216214,0.25678714472343245,0.3411890375936402,0.27511442713426,0.36303613537288904,0.33833152822897383,0.35873354401415963,0.3372959463970618
2021-08-25_RD,2021-09-17_RD,30,0.05868740379810333,0.30692972348700087,0.30313020944595337,0.12662261724472046,0.17807383835315704,0.18369443714618683,0.18375572562217712,0.14684101097575758,0.07685387569625274,0.14167246261837374,0.09022145478447131,0.18309017487420418,0.07906371130045772,0.1603239957858525,0.12061671120199687,0.25259786379208704,0.08167404673326825,0.1807324243781747,0.1403338583261118,0.2858693124750502,0.13436951200421157,0.2339342359719799,0.18539834898236487,0.2974185107932501,0.22619363546287014,0.2654730029857193,0.222363528779711
2020-08-11_RD,2020-09-04_RD,30,0.16756543517112732,0.30980540637182774,0.30548059940338135,0.21411451697349548,0.2566656172275543,0.2566947340965271,0.25669074058532715,0.19830788787349962,0.1716061672805001,0.17197211319290442,0.18399988758536648,0.22770729118072727,0.1923856382741122,0.19927099283146643,0.19555891410685108,0.26532186328468665,0.2084928709738842,0.2085515747062438,0.21030240617564752,0.287900177628018,0.23475842780844453,0.23900713529028042,0.2202406555708225,0.30925503359065454,0.24410270940461953,0.2701292898883306,0.2654120380311203
2021-05-18_CO,2021-06-15_CO,30,0.0038479119539260864,0.25864062267557497,0.2492845505475998,0.11458799242973328,0.16569606959819794,0.1657457947731018,0.16574327647686005,0.09911473020752937,0.07273699957424978,0.06526107932248315,0.0431153525967659,0.14758929933477957,0.08568616071510998,0.09378829207383135,0.05738592744151554,0.18514863206694693,0.09111666316788622,0.14557924699191746,0.0577775718696083,0.20898490397050082,0.139145636882772,0.17230848358098194,0.12809545796154942,0.24899193984512275,0.19790387339606394,0.21296584149859202,0.20727949872248572
2021-10-19_CO,2021-11-16_CO,30,0.026822954416275024,0.223745270035376,0.22020511329174042,0.1161794364452362,0.15005935728549957,0.15005968511104584,0.15005870163440704,0.12197682988615174,0.02902277725956992,0.07318633149234541,0.06056316459125044,0.13991849286342373,0.03996225516871829,0.09140437558480319,0.06065025350516531,0.15291043407625493,0.04272918890723876,0.1429317546226784,0.0869659317424713,0.20695819388529427,0.07660953330780301,0.17420498159068207,0.13226776940770998,0.21819375138093278,0.2102435057711002,0.2050311057351882,0.17209883217147737
2022-04-21_RD,2022-05-23_RD,30,0.04324309527873993,0.3462267856069169,0.339748740196228,0.21963909268379211,0.21520090103149414,0.24091751873493195,0.2408914715051651,0.23287307656661377,0.10661070591691274,0.11038392533591432,0.13854815800522305,0.26138378877030755,0.11021371520973108,0.11033526525848605,0.17532942123906325,0.29711948752744244,0.21602626448303783,0.20082732516925816,0.2222436378992284,0.3270494539016409,0.27603359454249426,0.29200279451800154,0.25961913595443326,0.3393010267521765,0.32983196601173137,0.3197297269136299,0.30591037055064535
2022-03-07_CO,2022-04-04_CO,30,3.378093242645264e-05,0.2139444925468463,0.21184951066970825,0.0746515691280365,0.10361593961715698,0.1036045104265213,0.10361115634441376,0.046521517618479086,0.012564165384454512,0.05112901188059288,0.0073002533341851765,0.08365154960126134,0.017478062124989258,0.06964311328231801,0.014940116037079324,0.14772593543298454,0.02032472207718866,0.1080666074012121,0.05137930103533189,0.19119037882756398,0.05625121256971499,0.15134161199557333,0.09478620800822869,0.213439526291768,0.18451835217314153,0.20123587638464965,0.15769156525991201
2022-07-18_CO,2022-08-22_CO,30,0.20621998608112335,0.3203865342948513,0.31555309891700745,0.2624933123588562,0.2821510434150696,0.28216224908828735,0.28215283155441284,0.26203060493062,0.2204408441909443,0.25253734426260366,0.22474178953668367,0.2673178556042576,0.2500764015579501,0.2553407509593787,0.22811962881861605,0.28718370504039226,0.25009518428355415,0.2641993248136323,0.24106453317515278,0.300983598904962,0.25915720343868565,0.26460087711339186,0.2471348347112927,0.32223370551754515,0.28466326514606377,0.3016131831730513,0.28842546663492646
2022-09-09_CO,2022-10-10_CO,30,0.20719382166862488,0.3237722421840043,0.3173416554927826,0.26340317726135254,0.2802988886833191,0.2802995443344116,0.28030386567115784,0.2596876274028873,0.2156311062659157,0.21258371080595462,0.21718993229163117,0.28476222999179285,0.22521232374445238,0.2248596105218964,0.22910927624274746,0.2995644464158594,0.2242884916397121,0.24048790615026572,0.22911787800467598,0.3049389728944219,0.23367553839436603,0.2607949787782424,0.24422202108200505,0.31426834626421807,0.2568932780411176,0.30110867778537753,0.29304458162116803
2021-03-29_CO,2021-05-03_CO,30,-0.07596726715564728,0.32389015367402396,0.32038623094558716,0.16171729564666748,0.20206180214881897,0.20203915238380432,0.20208203792572021,0.1557984562880203,0.06729442689012138,-0.01609648475121564,-0.030258675242078703,0.1772942028306677,0.06986270238854528,0.17790069680090542,-0.0033339366614401345,0.22451752447522655,0.08079053554519863,0.21944739810429684,0.050303289595184895,0.26489025258950305,0.11978302329760854,0.2589718495605235,0.10950337966896097,0.30941445375564325,0.2510769105866868,0.2941414865810543,0.25370420200237476
2021-07-20_CO,2021-08-19_CO,30,-0.1882258653640747,0.2923789982789168,0.2864567041397095,-0.002402588725090027,0.09082180261611938,0.09084376692771912,0.09087106585502625,-0.01501533400739452,-0.13303328555898775,-0.14819504772941655,-0.17127349915542558,0.1343178746950976,-0.08293144801118985,0.0014571710167731733,-0.12200581005553068,0.20577802626172736,-0.04428051901869817,0.14069544051143293,-0.04852745897450552,0.2577402276661229,0.0011242853209839643,0.20935635418998813,0.057598984096384365,0.2878929370516451,0.28692341953003553,0.276600753106873,0.16645867331374536
2022-01-20_CO,2022-02-25_CO,30,0.03369307518005371,0.2813663923370652,0.27839046716690063,0.1435198038816452,0.18630075454711914,0.18626731634140015,0.1862788051366806,0.09611205382779128,0.052623979013342786,0.06776883615641857,0.051930212224958784,0.18001375268523512,0.06632791790749179,0.09029104732887236,0.0834342352420765,0.23339436745648473,0.12472644575775027,0.1726023013864085,0.08729698088646122,0.2546937692994829,0.16114129794484305,0.2107878273216508,0.14828190772317276,0.2748416926574472,0.2555201476896415,0.2760495669462333,0.2110907916272454
2022-09-30_RD,2022-11-01_RD,30,0.24512971937656403,0.3554836180096216,0.3511250615119934,0.3040907382965088,0.3151240348815918,0.3155083656311035,0.31552445888519287,0.2885773850646268,0.2542656473916717,0.2542656473916717,0.24687992018737573,0.30675795851110327,0.2530615264520344,0.2571813322404728,0.25253848257837713,0.32985394752497776,0.2536600978216865,0.27332915464411034,0.25813607132325717,0.3411875701424649,0.2701547797074242,0.32197056339128827,0.28104732741638755,0.34917036204912943,0.32175890625953113,0.33893767484188975,0.31588366884175306
2021-10-15_CO,2021-11-12_CO,30,0.1324853152036667,0.2548877929452841,0.2502082884311676,0.19497205317020416,0.2230609953403473,0.2255585938692093,0.22554448246955872,0.17229419892857623,0.15715154052979716,0.15913585582313955,0.1499082834386394,0.18797869012621854,0.16319444068885863,0.1643130413384195,0.15719021264472377,0.22306823618626778,0.1703461451961546,0.17246193671595092,0.17449458494029946,0.23914579296654737,0.17467073722605636,0.2000365114877455,0.19565932360335037,0.2524082240392751,0.20029770992393522,0.23848697551296194,0.23108778851066536
2022-06-13_CO,2022-07-18_CO,30,0.2291618436574936,0.3283639665630327,0.32139837741851807,0.25808247923851013,0.2745174765586853,0.2744959592819214,0.2745046615600586,0.27931880310214496,0.24964057580468915,0.2467175336836895,0.2524218352988115,0.29161387728397536,0.25252140230771675,0.2503586690825863,0.25395187149766096,0.3138726555561848,0.2539672681049858,0.2614406215759269,0.2686671144740003,0.3187732001000998,0.25346534704533735,0.2644513604003139,0.2825395467304012,0.3267398511018258,0.27762370765539746,0.2794448133241558,0.30283340887714716
2023-02-24_RD,2023-03-28_RD,30,0.07535237073898315,0.31019640638375623,0.3068050444126129,0.1768566519021988,0.2276538610458374,0.225357323884964,0.22532200813293457,0.1300687881399436,0.08274820247107875,0.12882750201293555,0.09976631978048223,0.19560224853279728,0.08638340708179174,0.1464606889310664,0.10045628676656364,0.2680652368966907,0.13099040553447625,0.16099174953578047,0.13520946170502526,0.29683995077322606,0.128033007213314,0.23929387433745586,0.18735768281597567,0.3091498743298807,0.16392944383127683,0.28983961626053134,0.2617336785805889
2021-07-29_CO,2021-08-27_CO,30,-0.04513178765773773,0.2589296375167046,0.2562345266342163,0.08229158818721771,0.1728670448064804,0.17287234961986542,0.17286336421966553,0.011086845591256417,0.0035148433104691956,-0.02822083118408994,-0.007189681190684379,0.09113193319432458,0.007441329725080464,-0.021580046021998534,-0.015917126087774486,0.17855019807517333,0.01739117002696608,-0.0004435512894382654,0.023390989343622003,0.2272229271213527,0.05562419199625815,0.01316516195649095,0.04679209251858551,0.2520687606474413,0.12381786295435995,0.13422060563550514,0.19100644319629004
2023-03-28_RD,2023-04-26_RD,30,0.039590686559677124,0.27140540197902246,0.2675650119781494,0.20621468126773834,0.22660239040851593,0.20322106778621674,0.20316076278686523,0.1753835658810542,0.04405168219227537,0.050655718731351634,0.050053652431996144,0.21469748201186767,0.054800776169060095,0.06936449106642492,0.10332404847075927,0.2482244213869356,0.07798024442916507,0.1186756242446346,0.10015947478646965,0.26005635152130496,0.181547325925501,0.2595130687607188,0.1652304139879136,0.2663869209417613,0.2056206905660165,0.26331898127202635,0.22510511566371272
2021-10-05_CO,2021-11-02_CO,30,-0.04283268749713898,0.22172737567598091,0.22005625069141388,0.048778340220451355,0.10461844503879547,0.10462698340415955,0.10462567210197449,0.0463878008386526,-0.03416242352096063,-0.012270811436193824,-0.01983303368648053,0.10585470625692309,-0.03728388736374416,-0.007572057972431184,-0.004186468267304862,0.15875560229212624,-0.03177084992603804,-0.010252043008145834,0.024331191541750247,0.20374047195169215,-0.023920855480012798,0.05583518890580702,0.04151779619168767,0.22432631812753348,0.04364655349500282,0.13618600047169582,0.1308456116421163
2021-07-21_RD,2021-08-18_RD,30,-0.24204984307289124,0.3069176278700366,0.30240732431411743,-0.01774720847606659,0.12712542712688446,0.12196426093578339,0.12195076048374176,-0.03929586941849794,-0.17191285624159242,-0.14578763326261485,-0.17768555512593645,0.10405235921683106,-0.06542546655638395,0.044855348385776206,-0.17314179858707376,0.16652781192007687,0.012731362945312213,0.09986801783466467,-0.07706236248194906,0.2188270431132275,0.10074567424410424,0.20463198798419874,-0.01678603248928805,0.2861441742625289,0.25346164837153096,0.25426024686756765,0.20267248385982062
2020-10-23_CO,2020-11-16_CO,30,0.13736207783222198,0.3692448537529617,0.3626140356063843,0.21268460154533386,0.25613945722579956,0.2561389207839966,0.2561362385749817,0.17136532673692567,0.14835507362063188,0.17185748988665114,0.15002633292439696,0.19822364891702787,0.14658251916049758,0.18015125295384854,0.16832426767817074,0.27331579354277,0.1684910020178864,0.2229469422870094,0.19539101177470042,0.3238749873885271,0.2115594868602259,0.2566088858732879,0.21690594928001092,0.363096394668636,0.3243213410268714,0.32828753967647895,0.29958257876368616
2021-10-25_CO,2021-11-23_CO,30,0.14297355711460114,0.18693786713497576,0.18095088005065918,0.14113037288188934,0.15499822795391083,0.15500156581401825,0.1550145298242569,0.12721350409515048,0.1056604830240733,0.11985907282280267,0.11472951163456975,0.13920006275932864,0.10922809933886835,0.12308388008079618,0.12367329626354036,0.15772324726124212,0.1120967909018998,0.1378498079654662,0.12826730923112115,0.17883435419321528,0.11755171141795684,0.14580817145974995,0.14019190503328927,0.17922845131463191,0.16784426210826814,0.1790293806802966,0.1646237001862055
2021-07-30_CO,2021-11-29_CO,120,0.07297144830226898,0.3515598107432051,0.3444143533706665,0.16612663865089417,0.22556941211223602,0.22555506229400635,0.2255469709634781,0.17134378281175827,0.09792008804124591,0.10650658555557618,0.09147161555367857,0.23436033551469412,0.10367828109546037,0.12934885689783152,0.12320734374169452,0.284448601187686,0.14390739488486115,0.19602970120828572,0.1377967292060471,0.32577090536896364,0.16429914581553473,0.29463940663831517,0.1752437768242264,0.3442008589802442,0.3101073896500972,0.3189179195733855,0.28736903105671874
2021-08-05_CO,2021-11-29_CO,120,-0.1042356789112091,0.3514530016617916,0.3444143533706665,0.04937008023262024,0.14027391374111176,0.14029376208782196,0.14030398428440094,0.06162395591728426,-0.07514639754322783,-0.025715281549549662,-0.05873757747442102,0.15620318820249063,-0.009671493312804452,0.08048954867296479,-0.03237316018965913,0.26558256490141785,0.003614079185832758,0.13786558963190318,0.030354303948277983,0.31310553587554857,0.10480243671274336,0.18890628897692005,0.1475127691741255,0.3417146815307882,0.31217537534883755,0.337635172024066,0.225189194715989
2022-04-06_RD,2022-08-05_RD,120,0.17591434717178345,0.36412938777560017,0.3604070544242859,0.23864291608333588,0.2806280851364136,0.30065399408340454,0.3006817102432251,0.23763143164855788,0.1962456315971982,0.20445614901388,0.20485740587677304,0.28432304523138596,0.22378851202111164,0.23887496494180657,0.21027023407347512,0.3280935008057624,0.24535058151298011,0.2683336291436377,0.22318510208377318,0.35836195755607403,0.3005182213931452,0.30293336086137723,0.2737174021951021,0.3635418400410172,0.35097955129974545,0.3522363948754094,0.322720135690661
2021-07-21_RD,2021-10-29_RD,120,0.07824908196926117,0.3780125263281705,0.3746337294578552,0.19758716225624084,0.24125410616397858,0.2469697743654251,0.2469492256641388,0.16890350759887093,0.12279571084663363,0.1206107192253317,0.09545416542527561,0.18720371581653228,0.13303100142919952,0.1308497648470122,0.11014751285961018,0.23708318756419267,0.20064691182360092,0.17145315716084267,0.13317211236766846,0.32224232659522134,0.27741693814256674,0.2154384927190495,0.19078752246291245,0.36228532715454465,0.36192694001109216,0.31460934638677895,0.311441378571114
2021-08-27_CO,2021-12-15_CO,120,-0.07228431105613708,0.2002947951610887,0.19640228152275085,0.025281935930252075,0.08584171533584595,0.08823037147521973,0.08821316063404083,-0.019357432756407694,-0.033260262415742176,-0.03378604189161122,-0.03689627694910969,0.03422151994144362,-0.011366865245192398,-0.031158048353639584,-0.03453257450168779,0.09393233592680192,0.01215301061223864,0.005642732322808847,0.019319943622930214,0.17051378021541616,0.01235031922217908,0.03626500768322155,0.021167360327822154,0.19198858820207845,0.05798750620115034,0.11066632553852065,0.12280780475259441
2022-04-15_RD,2022-08-11_RD,120,0.07647806406021118,0.3572091620713863,0.3527393937110901,0.24028779566287994,0.2877883315086365,0.2917768955230713,0.29176396131515503,0.20314524038477538,0.10106634592181529,0.12417372553464032,0.1323705932910867,0.250954105024495,0.15907057954164477,0.2052043215140316,0.14874745881349644,0.3005607072644509,0.19069740344574798,0.24716992458351558,0.15023202413540496,0.3291593432383767,0.3087593341871341,0.27641666537698906,0.2016646481310629,0.3549877315413462,0.3423766074876794,0.3352661442084267,0.2969009278129125
2020-07-31_CO,2020-12-03_CO,120,0.05005091428756714,0.3010152531424478,0.29571056365966797,0.15884070098400116,0.19912004470825195,0.19910269975662231,0.1929791420698166,0.11165924999146956,0.06495447208815333,0.0528327592084577,0.05853719839142708,0.15298331115168848,0.0801008635109069,0.054407352287447,0.09119348177775644,0.21943318132393938,0.085909653946811,0.07275969766249946,0.10245815622985016,0.2675726071229587,0.14171384272950488,0.14347547212063938,0.16410091826588072,0.29121026976338105,0.18899240496834874,0.22130386853894995,0.22256812287907124
2022-08-10_RD,2022-11-09_RD,120,0.11578226089477539,0.3325533942243264,0.3294336199760437,0.2513376474380493,0.27762579917907715,0.2809392809867859,0.2809543013572693,0.24645189711606338,0.20932109109825275,0.24671791698485995,0.15980319971236848,0.26293796305500594,0.21181053607061254,0.2573193543424507,0.15461948369238784,0.2921087811462949,0.22729823707632463,0.2883575363336035,0.18663101445730987,0.3173358857006745,0.27279833578305057,0.3079622607033908,0.23683685092003692,0.33364422511826464,0.31588188315983895,0.32643464938555433,0.271975819655297
2021-10-05_CO,2022-01-31_CO,120,-0.12515565752983093,0.2823472767499927,0.27532854676246643,-0.08290334045886993,-0.014150023460388184,-0.01412782073020935,-0.014104962348937988,-0.02554752896909504,-0.12635364780909547,-0.08161585053041354,-0.09241364191101341,0.0789823724443364,-0.12318050606960512,-0.07093751538509721,-0.08728027573020154,0.13996646186227965,-0.12023008089144954,0.011929283409262581,-0.0021293171908067046,0.24639315727065458,-0.09376723220092748,0.06638522135081104,0.07447983573797391,0.27419215517691375,0.03860148346840922,0.19108934821319754,0.17328588153336275
2023-03-13_RD,2023-06-22_RD,120,0.039275139570236206,0.3057185455210735,0.3046796917915344,0.2080690860748291,0.23973877727985382,0.23974372446537018,0.23842257261276245,0.1830394972723692,0.11670945954743661,0.12485037640684651,0.12145094558398935,0.22952431405210555,0.12501385163051362,0.15025229378253477,0.1373139010936524,0.25044148696544966,0.13140670694266893,0.1804641032969078,0.1528562998069665,0.2784454957914457,0.1371573032456768,0.25149242418583223,0.19470768992490436,0.29903328767125537,0.21941101480478573,0.2796273904694373,0.2632955521418292
2022-07-18_CO,2022-11-07_CO,120,0.10625728964805603,0.28847592259761495,0.28382328152656555,0.1898421198129654,0.2213270664215088,0.22133660316467285,0.2213272750377655,0.1827292637348838,0.11192196601096574,0.14546070474986383,0.12086635434954314,0.20873408679563082,0.11303646804345707,0.17237708429336804,0.12305950143061473,0.23955066339065323,0.12916202730824478,0.19637502340876564,0.150863792529389,0.2772816065660931,0.1728119267268987,0.1985521013628191,0.18030036215677692,0.2878638331207266,0.24403048660287174,0.2756013432249781,0.24327717618567335
2021-08-12_CO,2021-12-15_CO,120,-0.023175716400146484,0.20085377309865463,0.19640228152275085,0.06830404698848724,0.10417954623699188,0.104183629155159,0.1041632741689682,0.03619492550683942,-0.00721720840446588,0.037868889625584684,-0.007345623962032292,0.06819964657056304,0.021764923101943168,0.06394508758716294,-0.001760847495130215,0.11916807422998865,0.04266057638559825,0.10033897240733808,0.04055075562665061,0.17763490811492022,0.0627314415479282,0.14487777787355166,0.057561522631083405,0.19092778404802285,0.13935785983547752,0.19481479440689875,0.13879831148348498
2021-08-30_CO,2021-12-15_CO,120,-0.023859471082687378,0.2001571396424001,0.19640228152275085,0.06926125288009644,0.10382933914661407,0.10382157564163208,0.10381478071212769,0.04734006227571516,-0.010745397245119859,0.002477615277618056,-0.008298996495662079,0.0911409566262775,-0.011250419585153687,0.04033693487099907,0.020272846595863498,0.12873524045453516,-0.008286120768736582,0.10073490850722927,0.008171256664091428,0.17714274679309067,0.012028764338959136,0.15116639570027893,0.06569079477863851,0.1988747240493122,0.05725186770095664,0.18193884763504914,0.1387645853825756
2022-02-03_RD,2022-06-02_RD,120,-0.041715219616889954,0.3265900178366747,0.3214764893054962,0.13727086782455444,0.20412352681159973,0.2468520998954773,0.2468569278717041,0.08275331106810443,-0.009186830615201508,0.05126326043081966,-0.0017236882373039646,0.19133607271777114,0.07376292078602348,0.07578801552199046,0.032899758849649526,0.28079053660054454,0.15008046536149186,0.18508192744206695,0.07615039182050208,0.3207847095592494,0.2886091657958,0.2589189271291283,0.1727160911161936,0.32646375846309794,0.32099427973823746,0.31723236420372225,0.19552249601960445
2021-09-17_RD,2022-01-19_RD,120,0.009823530912399292,0.33203646486196603,0.3311500549316406,0.12125591933727264,0.15654993057250977,0.1793152093887329,0.179317906498909,0.10200494000272212,0.04851317774122535,0.07671232947414625,0.05190553747687337,0.17693001096981828,0.08862711856165029,0.1037655817578137,0.04524307249548749,0.21096706151656217,0.1443607688683412,0.1475736644298846,0.08730478664252787,0.274986886693503,0.18439180612813677,0.18045617234071734,0.13948594214613755,0.31888680060443547,0.28447003385365865,0.23035214175214624,0.26012524467677034
2022-06-13_CO,2022-10-10_CO,120,0.15495328605175018,0.3219782201352159,0.3173416554927826,0.2552950382232666,0.2741345167160034,0.2741367220878601,0.2741420567035675,0.24769429158550788,0.16349596922198656,0.1632312634739826,0.17601220152062666,0.27263381192191183,0.2088444046872855,0.16315681301956353,0.2134557108573941,0.2939934281531187,0.2109641344629956,0.22944854143566284,0.22903629219049818,0.3120815689070554,0.21506035959673148,0.2712029819910984,0.22934562856682628,0.3210863001432358,0.28302792776209834,0.30198668926486294,0.2987742107326639
2023-02-24_RD,2023-06-22_RD,120,0.050746530294418335,0.30577833480621364,0.3046796917915344,0.191166490316391,0.21785447001457214,0.19903254508972168,0.19905993342399597,0.12951569198539048,0.11090878775434865,0.11984443952527746,0.12083745276963358,0.16647385116507243,0.14410495862752776,0.1717999605450684,0.13781649987810732,0.2341790667021083,0.16919443946023988,0.21080847748997156,0.16887053972492713,0.2810533656626053,0.2150893554924422,0.24845988131420554,0.185890029057702,0.300184281476481,0.24963046652940615,0.28024387091708525,0.2570532342775876
2022-09-09_CO,2022-12-09_CO,120,0.1144409030675888,0.2697827625136313,0.26583996415138245,0.1944277435541153,0.20094604790210724,0.20096248388290405,0.20097503066062927,0.1562769549572487,0.12640887568230222,0.1260413130457874,0.13232973603935524,0.19363588372200496,0.15480772677603183,0.15272622607343067,0.13222427708550852,0.22303651301041164,0.15792859612317,0.16198726553601292,0.1525457787569993,0.24504089634823764,0.17019209003996646,0.18890964992817152,0.17969100037654542,0.2681169919883444,0.19848758172932335,0.2521478986407668,0.23728990743996548
2022-02-09_RD,2022-06-02_RD,120,-0.1690937876701355,0.3250505479775345,0.3214764893054962,0.11554120481014252,0.17482160031795502,0.22460392117500305,0.2245919108390808,0.07950316894733478,-0.11926268359066011,-0.09766795429570638,-0.11773307352911784,0.15831486976584316,0.06115092385949328,0.04380344267695466,-0.04151842034333832,0.21097391165801624,0.12117855409244119,0.1429267378924343,0.02327869347297354,0.2678903215611933,0.16684181496190398,0.18343283389347242,0.10569983854545024,0.31923450728649516,0.2702903007586286,0.29021992004092656,0.2234023290688848
2020-02-24_CO,2020-06-26_CO,120,-0.047518566250801086,0.1891904844376906,0.18396982550621033,0.07756400108337402,0.12015607953071594,0.12013308703899384,0.1201259046792984,0.02463893379932386,-0.03677721570063372,-0.0022303697005538192,-0.023610542783076994,0.05437137411156645,-0.022912109882216536,0.03455675368039898,0.006797763038419853,0.1340007429361322,0.011661924300560678,0.055513055866342864,0.03095156960659341,0.16786629357032185,0.058826235343878014,0.0776398119487566,0.05807042966284911,0.18295813777659076,0.16162653579298553,0.13359053328116355,0.13756478464681252
2023-01-30_RD,2023-06-06_RD,120,-0.03180457651615143,0.27936570603820965,0.2755134105682373,0.14045487344264984,0.18539366126060486,0.1854040026664734,0.18540962040424347,0.12675517530039182,-0.007947689083106169,0.010831437408958283,0.026611850527967846,0.16644471713423128,-0.00600419513687056,0.040378868929466294,0.04347638289703227,0.23083277612213357,0.06563885129573074,0.06798170968202491,0.02984966897319973,0.2609009925977088,0.09497580794019786,0.14454633508097878,0.14070578941177034,0.2703668356144367,0.18431621912231455,0.21961832838170328,0.2172871292369787
2022-04-15_CO,2022-08-10_CO,120,0.016941413283348083,0.29140971785587355,0.2878371775150299,0.18642111122608185,0.21970942616462708,0.2197238802909851,0.21972832083702087,0.17675616226070656,0.14515927072945156,0.04927573032706081,0.0894311108398611,0.2220917815473745,0.1670786896968797,0.08578914560382428,0.11064618173791517,0.2528549711147343,0.19776235791402633,0.10112797905544932,0.12212528806859309,0.27636723262603446,0.2663694451398303,0.25470405363654136,0.17711567049854507,0.28705854532361097,0.29179795525120567,0.26457562129341716,0.20481737091443422
2020-02-05_CO,2020-06-26_CO,120,-0.16694945096969604,0.18762680533827283,0.18396982550621033,-0.007226705551147461,0.08302251994609833,0.08302885293960571,0.08302891254425049,-0.024725444024733895,-0.1371900876292386,-0.11039331679780431,-0.08110396386992784,0.03230730859849912,-0.12554937785335574,-0.004208119327196752,-0.030110197555698003,0.108760780847486,-0.08647437164899863,0.05389412661357215,-0.036218861326009405,0.14911784668954817,0.029180012274160366,0.10318826932234201,0.05375441253755662,0.18028310252624408,0.1609786141570239,0.16533299713379568,0.10838021219831002
2021-11-29_CO,2022-03-28_CO,120,-0.03807272017002106,0.22312868551098672,0.2163131684064865,0.11134925484657288,0.13581940531730652,0.14248348772525787,0.1424873173236847,0.0811743785381708,-0.043820549048339735,0.06596447657504065,0.0014385814341203544,0.12354757689361778,-0.03816744640683897,0.07734367587689445,-0.02935003308124104,0.1445848213760817,-0.03025823290338636,0.09741372944577661,0.061476511627821105,0.17374272162563378,-0.02317802061538221,0.10218858038304279,0.06117296401679956,0.20210361143014705,0.15500222094406732,0.1450890087275223,0.1519863041982835
2020-12-04_CO,2021-04-02_CO,120,-0.1677258014678955,0.20285320476621793,0.1930997222661972,-0.04600308835506439,0.04449187219142914,0.04448588192462921,0.04450468719005585,-0.069178293224996,-0.050520819740216716,-0.09752481147630562,-0.11021427526094352,-0.026762123146969435,-0.04538884328077589,-0.08914910998236086,-0.0725680515063558,0.046734090046062965,-0.02179285922868443,-0.05779360645566217,-0.02712743208164557,0.12981344319468097,0.02532427513921262,0.05070321570380823,0.010679460825988132,0.19298014919561984,0.1552901708222844,0.12280866419589859,0.08491807848756855
2020-02-11_CO,2020-06-26_CO,120,-0.13817574083805084,0.1866754701457115,0.18396982550621033,0.024530962109565735,0.10708294808864594,0.10709626972675323,0.10706976056098938,0.002745613281467857,-0.07273061064173014,-0.012053630444019331,-0.0657081754359106,0.05901341505718907,-0.04142008523723012,0.017129321872655007,-0.024220981582938967,0.10145750503169645,0.017060667144213643,0.06874739933184329,-0.019474308243705617,0.15525944704131897,0.08044083266134872,0.12162276885456297,0.03601586878173591,0.18501455736809386,0.17281267523015584,0.1462348859462272,0.10593129492805013
2022-06-01_RD,2022-09-30_RD,120,0.11053010821342468,0.3612915880251065,0.3539573550224304,0.23516231775283813,0.2974141836166382,0.2974853813648224,0.29751503467559814,0.2421425152001626,0.11904346947646294,0.11904346947646285,0.14664469275948142,0.2655337137398554,0.16817458040152536,0.15797877311029745,0.15980869814195206,0.2978378359175984,0.1765038307777607,0.21651181178364354,0.1829071217243877,0.3348941717120388,0.2201325816417065,0.29009818431527357,0.2485065516530978,0.3585916725459987,0.33974198442708414,0.33789987426629986,0.27165699022003575
2022-03-14_CO,2022-07-18_CO,120,0.12773394584655762,0.3296624600349076,0.32139837741851807,0.2141627073287964,0.24875707924365997,0.24875488877296448,0.24876300990581512,0.2076594618364898,0.135239856201688,0.15132613306677928,0.13352523046143924,0.23412437016497073,0.1370827098631979,0.16563300428890917,0.1539879730789023,0.27694779511244805,0.1368935634960283,0.17054967314214856,0.17371328849178172,0.29681687572581206,0.1375378248817209,0.2193186474575097,0.20316340491482862,0.31145164522683666,0.2329341210495522,0.316825216851116,0.27551413979332623
2020-10-23_CO,2021-02-23_CO,120,0.008035510778427124,0.24220545936654125,0.23913384974002838,0.10985611379146576,0.15362459421157837,0.15366671979427338,0.1536640226840973,0.09735396846485408,0.03275425167882082,0.0703377607030175,0.045903284101585146,0.14273795057531344,0.03823076455395155,0.07988870182962057,0.04850112145063889,0.17854617370454415,0.04780899953392409,0.0746243367838042,0.07494827935971173,0.21065503153482504,0.051644018689924104,0.11783761830084594,0.13069962792447043,0.237487165901878,0.21197434052116637,0.16434770177846994,0.18122565457134587
2022-01-20_CO,2022-05-13_CO,120,0.11034426093101501,0.2895595315399901,0.2827601432800293,0.17874479293823242,0.22796028852462769,0.22830389440059662,0.2283223420381546,0.17468619991156692,0.13536044525178473,0.13869611176116248,0.14442572280804222,0.18096344078457416,0.14014689723627016,0.1737028131919663,0.14601058748546414,0.22632943394823074,0.16724212949342251,0.2014086958226108,0.16782666869275062,0.270184778580993,0.21855028302965768,0.21940769306201552,0.18821041078618575,0.28612242147892664,0.2693519608518168,0.27576907797433864,0.2344397912253793
2021-07-30_CO,2022-11-07_CO,480,-0.12632565200328827,0.28867428339958356,0.28382328152656555,0.016343101859092712,0.13754373788833618,0.1376752406358719,0.13761867582798004,0.10789657199142577,-0.1390643674783941,-0.11884755429339403,-0.09777122194140146,0.17673539067750277,-0.14252238835638714,-0.10238458352787111,-0.1081210500596937,0.23161356831020838,-0.1421509872182413,-0.010331462408842945,-0.02708548264959129,0.27412487989625,-0.1361299778598385,0.17395367263086195,0.032859821085535666,0.2866049120992572,0.1657177810674015,0.25033861906778765,0.14346417392196445
2020-08-11_RD,2021-10-29_RD,480,0.03514030575752258,0.3785136201917767,0.3746337294578552,0.15631072223186493,0.21360041201114655,0.21359942853450775,0.21364419162273407,0.1479882172978963,0.06970718475819365,0.07128263992774908,0.08098133949375955,0.23232282070088903,0.10483806571334756,0.098707628109372,0.09301120139688861,0.2800863200331341,0.1373912268355811,0.17096907262183147,0.14483678783052115,0.33597121531480767,0.22643748914019016,0.2438811978909421,0.18830102758813064,0.3752262083729839,0.3601407339850474,0.2906169966618922,0.3028530773626103
2020-08-08_RD,2021-10-29_RD,480,0.04440063238143921,0.3781207970329842,0.3746337294578552,0.1606229692697525,0.22781778872013092,0.2278415560722351,0.22780930995941162,0.15054070133239725,0.06564474769356735,0.07624145552178246,0.05953273236348855,0.21938939306927613,0.07855328054767369,0.12392870507111495,0.07614748990362903,0.2643030297792154,0.14189492138291657,0.1552284916583762,0.11223193054648921,0.3307467389296007,0.21007241134645743,0.23785689444614425,0.165635740901227,0.36709099719359195,0.30841087202625656,0.30510239818827145,0.3109380126393935
2021-11-23_CO,2022-12-09_CO,480,0.02350081503391266,0.26788272851455297,0.26583996415138245,0.12078036367893219,0.16203539073467255,0.16759853065013885,0.16757863759994507,0.11589689236713144,0.041382371418701214,0.042619481687705435,0.06609899376082731,0.12381667343219255,0.040777686323775875,0.052831498548793515,0.06110277499672176,0.17547922991663012,0.0580642325408155,0.0985834288922498,0.08694747240789025,0.21915354558507547,0.07614754005007571,0.1594027999215226,0.13351617962408227,0.2563632096257147,0.14227433765339223,0.21659028052634893,0.19443275052732079
2020-02-04_CO,2021-06-01_CO,480,-0.23090094327926636,0.28879797965651266,0.2877318859100342,0.00363999605178833,0.08777923882007599,0.08776730298995972,0.08775122463703156,0.029110115732126185,-0.1726554728813795,-0.11405184238114119,-0.11960450938276011,0.11923498392992316,-0.11574420857908752,-0.025946305598697428,-0.07827803870279505,0.19865954004896744,-0.030097218380117252,0.08031925268314077,-0.04137488579381381,0.2545558229152803,0.06700790721277511,0.1259893086460922,0.08321114548697864,0.27415329657279386,0.14703138386207268,0.20350874317791628,0.1812937161226855
2021-07-29_CO,2022-11-07_CO,480,-0.16639578342437744,0.28874155124904116,0.28382328152656555,-0.01991771161556244,0.1478097140789032,0.14784620702266693,0.14787401258945465,0.06427754907135072,-0.1693226174932992,-0.16095009083700187,-0.13661496761879907,0.16120977215182206,-0.16984355057822875,-0.14456303743869092,-0.10129137907762702,0.1977517259319635,-0.17000245659473268,-0.12767483485505626,-0.0064572696635392295,0.26503400297538166,-0.13415436027548489,-0.11034913553337727,0.06006564516203621,0.28596759857163356,0.1820822468791371,0.21282368778244923,0.14267964232087582
2021-10-15_CO,2022-12-09_CO,480,-0.0058130621910095215,0.26932055371836916,0.26583996415138245,0.1064344197511673,0.18073810636997223,0.18319842219352722,0.18319164216518402,0.11749923188648953,0.028596426607492537,0.0582203655666548,0.04026684744938077,0.15941882203700705,0.0382464979699394,0.10013840512551214,0.025189779286706415,0.1922505628112325,0.053993674533376,0.1339612766436993,0.05739676780542211,0.24546057862601234,0.07901234905645776,0.16618153234740016,0.1269888965105782,0.26957969487365163,0.197355764713818,0.21930728026862545,0.2013624969684912
2021-08-25_RD,2023-01-10_RD,480,-0.08378228545188904,0.3060962198330962,0.3034535050392151,0.0994568020105362,0.1672404259443283,0.18578913807868958,0.1858101189136505,0.04118946689293121,-0.08722568460260563,-0.005368763098709206,-0.0641694527104991,0.15853010949033325,-0.07999952361795654,0.05648457024770018,-0.05378569246750551,0.2429580978182391,-0.027821517519802164,0.07130002677925712,0.004944912200828118,0.2813086019461022,0.02489909011374586,0.1692486751529608,0.09675853142469426,0.2997919039968263,0.08920963696760636,0.26655035488510714,0.22898507478115326
2021-07-19_RD,2022-11-09_RD,480,-0.11786776781082153,0.33260192138772215,0.3294336199760437,0.08017203211784363,0.1784806102514267,0.19336697459220886,0.1933857649564743,0.12622378857101316,0.043498281123060756,-0.03036124551066391,-0.04700987564720529,0.1814361841101835,0.11419529135773662,0.0013211861625067045,-0.051958816553232236,0.24843964563245147,0.17332069672330824,0.06726740016884766,0.062410812595058957,0.30716338789963815,0.17874734018514854,0.18177158037648072,0.12680881841867844,0.32886325607208544,0.3095319786391223,0.2899850659297375,0.1951899396692973
2020-02-11_CO,2021-06-01_CO,480,-0.19582507014274597,0.2901819243664048,0.2877318859100342,0.040710195899009705,0.09971350431442261,0.09972742199897766,0.09972989559173584,0.0657844899475816,-0.11115000963087207,-0.05977259659745543,-0.08894105990155626,0.10064781617354865,-0.06625986443197093,0.03250690857935451,-0.028787165175013906,0.1806795645052224,3.3241364659902795e-05,0.10946774339118964,-0.020161246894505314,0.24340837772165458,0.07646883383754643,0.14735318018181726,0.07985144248543107,0.27475445977449303,0.26560873142503655,0.24366128162543577,0.19319044038810632
2021-08-30_CO,2022-12-09_CO,480,-0.02287730574607849,0.2681346153857824,0.26583996415138245,0.06309808790683746,0.15941733121871948,0.1594063937664032,0.15939927101135254,0.09694356226663492,0.011849897328117781,-0.006148638041979182,0.01746892130016219,0.17077699129854315,0.012956934593814862,0.007591787503644226,0.03731329957233979,0.20557756023803242,0.02298004246819682,0.013837788983601301,0.046018856170749044,0.2394160538291445,0.043720347750451444,0.03190189780236047,0.04678945727603879,0.2656111283171751,0.21700939882647327,0.16680209679558577,0.17491822274889388
2021-09-17_RD,2023-01-10_RD,480,-0.11381609737873077,0.3063736562784255,0.3034535050392151,0.13624751567840576,0.20184369385242462,0.20517826080322266,0.2051825076341629,0.08493725980911107,-0.09291171935277492,-0.09463050204404619,-0.081127381602897,0.1853977343533819,-0.084828429294839,-0.07930590120606532,-0.0795037556980467,0.22794694685655195,0.03827727151559279,0.030228071282912966,0.038620658876492166,0.2821406506809452,0.10708971670925399,0.14677842922391462,0.08088043024652665,0.2957661735942789,0.2300863263781253,0.19811098259564897,0.23272620133214242
2021-07-28_RD,2022-11-09_RD,480,-0.13289803266525269,0.332724822834628,0.3294336199760437,0.0811324417591095,0.20203463733196259,0.20348984003067017,0.20350730419158936,0.11653426070690381,-0.1258573803542389,-0.05101084862394062,-0.1234493769295631,0.15411716905747572,-0.11320252239182746,-0.029912353383235585,-0.07157512006695092,0.21448539540482603,0.01712173039247855,0.18200044672971474,-0.06127417802216866,0.3016815443268299,0.1054076297076145,0.22347475144900938,0.08864333492526029,0.3295669177109991,0.2591446280356726,0.26743182002104515,0.1923760409940328
2021-09-07_CO,2022-12-09_CO,480,-0.15071338415145874,0.2672007887924892,0.26583996415138245,0.01681436598300934,0.10423564910888672,0.11635458469390869,0.11636576056480408,0.02173381575075445,-0.12797582468887125,-0.1289183627909819,-0.10130216636789673,0.06642410635145435,-0.11615531792100131,-0.11682063254168473,-0.08377951013103242,0.14467364910679825,-0.09949222137853592,-0.07090126667915564,-0.03563508455380702,0.21113266858227234,-0.047405078958402236,0.027908090437542027,0.00963055193002966,0.25517422051260363,0.18109987417666845,0.13875608405460751,0.19517810273198613
2021-04-15_CO,2022-08-08_CO,480,-0.20053640007972717,0.35152466513265535,0.34786465764045715,0.021748408675193787,0.12380613386631012,0.1239721029996872,0.12692663073539734,0.07472429171878356,-0.14713286731358172,-0.08602672496299968,-0.15992891708022927,0.1584710078908192,-0.09233582596140974,-0.0046934445801328495,-0.12008006680134715,0.2810134426652997,0.16090450906957213,0.026572553342794986,-0.001363913692200273,0.32327901710372475,0.21440351462779525,0.10356843954146772,0.005567154358253908,0.34745686142649923,0.3366409995423157,0.1975124937414684,0.2124042877671871
2020-02-28_RD,2021-06-24_RD,480,-0.10817480087280273,0.3488397725991489,0.3460385799407959,0.13077253103256226,0.21494385600090027,0.21494999527931213,0.21495744585990906,0.08306229400321208,-0.05019182842003825,-0.011372745771371373,-0.0011067017581030958,0.1934289414641658,-0.012792019278823452,0.0321837746386468,-0.008791170654364355,0.2500956859954194,0.054861623165726264,0.15293750738178571,0.03376662318761897,0.3215719930936035,0.1577986398999017,0.21845516566982945,0.09801240207790374,0.3412852426828308,0.3416888603117923,0.2552024013806652,0.23862012645055963
2020-12-12_RD,2022-04-06_RD,480,-0.09957098960876465,0.25281584435691085,0.24433721601963043,-0.004683256149291992,0.05080598592758179,0.05082564055919647,0.06579720973968506,0.0021830375977406613,-0.09261181059344806,-0.06295626547524463,-0.0857713411250811,0.042176931029857395,-0.08594457466680039,-0.04888237206921328,-0.06569268451285225,0.09492269892108626,-0.06641535323051029,0.03321675392782869,-0.004562917507873974,0.21278317722010148,-0.054826338276263126,0.10076940697524497,0.04865401496146446,0.2488017583517539,0.2059984663767984,0.2095322871989214,0.13539484087900422
2022-04-06_RD,2023-06-22_RD,480,-0.014922767877578735,0.3068531096315483,0.3046796917915344,0.15866845846176147,0.1921987384557724,0.19994904100894928,0.19996219873428345,0.10406362487419135,0.03109773817706671,0.02955653571178707,0.05089747477733,0.1655965164734563,0.08348095681167378,0.09036559406484751,0.06668898765372283,0.22572986023811942,0.10923152891440366,0.17337260260692863,0.09009661179626983,0.2730823396540682,0.14342829072015786,0.2316491699851147,0.16428912030786835,0.3048085764666306,0.2678775467205328,0.2761434958071617,0.23105228413134501
2022-04-21_RD,2023-06-22_RD,480,-0.08171527087688446,0.3052267064153351,0.3046796917915344,0.16376200318336487,0.1887044757604599,0.174967959523201,0.17481699585914612,0.07709113274776333,0.004026638627847107,0.006047896953069093,0.002901738213828895,0.13914095743759064,0.03849808187867021,0.04453660171982235,0.025618053538196867,0.19317255609197914,0.05507549889907448,0.12958437289159613,0.09527832516899774,0.2536106460066848,0.11802504246391285,0.21862121377192953,0.1555812276200493,0.2875992011288193,0.1572375927925862,0.2653965343409992,0.2336485894560003
2021-08-05_CO,2022-12-09_CO,480,-0.21051329374313354,0.26962255317583694,0.26583996415138245,-0.002534911036491394,0.09566649794578552,0.09568817913532257,0.09568721055984497,-0.019387989284728263,-0.15653576791683504,-0.19038254177350922,-0.15584457300460444,0.11142346508083956,-0.15093571714057857,-0.15918059645675808,-0.0901138559011662,0.20481638668324958,-0.1008186869880765,-0.09643927834020888,-0.03694283859812203,0.24618676848376927,-0.09204753760175372,-0.08457306964087158,0.03685766513129057,0.2705375144820027,0.16336809482121,0.08818963220710799,0.1318465111617613
2021-01-08_CO,2022-04-29_CO,480,-0.1157553493976593,0.21672111166003744,0.21057669818401337,-0.01745988428592682,0.04685944318771362,0.04688914120197296,0.04689928889274597,0.01754459562835281,-0.09658576726994617,-0.03489781940304232,-0.060593239970389456,0.0467012493577382,-0.08345994614285568,-0.03035245762589564,-0.05484589484450116,0.09453209644075145,-0.005055569254114239,0.023012784657737456,-0.0330221821449353,0.16240219326818559,0.05536544726709394,0.12259986930305983,0.03616109904680092,0.20560852620017628,0.16163788481558236,0.17559799921353475,0.1533658253843956
2021-08-12_CO,2022-12-09_CO,480,-0.13816827535629272,0.2677244406276018,0.26583996415138245,0.06010395288467407,0.12228389084339142,0.12228041887283325,0.12229624390602112,-0.06675612216330734,-0.13363104897968625,-0.13089549425223895,-0.12664272114751368,0.08117354622293152,-0.12919028336358251,-0.107621996291767,-0.07980463255826466,0.17663429779776332,-0.08403028505180213,-0.05612715589818873,-0.04763449471787268,0.23650060522575206,-0.005064936761224437,-0.023242780424454712,0.03697489038857893,0.2628239090677213,0.11575552273991765,0.12941011553249765,0.16628196811366425
2021-08-27_CO,2022-12-09_CO,480,-0.11417502164840698,0.2683511112460188,0.26583996415138245,0.032031163573265076,0.13376584649085999,0.14300933480262756,0.14302358031272888,-0.02874446897967209,-0.09690519049657528,-0.06456549598853631,-0.08911355201244721,0.07489366971930209,-0.08166644906521028,-0.05572200302105168,-0.08707555682962982,0.16033004146028326,-0.03775681031831643,-0.04806100315211645,-0.026609647856890146,0.23584807831503343,0.01418006430395466,-0.018373989440303468,0.016850337855237967,0.2610475234250631,0.18217530031685802,0.08299429837138542,0.17009311883791955
2021-03-29_CO,2022-07-25_CO,480,-0.09918119013309479,0.286181624811536,0.2807287275791168,0.06011700630187988,0.13023386895656586,0.1302650421857834,0.13025611639022827,0.07138838944563142,-0.026100298245583964,0.11641438604620055,-0.07194294846038561,0.1597482942827271,-0.013736143880054202,0.12476137853915611,-0.04845136913138279,0.20944969178281708,0.01583739876190457,0.16376923907535793,0.03612790106473502,0.2664751766864949,0.13549984365336443,0.23532675621844928,0.11508132873012289,0.27965940274297885,0.23465065998180953,0.2623976161524217,0.21484829637621874
2021-11-29_CO,2022-12-09_CO,480,0.04749467968940735,0.2683177698784609,0.26583996415138245,0.14009317755699158,0.1752581000328064,0.17524459958076477,0.17526210844516754,0.11412500367697631,0.05925877833501261,0.05732197406583053,0.0752456684146758,0.13239320372718547,0.05797671561648396,0.06823202213356061,0.09480910983850643,0.21820574685754493,0.06207215789323378,0.07865336043710328,0.10182448349307072,0.2475638807073954,0.07208081525738921,0.09399925062761855,0.1018796871801909,0.2653221931004256,0.1770820238872434,0.20641505267397656,0.21150696201971653
2021-06-28_CO,2022-10-27_CO,480,-0.25380659103393555,0.3090552206886624,0.3083604872226715,0.023430272936820984,0.11902281641960144,0.11903434991836548,0.11906160414218903,0.05698195085644614,-0.20679230924259845,-0.20162697927726836,-0.18492869023599492,0.1179082336693893,-0.20110884590103478,-0.1394624307733558,-0.09278783552781233,0.1863345226769411,-0.18957832644419054,-0.019990381876353935,-0.10253748181979629,0.2583721284263779,-0.16927383063759915,0.05728527526236804,0.017648238693780117,0.3034680132483513,0.1411019655672235,0.23212353393664198,0.20508566897828331
2022-02-03_RD,2023-06-06_RD,480,-0.010995149612426758,0.28025049876862307,0.2755134105682373,0.174068421125412,0.22662904858589172,0.22714050114154816,0.227146714925766,0.14782915598208415,-0.002236543721963885,0.036127039942090794,0.019024698094604404,0.18511529627394557,0.0013794562079262052,0.10455302263381319,0.036768558140630146,0.25396753249509296,0.0029970652531148834,0.11570910790510378,0.10576168219735622,0.26938392809796063,0.027909498674680427,0.20531938158691868,0.11690855271293772,0.2799540690934602,0.12271272118531537,0.24083207161473882,0.16489932292150428
2020-06-26_CO,2021-10-19_CO,480,-0.07621811330318451,0.3658176480914281,0.3618621528148651,0.03178189694881439,0.12604011595249176,0.126085102558136,0.12607000768184662,0.11597473524741161,-0.05037175194431054,-0.043038595019811055,-0.03953918505583213,0.20411893501136502,-0.05011575627966525,-0.044695258746219046,0.004524317235068104,0.2584589955841044,0.03921987955428716,-0.03878750059025621,0.08696413106179061,0.3332633652674053,0.04338579091176811,0.06906883532077251,0.11968066419864525,0.35531785671274385,0.1405557501182761,0.2852611586517043,0.289025477224882
2020-12-04_CO,2022-03-28_CO,480,-0.16529637575149536,0.2221132710607352,0.2163131684064865,-0.04670466482639313,0.05947217345237732,0.039205074310302734,0.03919370472431183,0.0017173926272157636,-0.11577015793020637,-0.09585151809474446,-0.10733734116627629,0.04080919720382037,-0.09523506722625288,-0.08277636146544473,-0.07999976849228066,0.11823452517506333,-0.07908122206682272,-0.034889380820781996,-0.03736568152519094,0.1879781821152741,-0.00872348060997269,-0.013742197001671258,0.01824009875459251,0.2025561539633689,0.16893751956732034,0.1744741195466763,0.13372413949358394
2021-07-26_RD,2022-11-09_RD,480,-0.28118425607681274,0.33272120660758364,0.3294336199760437,-0.04429095983505249,0.07338133454322815,0.1077442318201065,0.10761769115924835,-0.10665698755458108,-0.14270020863645344,-0.20012765258437604,-0.24685168369292465,0.04784594038569784,-0.08883676233864643,-0.19266333776030686,-0.21375205922423982,0.1097316970177192,-0.013926776338415825,-0.08716528384854591,-0.16103060774983732,0.2198429932597652,0.06366330476531618,0.11308034381363377,-0.07255911241829195,0.29437456847449717,0.22534479180642256,0.17712091495775129,0.15958853375099238
