,1,7,30,120,480,all
rank1,0.469,0.473,0.433,0.455,0.411,0.451
rank2,0.681,0.633,0.627,0.643,0.631,0.635
rank4,0.66,0.614,0.631,0.645,0.637,0.636
rank8,0.66,0.614,0.631,0.645,0.637,0.636
supervised_k4,0.391,0.382,0.367,0.361,0.416,0.385
supervised_k8,0.506,0.544,0.563,0.567,0.613,0.562
supervised_k16,0.7,0.723,0.754,0.738,0.774,0.739
supervised_k32,0.873,0.863,0.889,0.897,0.914,0.895
supervised_k64,0.967,0.972,0.977,0.98,0.985,0.978
corr_k4,0.091,0.111,0.097,0.088,0.078,0.088
corr_k8,0.219,0.205,0.139,0.216,0.1,0.174
corr_k16,0.316,0.28,0.226,0.311,0.245,0.287
corr_k32,0.443,0.405,0.334,0.443,0.37,0.396
corr_k64,0.755,0.773,0.705,0.862,0.793,0.775
stats_k4,0.204,0.171,0.163,0.159,0.131,0.162
stats_k8,0.371,0.346,0.297,0.313,0.208,0.306
stats_k16,0.56,0.534,0.417,0.469,0.386,0.456
stats_k32,0.696,0.725,0.672,0.659,0.614,0.679
stats_k64,0.832,0.879,0.846,0.901,0.826,0.864
random_k4,0.084,0.08,0.11,0.13,0.116,0.106
random_k8,0.188,0.154,0.185,0.19,0.157,0.18
random_k16,0.261,0.263,0.26,0.299,0.293,0.277
random_k32,0.464,0.432,0.444,0.468,0.454,0.446
random_k64,0.719,0.765,0.738,0.746,0.756,0.746
