subject,train,test,gap_target,days,n_trials_available,L0,L1,L2,L4u,L4s,L3_n10,lam_L3_n10,L6_n10,lam_L6_n10,L6p_n10,lam_L6p_n10,L3_n20,lam_L3_n20,L6_n20,lam_L6_n20,L6p_n20,lam_L6p_n20,L3_n50,lam_L3_n50,L6_n50,lam_L6_n50,L6p_n50,lam_L6p_n50,L3_n100,lam_L3_n100,L6_n100,lam_L6_n100,L6p_n100,lam_L6p_n100,own,L3_n300,lam_L3_n300,L6_n300,lam_L6_n300,L6p_n300,lam_L6p_n300
T9,T9_day37,T9_day44,7,7,133,-1.635431170463562,-5.110651969909668,-0.4234546422958374,-0.843684196472168,-0.11521667242050171,-0.28202174524035173,0.01,9.940427997257029e-05,10000.0,-0.440242293390368,1000000.0,-0.2892883683020441,0.001,0.0289933464692671,10000.0,-0.43264447824554186,10000.0,-0.2396653346419249,0.001,-0.014209866379134795,10000.0,0.013447261323963955,10000.0,-0.1176642045280425,0.001,-0.01695433784546524,10000.0,-0.17331810130801423,10000.0,0.0573212206363678,,,,,,
T9,T9_day37,T9_day71,30,34,199,-6950.654296875,-6425.7841796875,-0.631799042224884,-0.8189395666122437,-0.804101824760437,-0.12258275690970044,0.001,0.011912909573111918,10000.0,-0.7536652676799571,10000.0,-0.06745500575090357,0.001,-0.07467617136478916,10000.0,-0.8674677255457842,10000.0,-0.19314586299509257,0.0001,-0.24705136746788137,10000.0,-0.8997097828182529,10000.0,-0.1742129993296635,0.0001,-0.3623945810109712,10000.0,-0.5831439209939033,100.0,0.149999737739563,,,,,,
T9,T9_day37,T9_day170,120,133,182,-10.266547203063965,-1.5648150444030762,-0.15413671731948853,-0.2164328694343567,-0.15177547931671143,-0.1541252981456348,100.0,-0.12081810229507628,1000.0,-0.15173100179233923,1000000.0,-0.1717566451324608,0.001,0.045759205407011005,10000.0,-0.01934998138198446,10000.0,-0.04122964132514628,0.0001,0.11591060249681967,10000.0,0.03577245152349329,1000.0,0.0006172162897155609,0.0001,0.09843974909221148,10000.0,0.07931199326908717,1000.0,0.16535663604736328,,,,,,
T9,T9_day37,T9_day518,480,481,215,-3.9393749237060547,-0.44547975063323975,-0.48550084233283997,-0.5712481141090393,-0.7840211391448975,-0.2507253971271314,0.001,-0.02550001984463751,10000.0,-0.39899970767438153,10000.0,-0.22840461479568686,0.001,0.20328829055608588,10000.0,-0.321444299624194,10000.0,-0.23074564708909906,0.0001,0.2295842473613532,10000.0,-0.19174895380217333,1000.0,-0.2631073075464879,0.0001,0.1888794111210101,10000.0,-0.04595802695661527,1000.0,0.40510833263397217,,,,,,
T9,T9_day77,T9_day83,7,6,176,-3.8295350074768066,-1.5951545238494873,-0.07538193464279175,-0.2629435658454895,-0.14581525325775146,-0.07600145171791706,100.0,-0.15932009899115562,10000.0,-0.07154094871558891,1000000.0,-0.14513883298849545,0.001,-0.15650860376110698,10000.0,-0.09605760031541433,10000.0,0.0665281193841214,0.001,0.06156078377003693,10000.0,-0.6844784596094512,10000.0,0.1638075568011474,0.0001,0.0914721011510703,10000.0,-0.7949667031266284,10000.0,0.21746858954429626,,,,,,
T9,T9_day77,T9_day106,30,29,248,-28.56717300415039,-2.2349276542663574,-0.2551426887512207,-0.4640501141548157,-0.4387857913970947,-0.37595444572406056,0.0001,-0.2528054009523889,1000.0,-0.49439141895785343,1000.0,-0.11627513414787594,0.0001,0.03291217552542541,10000.0,-0.8650056176151877,1000.0,0.05126690973054221,0.0001,0.033136985034248,10000.0,-0.45946815972743327,10000.0,-0.3437126295167291,1e-05,0.10541619747858338,10000.0,-0.18168557646647632,1000.0,0.2229015827178955,,,,,,
T9,T9_day77,T9_day196,120,119,381,-14.68538761138916,-0.39553654193878174,-0.3597007989883423,-0.40850603580474854,-0.3551453948020935,-0.35979165952524417,100.0,-0.05251108251627423,100000.0,-0.35393574820608975,1000000.0,-0.33157732734892775,0.0001,0.1046332399932961,10000.0,-0.29284939559441103,10000.0,0.008970193148747307,0.0001,0.217562486291765,10000.0,0.025973358060147722,1000.0,-0.11948371000574154,1e-05,0.03870568017290016,10000.0,-0.12785955705642832,1000.0,0.2603578269481659,-0.10208929197375805,1e-05,0.05032109272407309,10000.0,0.008179795649351118,100.0
T9,T9_day77,T9_day554,480,477,150,-2.610173225402832,-0.44169652462005615,-0.260063111782074,-0.23839473724365234,-0.28546953201293945,-0.1450872257896514,0.001,0.043819770307402195,10000.0,0.042803325764927735,1000.0,-0.019991120051016997,1e-05,0.19790354306374347,1000.0,0.20155184772373286,1000.0,0.12137486086784427,1e-05,0.28564228097736716,10000.0,0.2775086986355249,1000.0,0.18773707251768867,1e-05,0.3276412856360539,10000.0,0.3365991319325983,1000.0,0.3709935247898102,,,,,,
T9,T9_day83,T9_day106,30,23,248,-8.149298667907715,-2.502737045288086,-0.33446329832077026,-0.4034256935119629,-0.8697519302368164,-0.5181495555899494,0.0001,-0.2528054009523889,1000.0,-0.17290103148018698,1000.0,-0.13667764777702435,0.0001,0.03291217552542541,10000.0,-0.2830747382874307,1000.0,0.04464824162137965,1e-05,0.033136985034248,10000.0,-0.045330034853571566,1000.0,0.06228003269020249,1e-05,0.10541619747858338,10000.0,0.18110343942687912,1000.0,0.2229015827178955,,,,,,
T9,T9_day83,T9_day196,120,113,381,-4.345659255981445,-0.364790678024292,-1.0946009159088135,-2.8366811275482178,-1.9684813022613525,-0.982017116541354,0.01,-0.05251108251627423,100000.0,-0.7965884959663395,10000.0,0.04369523933668773,0.0001,0.1046332399932961,10000.0,-0.9401606275389374,10000.0,-0.13692894913200931,1e-05,0.217562486291765,10000.0,-0.13071000115436054,1000.0,-0.2918068918714521,1e-05,0.03870568017290016,10000.0,-0.23807467552390565,1000.0,0.2603578269481659,0.02658557679775514,1e-05,0.05032109272407309,10000.0,0.010512997636530463,100.0
T9,T9_day83,T9_day560,480,477,192,-9.031157493591309,-0.1560593843460083,-0.1876731514930725,-0.3227884769439697,-0.32677942514419556,0.012839058521128932,0.001,0.09317070610381162,10000.0,-0.05819913315727532,10000.0,0.04762167511471538,0.0001,0.10838102671956551,10000.0,-0.07034405570296359,1000.0,0.04651305105028691,0.0001,0.0928652255620222,10000.0,0.015564296886810491,10000.0,0.08385202573270917,0.0001,0.18800803531600263,10000.0,0.11891785618069278,10000.0,0.16421180963516235,,,,,,
T9,T9_day105,T9_day106,1,1,248,-4.325560092926025,-2.6794068813323975,-0.3018593192100525,-0.6362234354019165,-0.6704093813896179,-0.2513289929193854,0.0001,-0.2528054009523889,1000.0,-0.48502043584317234,1000.0,-0.03692421514857258,0.001,0.03291217552542541,10000.0,-0.869345688380967,1000.0,-0.1285323346892655,1e-05,0.033136985034248,10000.0,-0.6539610079241543,1000.0,-0.04071420044443225,1e-06,0.10541619747858338,10000.0,-0.23298226625444524,1000.0,0.2229015827178955,,,,,,
T9,T9_day105,T9_day133,30,28,183,-6.976957321166992,-6.081694602966309,-0.2890886664390564,-0.5700586438179016,-0.4729440212249756,-0.3152911378824276,10.0,-0.5175220093626509,10000.0,-0.1808717364913982,10000.0,-0.5537358667919555,0.0001,-0.3186841378809454,10000.0,-0.2576288190499093,1000.0,-0.38593481291851806,0.0001,-0.08050030541670594,10000.0,-0.2428323461166657,1000.0,-0.11244555125589561,1e-05,0.023553746046672097,10000.0,-0.0020992576555677323,1000.0,0.20424887537956238,,,,,,
T9,T9_day105,T9_day226,120,121,118,-8.73341178894043,-0.4027021527290344,-0.22831952571868896,-0.19188952445983887,-0.14628010988235474,-0.214085365397021,0.001,-0.1530328524769154,1000000.0,-0.17231379175304073,10000.0,-0.009167417540514478,0.0001,0.2641033993603115,10000.0,-0.12811629444063477,10000.0,0.16492891546711114,1e-05,0.37408864346234316,10000.0,0.07286688529930735,1000.0,0.14047618934798578,1e-05,0.41915358157687543,10000.0,0.4262648282496698,1000.0,0.4362562894821167,,,,,,
T9,T9_day105,T9_day582,480,477,153,-2.1581342220306396,-0.1979440450668335,-0.14365780353546143,-0.24290335178375244,-0.2507696747779846,-0.04434978939466627,0.001,0.09907604216888372,10000.0,0.03418211562435486,10000.0,-0.448690040661501,0.0001,0.16291082828464926,10000.0,0.15420061173982957,10000.0,-0.09099712624164402,0.0001,0.2190312644326302,10000.0,0.18589789074769147,10000.0,-0.31851167721014073,0.0001,0.23418591292679486,10000.0,0.17796917271549745,10000.0,0.32734644412994385,,,,,,
T9,T9_day106,T9_day133,30,27,183,-2.521423101425171,-0.9438024759292603,-0.7874568700790405,-0.9413114190101624,-0.7181175351142883,-0.7862299054927822,100.0,-0.5175220093626509,10000.0,-0.7815779864174842,1000000.0,-0.3689911651422575,0.001,-0.3186841378809454,10000.0,-0.5722607126544736,10000.0,-0.16286816602577825,0.0001,-0.08050030541670594,10000.0,-0.592746701969304,10000.0,-0.08372736813895221,0.0001,0.023553746046672097,10000.0,-0.43997505019945293,10000.0,0.20424887537956238,,,,,,
T9,T9_day106,T9_day226,120,120,118,-2.320329189300537,-0.0924992561340332,0.028135478496551514,-0.08689695596694946,-0.09552466869354248,-0.02094138625675579,0.01,-0.1530328524769154,1000000.0,-0.2602065263003194,10000.0,0.19106919557644736,0.001,0.2641033993603115,10000.0,-0.25457754885406836,10000.0,0.33244889413369044,0.0001,0.37408864346234316,10000.0,-0.008312495822833,1000.0,0.36350121090470505,0.0001,0.41915358157687543,10000.0,0.42506983166320117,1000.0,0.4362562894821167,,,,,,
T9,T9_day106,T9_day582,480,476,153,-1.1441806554794312,-0.09512734413146973,-0.13840502500534058,-0.10554015636444092,-0.06917014718055725,0.09894238847828124,0.001,0.09907604216888372,10000.0,-0.2967494097624248,10000.0,0.13300007589727658,0.0001,0.16291082828464926,10000.0,-0.18980961553587128,10000.0,0.1824790868698712,0.0001,0.2190312644326302,10000.0,-0.1836165070327741,10000.0,0.19117112703994815,0.0001,0.23418591292679486,10000.0,-0.0662335896263504,10000.0,0.32734644412994385,,,,,,
T9,T9_day128,T9_day245,120,117,235,-7.947342872619629,-1.4388139247894287,0.059623926877975464,-0.10121366381645203,-0.07002758979797363,0.15406457775865207,0.001,-0.014771377367927163,10000.0,0.1136072131275791,10000.0,0.12010108955050158,0.001,-0.06806237266493825,10000.0,0.1329025816835535,10000.0,0.21156704891781114,0.001,0.15277744896303463,10000.0,0.20432587494070897,10000.0,0.20783319914427517,0.001,0.13742034517439516,10000.0,0.26066251945114716,10000.0,0.14185300469398499,,,,,,
T9,T9_day128,T9_day610,480,482,206,-19.47653579711914,-2.382880687713623,-2.1229240894317627,-3.28082537651062,-2.804243564605713,-3.4752309199153615,0.001,-4.044491849669373,10000.0,-2.576055229044078,10000.0,-4.232249622192022,0.0001,-3.0001349167107496,10000.0,-2.9537666927014854,10000.0,-3.155503253957896,0.0001,-2.2635408484480415,10000.0,-2.387697638760163,1000.0,-1.554547999633062,0.0001,-1.2818809938421463,10000.0,-1.2505333305308188,100.0,-0.2719299793243408,,,,,,
T9,T9_day141,T9_day170,30,29,182,-12807.734375,-1163.8741455078125,0.1318393051624298,0.11003246903419495,0.10696741938591003,-0.018757106275029356,0.1,-0.12081810229507628,1000.0,0.10994245182141482,10000.0,-0.026981501944546404,0.001,0.045759205407011005,10000.0,0.050643334942788665,10000.0,0.0742886499361069,0.0001,0.11591060249681967,10000.0,-0.014589810110334112,10000.0,0.05876125692388662,0.0001,0.09843974909221148,10000.0,0.007584453082193243,10000.0,0.16535663604736328,,,,,,
T9,T9_day141,T9_day259,120,118,65,-8091.00830078125,-209.05563354492188,-0.06395184993743896,-0.2436860203742981,-0.12841367721557617,-0.018395720471756916,0.001,0.1086488627638692,10000.0,-0.19273558156597137,10000.0,0.077484437498121,0.001,0.20131115429066715,10000.0,-0.24888400009111578,10000.0,0.15319812954378947,0.0001,0.2886971894005917,10000.0,0.2621342887472558,100.0,,,,,,,0.36374586820602417,,,,,,
T9,T9_day141,T9_day615,480,474,92,-1845.066650390625,-63.22188186645508,0.050291091203689575,0.04819375276565552,0.12990069389343262,0.050678875073722984,100.0,0.09191292447998517,10000.0,0.05131862908298268,1000000.0,0.10578481831195752,0.0001,0.09406229924844128,10000.0,0.1827510633791284,10000.0,0.16939118682794296,0.0001,0.2082128348504485,10000.0,0.26227571128058047,10000.0,,,,,,,0.31158876419067383,,,,,,
T9,T9_day238,T9_day245,7,7,235,-24.970815658569336,-1.3890031576156616,0.15357458591461182,0.12309077382087708,0.07953774929046631,-0.2561674957278112,0.001,-0.014771377367927163,10000.0,0.14196932415533137,10000.0,-0.23611556260365896,0.001,-0.06806237266493825,10000.0,0.10254698240144805,10000.0,-0.006387702860979783,0.001,0.15277744896303463,10000.0,0.1833661550034435,10000.0,-0.01219144861517324,0.001,0.13742034517439516,10000.0,0.23738442275215005,10000.0,0.14185300469398499,,,,,,
T9,T9_day238,T9_day272,30,34,184,-28.991872787475586,-9.6613187789917,0.1602565050125122,0.10424414277076721,0.14072078466415405,0.15996787477485336,100.0,0.09060186499266465,10000.0,0.20318813454214113,10000.0,0.12668731002078015,0.001,0.16723606944557529,10000.0,0.24109524039013286,10000.0,0.2589909334446827,0.0001,0.26025513079569756,10000.0,0.2896535193906747,10000.0,0.2964440364269907,1e-05,0.31481090822697216,10000.0,0.33241782071493065,10000.0,0.36963582038879395,,,,,,
T9,T9_day238,T9_day358,120,120,101,-1.4662632942199707,-0.2543129026889801,0.07120564579963684,0.14973491430282593,0.09178853034973145,-0.03491403737787557,0.01,0.20885791350818794,10000.0,0.1716107850061817,10000.0,0.3221444259257904,0.0001,0.3924521632334969,10000.0,0.35109888215529234,1000.0,0.3521482623398077,0.0001,0.4664211133066192,10000.0,0.33735664706042245,1000.0,0.4017464264289696,0.0001,0.5134886669676505,10000.0,0.49364755970538815,1000.0,0.4853513538837433,,,,,,
T9,T9_day238,T9_day720,480,482,228,-3.4299020767211914,-0.3107175827026367,-0.17565351724624634,-0.3286789059638977,-0.4650883078575134,0.01461238637026574,0.001,0.15577590943997677,10000.0,0.07522471050038304,10000.0,0.19075380778115447,0.0001,0.27095514693717154,10000.0,0.13542327451784536,10000.0,0.25008719890882286,1e-05,0.3640150973962546,10000.0,0.2550364600686192,1000.0,0.2774446630880404,0.0001,0.37233975345733095,10000.0,0.3287554548841298,1000.0,0.39446985721588135,,,,,,
T9,T9_day282,T9_day314,30,32,283,-11.271936416625977,-0.5206243991851807,0.12778562307357788,-0.2330685555934906,-0.0796850323677063,0.0698382323963288,0.01,0.07037470376690974,10000.0,-0.2709348796143975,10000.0,0.11310585383655719,0.0001,0.184682300316437,1000.0,-0.25401417996677567,1000.0,0.2896827022623267,0.0001,0.35030126588013494,10000.0,-0.21393182408021044,10000.0,0.23447341862084292,1e-05,0.3860452882831148,10000.0,-0.24217652705276704,1000.0,0.4255290627479553,,,,,,
T9,T9_day282,T9_day406,120,124,242,-8.754575729370117,-7.112321853637695,-0.4347664713859558,-0.42787909507751465,-0.3778594732284546,-0.3931589522830242,0.001,-0.5904615069414872,100000.0,-0.7607813698189844,10000.0,-0.08776559790130517,0.001,-0.11204863104646023,10000.0,-0.6655261880864476,10000.0,0.04433864277381461,0.0001,0.04620298585195304,10000.0,-0.5469874979901612,10000.0,0.15981793564785535,0.0001,0.16722138513424878,10000.0,0.039879186004776856,1000.0,0.31364133954048157,,,,,,
T9,T9_day282,T9_day758,480,476,336,-21.89868927001953,-1.1493167877197266,-0.4576669931411743,-0.30577027797698975,-0.21034938097000122,0.07155494462783074,0.0001,0.04260394632906955,1000.0,-0.7270268356985822,1000.0,-0.2770800716721495,0.0001,0.23984874194873224,1000.0,-0.5220866247200265,1000.0,0.16392076396278943,0.0001,0.28202175872540497,10000.0,-0.21353305029095626,1000.0,0.2234937482184024,1e-05,0.3341563822600751,10000.0,0.24660536966614066,10.0,0.3466481566429138,0.25603686803854514,1e-05,0.35550849589212835,10000.0,0.33890531159848813,1000.0
T9,T9_day296,T9_day329,30,33,163,-11.627345085144043,-0.5766726732254028,0.3672662675380707,0.3439256548881531,0.363016813993454,0.3671907794415775,100.0,0.09392616134106119,10000.0,0.37038925066875794,1000000.0,0.1417381969656975,0.001,0.0010847019569479865,10000.0,0.3115785593081776,10000.0,0.3205153503752147,0.01,0.3147065839583897,10000.0,0.4245145213272212,100000.0,0.41034600691498024,0.0001,0.442994755028742,10000.0,0.471755965247693,10000.0,0.4686506986618042,,,,,,
T9,T9_day296,T9_day416,120,120,193,-6.891291618347168,-1.1246044635772705,0.2352224588394165,0.26110348105430603,0.24267974495887756,0.18631436871442314,0.001,0.1408884457298068,10000.0,0.29370678062738154,10000.0,0.20515855365266544,0.001,0.21651532108089822,10000.0,0.31453999986448505,10000.0,0.19876240928088468,0.0001,0.2761959187627061,10000.0,0.3371583333039113,10000.0,0.2646264451019794,0.0001,0.3730442283708358,10000.0,0.38810525026589643,10000.0,0.44327208399772644,,,,,,
T9,T9_day296,T9_day758,480,462,336,-48.11004638671875,-1.959448218345642,-0.18887615203857422,-0.42454200983047485,-0.10431867837905884,0.03805474736457254,0.0001,0.04260394632906955,1000.0,-0.020597107012277738,1000.0,-0.06856684724829676,0.0001,0.23984874194873224,1000.0,0.037904890858148466,1000.0,0.14947747703095482,1e-05,0.28202175872540497,10000.0,0.05091985617284567,10000.0,0.2356134488288818,1e-05,0.3341563822600751,10000.0,0.1552647829803963,10000.0,0.3466481566429138,0.24395041742463486,1e-05,0.35550849589212835,10000.0,0.3454783017316963,100.0
T9,T9_day301,T9_day308,7,7,354,-55.628334045410156,-0.7075795531272888,-0.17030560970306396,-0.23430871963500977,-0.138297438621521,-0.6703964006320826,0.01,-0.3549769271859917,10000.0,-0.0645446355463537,10000.0,-0.38365059030963133,0.001,-0.19510596083182968,10000.0,-0.0678325305970221,10000.0,-0.19577039026376275,0.001,-0.1343661403408965,10000.0,-0.14247107589220176,10000.0,-0.015812521863289852,0.0001,0.0601188768437807,10000.0,-0.23415459491592305,10000.0,0.1813945770263672,0.1035885863654511,0.0001,0.0660576339862709,10000.0,0.0417722981950584,1000.0
T9,T9_day301,T9_day329,30,28,163,-22.50934600830078,-1.2914276123046875,0.20872318744659424,0.16755491495132446,0.11024382710456848,0.30107450208930614,1.0,0.09392616134106119,10000.0,0.1798911672276196,1000000.0,0.23336171354332808,0.01,0.0010847019569479865,10000.0,0.003786623127497557,10000.0,0.2615063108888092,0.01,0.3147065839583897,10000.0,0.1385347681882348,100000.0,0.40760955394475507,0.0001,0.442994755028742,10000.0,0.4239289699206479,1000.0,0.4686506986618042,,,,,,
T9,T9_day301,T9_day422,120,121,263,-0.6643155813217163,-0.12423890829086304,0.15716245770454407,0.1400638222694397,0.15030249953269958,0.23413491870737946,0.01,0.18337547464901055,1000.0,0.20586001779171587,10000.0,0.23087689597766758,0.01,0.20606234949322733,10000.0,0.2163177619180588,10000.0,0.3158887084183841,0.0001,0.3290522470616661,10000.0,0.26250795978781055,10000.0,0.3225480957438704,0.0001,0.3513899120775947,10000.0,0.29270208996214514,10000.0,0.38887202739715576,,,,,,
T9,T9_day301,T9_day758,480,457,336,-50.137939453125,-0.7020784616470337,-0.22027534246444702,-0.12431523203849792,-0.15600669384002686,0.017381954028540147,0.0001,0.04260394632906955,1000.0,-0.12520642195181025,1000.0,0.10275367810273128,0.0001,0.23984874194873224,1000.0,0.04573436107844431,1000.0,0.1817660329439869,1e-05,0.28202175872540497,10000.0,0.169429864785286,1000.0,0.22801141738069836,1e-05,0.3341563822600751,10000.0,0.28580805159572276,1000.0,0.3466481566429138,0.2694824350254944,1e-06,0.35550849589212835,10000.0,0.34344432671594494,1000.0
T9,T9_day358,T9_day366,7,8,488,-1.211310625076294,0.07091715931892395,0.1956779956817627,0.22726979851722717,0.19337305426597595,0.17516990147125022,0.001,0.2966946776219064,1000.0,0.2477284532154918,1000.0,0.1701098070554316,0.0001,0.28931102893490707,1000.0,0.30210011775227336,1000.0,0.2713842274237128,1e-05,0.28241664563643887,10000.0,0.36345926458646044,1000.0,0.37515208906052155,1e-05,0.41371302557280965,10000.0,0.350975318812871,10000.0,0.5130446553230286,0.3099565121162879,1e-05,0.35345127899567436,10000.0,0.3469648973180577,100.0
T9,T9_day358,T9_day385,30,27,420,-18.82054901123047,-1.4847949743270874,-0.34893810749053955,-0.041659265756607056,0.015201181173324585,-0.014921898254356303,0.001,-0.15666743325829097,1000.0,-0.28093467837462693,10000.0,-0.00021168518599673503,0.001,0.037868320505949404,10000.0,-0.12178632918429877,10000.0,-0.05957626911453001,0.0001,0.00623565811164839,10000.0,-0.1261265176646273,10000.0,0.08947030395352606,0.0001,0.22397233232674102,10000.0,0.11475944122658421,1000.0,0.4049563705921173,0.3634630226242261,0.0001,0.38983140144660233,10000.0,0.3722126274869716,1000.0
T9,T9_day358,T9_day476,120,118,289,-9.699271202087402,-5.521634101867676,-0.6028861999511719,-0.4855254292488098,-0.551257312297821,-0.022602981890430196,0.001,-0.037328018611299696,1000.0,-1.0810821756073068,1000.0,-0.13370612694479078,0.0001,-0.28988283006654575,1000.0,-2.7849255958375716,1000.0,-0.3019511597658455,0.0001,0.08602475386082042,10000.0,-2.6909667669833555,1000.0,-0.22582050054898795,0.0001,0.16494656135801838,10000.0,-0.9301045560513141,1000.0,0.32543954253196716,,,,,,
T9,T9_day358,T9_day758,480,400,336,-1.4150922298431396,-0.8229506611824036,-0.2924906015396118,-0.24399590492248535,-0.24839577078819275,0.024642467286752234,0.001,0.04260394632906955,1000.0,-0.5926663643991504,1000.0,-0.21870967871190333,0.0001,0.23984874194873224,1000.0,-0.2635826064924456,1000.0,-0.3445561193062068,0.0001,0.28202175872540497,10000.0,-0.009089386014154044,1000.0,0.09706438868018591,1e-05,0.3341563822600751,10000.0,0.12865453914059466,1000.0,0.3466481566429138,0.1922145119093383,1e-05,0.35550849589212835,10000.0,0.34191603165600026,1000.0
T9,T9_day385,T9_day416,30,31,193,-14.828309059143066,-2.3353564739227295,0.22388842701911926,0.13757789134979248,0.15115004777908325,0.2629667114382519,0.01,0.1408884457298068,10000.0,0.21812448127536582,10000.0,0.24862911664292447,0.001,0.21651532108089822,10000.0,0.2539313968340935,10000.0,0.25873841579222234,0.0001,0.2761959187627061,10000.0,0.23758718402986484,10000.0,0.3131966067548356,0.0001,0.3730442283708358,10000.0,0.3865399566495098,1000.0,0.44327208399772644,,,,,,
T9,T9_day385,T9_day504,120,119,87,-6.2126569747924805,-0.17136108875274658,0.29883426427841187,0.2630364000797272,0.33245009183883667,0.42489645615395905,0.001,0.4562532547738227,10000.0,0.4346890160696136,10000.0,0.48853166693516886,0.0001,0.5256682729715777,10000.0,0.472172357000614,10000.0,0.4951148492011401,0.0001,0.5520050327329518,10000.0,0.4949240721666572,10000.0,,,,,,,0.5659745931625366,,,,,,
T9,T9_day385,T9_day758,480,373,336,-26.274246215820312,-0.9141244888305664,-0.08371630311012268,-0.17279672622680664,-0.3660737872123718,0.15961401186854413,0.001,0.04260394632906955,1000.0,0.07062520504393327,1000.0,-0.11918409039394573,0.0001,0.23984874194873224,1000.0,0.21016650992939756,1000.0,0.20159645578680974,1e-05,0.28202175872540497,10000.0,0.2258317105349289,10000.0,0.23951966735117403,1e-05,0.3341563822600751,10000.0,0.26187531043189405,10000.0,0.3466481566429138,0.24572172288773586,1e-06,0.35550849589212835,10000.0,0.33020985096706423,10000.0
T9,T9_day416,T9_day422,7,6,263,-0.32270824909210205,0.08495315909385681,0.17446750402450562,0.17809337377548218,0.21395689249038696,0.1637181974501315,0.01,0.18337547464901055,1000.0,0.15071808029251232,1000.0,0.21034768912464685,0.001,0.20606234949322733,10000.0,0.23493161460604906,10000.0,0.26320385359523846,0.0001,0.3290522470616661,10000.0,0.2757721522507928,10000.0,0.28623925955490137,0.0001,0.3513899120775947,10000.0,0.2994993744242432,10000.0,0.38887202739715576,,,,,,
T9,T9_day416,T9_day447,30,31,238,-9.26026725769043,-0.02642136812210083,0.0025250017642974854,-0.01672607660293579,0.09176948666572571,-0.11650532773524902,0.001,-0.10764805629359331,1000000.0,0.03355152746218021,10000.0,0.1740507073862546,0.001,0.18721217174966998,10000.0,0.1695252757722545,10000.0,0.19631024351807513,0.001,0.32625267922971973,10000.0,0.27825962619754,10000.0,0.3078517094028827,0.0001,0.38172494278186286,10000.0,0.35797683050839546,10000.0,0.36390843987464905,,,,,,
T9,T9_day416,T9_day538,120,122,646,-0.04194191098213196,0.0843011736869812,0.13391464948654175,0.18920442461967468,0.16211852431297302,0.1545300586521723,0.001,0.1623616356112616,1000.0,0.09675134603153218,1000.0,-0.05393615726814016,0.0001,0.09540493337523565,1000.0,0.20419242690990946,10000.0,0.03157497463350489,0.0001,0.19207825536067774,10000.0,0.24285073681803676,10000.0,0.07047259333052464,0.0001,0.2542715665283622,10000.0,0.3114924905755396,10000.0,0.40675240755081177,0.18221904616355272,1e-05,0.3404415297550164,10000.0,0.3442237866572459,10000.0
T9,T9_day422,T9_day448,30,26,198,-0.2480480670928955,-0.11072385311126709,0.12622126936912537,0.07901433110237122,0.12077826261520386,0.13724566564066687,0.001,0.06308539814564446,10000.0,0.12697548383180712,10000.0,0.16848391922115902,0.001,0.15434934103488818,10000.0,0.15584542927067851,10000.0,0.14718783062982826,0.0001,0.17033778485593432,10000.0,0.17485724739464464,10000.0,0.2116813529819509,0.0001,0.24707536250445022,10000.0,0.1996526397262619,10000.0,0.24483728408813477,,,,,,
T9,T9_day422,T9_day538,120,116,646,-5.165904998779297,0.03581783175468445,0.11209842562675476,0.032801687717437744,0.03743624687194824,0.12566432660796312,10.0,0.1623616356112616,1000.0,0.119057089645902,10000.0,0.08604558681671803,0.0001,0.09540493337523565,1000.0,0.13035165818282135,10000.0,0.07840601994025348,0.0001,0.19207825536067774,10000.0,0.1370400620514231,10000.0,0.24640787481316878,1e-05,0.2542715665283622,10000.0,0.19418660350888983,10000.0,0.40675240755081177,0.30843218181035936,1e-05,0.3404415297550164,10000.0,0.24214606511396686,10000.0
T9,T9_day435,T9_day441,7,6,126,-8.293354034423828,-0.31399965286254883,0.06796985864639282,-0.015585184097290039,0.05263924598693848,0.14286128407090942,0.001,0.025198170595717384,1000.0,0.072708972193475,10000.0,0.15006643825365568,0.001,0.10400476164338984,10000.0,0.09179860890064373,10000.0,0.17006105282950118,0.0001,0.12903527404986076,10000.0,0.17397318210930113,10000.0,0.21361202052906675,0.0001,0.25650930110314746,10000.0,0.2582729602390738,10000.0,0.25868546962738037,,,,,,
T9,T9_day435,T9_day462,30,27,454,-5.229720592498779,-1.263719081878662,0.18186292052268982,0.04520425200462341,0.06777539849281311,0.20987373120993302,0.01,0.1407738500980122,10000.0,0.22630229439573418,10000.0,0.2902375091712839,0.001,0.2549134691731303,10000.0,0.2822314012807974,10000.0,0.12514157583070556,0.0001,0.34055839884965944,10000.0,0.3410284377475326,10000.0,0.24684235995364628,0.0001,0.3885976390991628,10000.0,0.3954260722962165,10000.0,0.4742504954338074,0.391719765392737,1e-05,0.44373895320311024,10000.0,0.4352972961278534,1000.0
T9,T9_day435,T9_day554,120,119,150,-2.1373157501220703,-0.0955449640750885,0.14767923951148987,0.16140270233154297,0.17822188138961792,0.09808098005505111,0.0001,0.043819770307402195,10000.0,0.1437500634502854,1000.0,0.2198688801792965,0.001,0.19790354306374347,1000.0,0.2628247348156308,10000.0,0.270202971826634,0.0001,0.28564228097736716,10000.0,0.2990528558271966,10000.0,0.2732080516815173,0.0001,0.3276412856360539,10000.0,0.3505916634870055,10000.0,0.3709935247898102,,,,,,
T9,T9_day440,T9_day441,1,1,126,-22.15750503540039,-1.0297558307647705,0.22437256574630737,0.1753578782081604,0.2307417094707489,0.20055125048658834,0.01,0.025198170595717384,1000.0,0.18465447772749422,10000.0,0.17761407935062318,0.001,0.10400476164338984,10000.0,0.18869295779590056,10000.0,0.18440499334119337,0.0001,0.12903527404986076,10000.0,0.2206290210730807,10000.0,0.19667575373001062,0.0001,0.25650930110314746,10000.0,0.26939560470112445,10000.0,0.25868546962738037,,,,,,
T9,T9_day440,T9_day447,7,7,238,-0.7588818073272705,0.33140885829925537,0.16809043288230896,0.08426478505134583,0.19939672946929932,0.08079011021804722,0.01,-0.10764805629359331,1000000.0,0.14905691404696997,10000.0,0.1877382531671512,0.01,0.18721217174966998,10000.0,0.21289755026649793,10000.0,0.2377076900948526,0.001,0.32625267922971973,10000.0,0.18837134604885092,10000.0,0.3167179534286851,0.0001,0.38172494278186286,10000.0,0.22339510323630402,10000.0,0.36390843987464905,,,,,,
T9,T9_day440,T9_day471,30,31,368,-1.463599443435669,-0.4694969654083252,-0.000176161527633667,-0.03186088800430298,-0.07562491297721863,0.016092861781302925,0.001,-0.12421287141834592,10000.0,-0.0031593031439389185,10000.0,0.046478849658536214,0.001,-0.22620158170146398,10000.0,-0.4074402217041324,10000.0,0.02033985718357806,0.0001,-0.21935711640210942,10000.0,-0.502723606434178,10000.0,0.1420060685607934,0.0001,0.07727740192011712,10000.0,-0.11695074977696618,10000.0,0.1570192575454712,0.27049170309257103,1e-05,0.2391811075115679,10000.0,0.2144026019512768,1000.0
T9,T9_day440,T9_day560,120,120,192,-0.0865633487701416,0.009463667869567871,-0.10851126909255981,-0.43588024377822876,-0.15330997109413147,-0.10908586664745534,100.0,0.09317070610381162,10000.0,-0.02727298697316699,10000.0,0.019062505687192977,0.001,0.10838102671956551,10000.0,-0.03579284961468343,10000.0,0.05653276750273456,0.0001,0.0928652255620222,10000.0,0.06469266240340871,10000.0,0.12275849572381209,0.0001,0.18800803531600263,10000.0,0.13540475417968695,10000.0,0.16421180963516235,,,,,,
T9,T9_day447,T9_day448,1,1,198,-1.6395010948181152,-0.05346149206161499,0.13741755485534668,0.10102859139442444,0.039260536432266235,0.1011214733271667,0.01,0.06308539814564446,10000.0,0.16909718229326182,10000.0,0.12652909066878926,0.001,0.15434934103488818,10000.0,0.18881065415533516,10000.0,0.13511851312748913,0.0001,0.17033778485593432,10000.0,0.2095183234589707,10000.0,0.19376839145205366,0.0001,0.24707536250445022,10000.0,0.23697335544910053,10000.0,0.24483728408813477,,,,,,
T9,T9_day447,T9_day476,30,29,289,-42.642765045166016,-11.801219940185547,-0.046362996101379395,-0.9128004908561707,-0.5842918157577515,-0.004990323578105804,1.0,-0.037328018611299696,1000.0,-0.007649330715693903,10000.0,-0.1644719224383644,0.0001,-0.28988283006654575,1000.0,-0.1581439511803197,10000.0,-0.06229517545889257,0.0001,0.08602475386082042,10000.0,-0.47727817285527496,10000.0,0.2102464731425645,0.0001,0.16494656135801838,10000.0,-0.5868621989094907,10000.0,0.32543954253196716,,,,,,
T9,T9_day447,T9_day560,120,113,192,-3.747471332550049,-0.16663920879364014,-0.20491081476211548,-0.007001310586929321,-0.02317988872528076,-0.23323103496306774,1.0,0.09317070610381162,10000.0,-0.19105756043404987,10000.0,-0.020324647560164888,0.001,0.10838102671956551,10000.0,-0.251149164907854,10000.0,0.07296231050840729,0.0001,0.0928652255620222,10000.0,-0.11147837543463773,10000.0,0.12010783514129297,0.0001,0.18800803531600263,10000.0,0.02100750514096672,10000.0,0.16421180963516235,,,,,,
T9,T9_day457,T9_day490,30,33,207,-12.19913101196289,-1.6555616855621338,0.03296399116516113,-0.03279036283493042,-0.024732142686843872,0.12050471057326029,0.001,0.08698010984891158,10000.0,0.03973953945374337,10000.0,0.140674479968672,0.001,0.15428071775555757,10000.0,0.04968580400447825,10000.0,0.1109326141509015,0.001,0.11456386140084363,10000.0,-0.03413024628006095,10000.0,0.13937970784590514,0.0001,0.16716155043281078,10000.0,-0.008477336240580058,10000.0,0.30030912160873413,,,,,,
T9,T9_day457,T9_day576,120,119,106,-2.741466522216797,-0.25375181436538696,-0.27700531482696533,-0.2252139449119568,-0.27691495418548584,-0.22971784801237238,0.001,-0.1365366582609669,10000.0,-0.29329458398694086,10000.0,-0.12179501293165157,0.0001,0.0428891651301474,10000.0,-0.28022639341946876,10000.0,-0.09210682537988235,1e-05,0.03190066570516026,10000.0,-0.0828227474241281,1000.0,0.0456327287071403,1e-05,0.11097381758254521,10000.0,0.0726631384168071,1000.0,0.10027149319648743,,,,,,
T9,T9_day513,T9_day519,7,6,235,-0.1375144124031067,0.04186338186264038,0.09512397646903992,0.059142857789993286,0.07837143540382385,0.17470109449509819,0.001,0.08655456359441227,10000.0,0.15172043144469322,10000.0,0.20354166813401248,0.001,0.14811810103098677,10000.0,0.16853447078422923,10000.0,0.16782237736569672,0.0001,0.1719708841726944,10000.0,0.18179040553833675,10000.0,0.23189312974374815,0.0001,0.24816905595203193,10000.0,0.2230304382401716,10000.0,0.3175274431705475,,,,,,
T9,T9_day513,T9_day538,30,25,646,-0.8059698343276978,0.07040455937385559,0.14848119020462036,-0.0915772020816803,-0.06484171748161316,0.17209656813738178,0.01,0.1623616356112616,1000.0,0.10779239897977494,10000.0,0.24064189335876907,0.001,0.09540493337523565,1000.0,0.09764789634244841,10000.0,0.19909706258658055,0.0001,0.19207825536067774,10000.0,0.09199734150260191,10000.0,0.24805473184985416,0.0001,0.2542715665283622,10000.0,0.1152594458557138,10000.0,0.40675240755081177,0.3003847926756258,1e-05,0.3404415297550164,10000.0,0.1756847394499132,10000.0
T9,T9_day513,T9_day631,120,118,152,-2.0227789878845215,-0.43394118547439575,-0.09776186943054199,-0.09475937485694885,-0.1513965129852295,-0.0974133802809668,100.0,-0.0595576992418369,100000.0,-0.09680675343037304,1000000.0,0.02106644816387432,0.001,-4.20830912200576e-05,100000.0,-0.11485307681661311,10000.0,-0.03261998223118634,0.0001,-0.009986309682418815,10000.0,-0.10352862643361288,10000.0,0.045768966344793716,0.0001,0.09697960150476198,10000.0,0.076422633247832,1000.0,0.0693490207195282,,,,,,
T9,T9_day518,T9_day519,1,1,235,-0.34120863676071167,-0.04620826244354248,0.1613510251045227,0.04867616295814514,0.014224827289581299,0.20750154589373027,0.1,0.08655456359441227,10000.0,0.20691093876364652,10000.0,0.24128573364113032,0.001,0.14811810103098677,10000.0,0.19970612092465267,10000.0,0.18663878810033507,0.0001,0.1719708841726944,10000.0,0.20723472151269778,10000.0,0.230257575038244,0.0001,0.24816905595203193,10000.0,0.20371893460347223,10000.0,0.3175274431705475,,,,,,
T9,T9_day518,T9_day548,30,30,539,0.120465487241745,0.024393558502197266,0.17865285277366638,-0.11497509479522705,0.09226056933403015,0.33119486959453825,0.01,0.13658972115451384,1000.0,0.02261904094805972,10000.0,0.35350346191968773,0.001,0.2603150375781746,10000.0,-0.07808218551681573,10000.0,0.31817629342254466,0.001,0.3356028420226119,10000.0,-0.18288700326676677,10000.0,0.34827681877099914,0.0001,0.377316633193,10000.0,-0.3113654025754945,10000.0,0.5212432146072388,0.4257215571708173,1e-05,0.45394152474698074,10000.0,0.40982869325579546,1000.0
T9,T9_day518,T9_day631,120,113,152,-6.121649742126465,-1.4188607931137085,-0.15800690650939941,-0.1763884425163269,-0.12383705377578735,-0.15707966714935206,100.0,-0.0595576992418369,100000.0,-0.1568190280072379,1000000.0,0.028373060020959406,0.001,-4.20830912200576e-05,100000.0,-0.1274242904276489,10000.0,0.0026942857421505817,0.001,-0.009986309682418815,10000.0,-0.13285447320088184,10000.0,0.06444809800254303,0.0001,0.09697960150476198,10000.0,0.06830207675187461,1000.0,0.0693490207195282,,,,,,
T9,T9_day538,T9_day574,30,36,379,-1.3864190578460693,-0.34534430503845215,-0.13565868139266968,-0.10871458053588867,-0.40223246812820435,-0.07626296809994815,0.0001,0.0695867733495209,10000.0,-0.13362372166729564,10000.0,-0.06582815598984482,0.0001,0.0620224388421905,10000.0,-0.0891259148700671,10000.0,-0.34438612959468184,1e-06,-0.0645682963490426,10000.0,-0.00764404720735834,10000.0,-0.05777075805309895,0.0001,0.1582620398643368,10000.0,0.10343485502251992,1000.0,0.1985444724559784,0.08110913589714852,0.0001,0.19516659481316784,10000.0,0.18615271369191017,1000.0
T9,T9_day538,T9_day658,120,120,234,-1.550773024559021,-0.2771648168563843,-0.20134752988815308,-0.37443602085113525,-0.13496822118759155,-0.20125296349596467,100.0,0.01573549752964759,1000.0,-0.13301219713695434,10000.0,0.028119967222743292,0.001,0.031162147864234768,10000.0,-0.13448014913506667,10000.0,-0.10207033976536217,0.0001,-0.08304329605024147,10000.0,-0.18914978922014314,10000.0,0.02743660889708377,1e-05,0.03862851738751577,10000.0,-0.047695469315511274,10000.0,0.0019474029541015625,,,,,,
T9,T9_day576,T9_day582,7,6,153,-0.6053162813186646,-1.21010422706604,-0.1831105649471283,0.025051206350326538,0.04773709177970886,-0.9327096572168204,0.001,0.09907604216888372,10000.0,0.047237299556430745,10000.0,-0.9781830859335126,0.001,0.16291082828464926,10000.0,0.06540545061036601,10000.0,-0.1731299840839337,0.0001,0.2190312644326302,10000.0,0.20090964706869296,10000.0,0.025888225575220913,0.0001,0.23418591292679486,10000.0,0.24001126535624667,10000.0,0.32734644412994385,,,,,,
T9,T9_day576,T9_day603,30,27,140,-0.38293319940567017,-0.4959244132041931,-0.5450888872146606,-0.14552053809165955,-0.5190616846084595,-0.4091981473787176,0.0001,-0.18861376768742938,10000.0,-0.2060940964657194,10000.0,-0.33066919923767224,0.0001,-0.1295387338357275,10000.0,-0.13040082310998136,10000.0,0.057311421767149984,0.0001,0.20536750742215737,10000.0,-0.24454222109161228,10000.0,0.07134817316339676,1e-05,0.31418243405347573,10000.0,0.07675831742633338,1000.0,0.3544626832008362,,,,,,
T9,T9_day576,T9_day693,120,117,193,-64.51448822021484,-1.3372812271118164,-0.28121423721313477,-0.42364978790283203,-0.24193990230560303,-0.02887047947033755,0.0001,0.10407843800280409,10000.0,-0.22415848695832552,10000.0,0.0009830708062240623,0.0001,0.11554918863885877,10000.0,-0.103574238728815,10000.0,0.13567337131859092,0.0001,0.1595888855240174,10000.0,0.05664815719234839,10000.0,0.17225545569144268,1e-05,0.21298454094711772,10000.0,0.04253541393917776,10000.0,0.2800818979740143,,,,,,
T9,T9_day595,T9_day597,1,2,129,-1011763.0,-1004799.5,0.11170941591262817,0.12030366063117981,0.17070674896240234,0.13928624886233065,1.0,0.1256656903659754,10000.0,0.10773843442687187,100000.0,0.06015800332963256,0.001,0.10332198567486772,10000.0,0.0739021263478375,10000.0,-0.013189674385948091,0.0001,0.19575966183910765,10000.0,0.08781033121122195,10000.0,0.19171313482132413,0.001,0.2687504309974241,10000.0,0.15903614826435142,10000.0,0.30479949712753296,,,,,,
T9,T9_day595,T9_day603,7,8,140,-1.7285776138305664,-0.27002185583114624,-0.11592316627502441,-0.9636273980140686,-1.9784927368164062,-0.7143407731488438,0.001,-0.18861376768742938,10000.0,-0.10587244702838172,10000.0,-0.49468506518392763,0.001,-0.1295387338357275,10000.0,-0.12421211568912693,10000.0,0.10193331041178455,0.0001,0.20536750742215737,10000.0,-0.5566692586167795,10000.0,0.2824950574426731,0.0001,0.31418243405347573,10000.0,-0.01225493534227462,1000.0,0.3544626832008362,,,,,,
T9,T9_day595,T9_day629,30,34,58,-175.89163208007812,-0.8768886923789978,-0.18527725338935852,-0.250732958316803,-0.3899456262588501,-0.2706041977435971,0.0001,-0.2537498714876711,1000.0,-0.10321121005443623,10000.0,-0.05862566914418016,0.0001,0.08876967952872783,10000.0,-0.012531571913850292,10000.0,0.06754649984550265,1e-05,0.2468409348157728,10000.0,0.18354764415545166,10000.0,,,,,,,0.27173542976379395,,,,,,
T9,T9_day595,T9_day714,120,119,252,-3.9582152366638184,-0.7694738507270813,-0.5869358777999878,-0.8799404501914978,-0.5177690386772156,-1.055095104050777,0.01,-0.2417688435112657,10000.0,-1.0276567056884438,1000.0,-0.5793318938540367,0.001,-0.08016515976272554,10000.0,-0.6917883199988556,10000.0,0.021369925440068605,0.0001,-0.045287859164368616,10000.0,-0.3143701487417346,10000.0,0.06948091993130151,0.0001,0.11842926524887781,10000.0,-0.24095474639655762,10000.0,-0.23800253868103027,,,,,,
T9,T9_day597,T9_day603,7,6,140,-1.090976357460022,-0.12318393588066101,0.03949865698814392,0.16570404171943665,0.21845030784606934,-0.569690690342208,0.1,-0.18861376768742938,10000.0,0.2755791168740937,10000.0,-0.21666688303500858,0.001,-0.1295387338357275,10000.0,0.24632180386692842,10000.0,0.22755771293152532,0.0001,0.20536750742215737,10000.0,0.17330396565209932,10000.0,0.09811046787438954,1e-05,0.31418243405347573,10000.0,-0.2707159157218513,10000.0,0.3544626832008362,,,,,,
T9,T9_day597,T9_day629,30,32,58,-345.3770751953125,-1.2810724973678589,-0.2651568651199341,-0.3474652171134949,-0.2630850672721863,-0.11585777900838795,0.0001,-0.2537498714876711,1000.0,-0.14104872745876978,10000.0,0.029118054055128795,0.0001,0.08876967952872783,10000.0,-0.03476516170752847,10000.0,0.1353130708623005,0.0001,0.2468409348157728,10000.0,0.1826945385995798,10000.0,,,,,,,0.27173542976379395,,,,,,
T9,T9_day597,T9_day714,120,117,252,-115.63919830322266,-1.3030991554260254,-0.23730194568634033,-0.08036941289901733,-0.26999837160110474,-0.6412187574351002,0.01,-0.2417688435112657,10000.0,-0.722063490218415,1000.0,-0.28130368975424414,0.001,-0.08016515976272554,10000.0,-0.05675872064841836,10000.0,0.01940710834312842,0.0001,-0.045287859164368616,10000.0,-0.1544505126660498,10000.0,-0.11409747565650685,1e-05,0.11842926524887781,10000.0,0.03428532171193499,10000.0,-0.23800253868103027,,,,,,
T9,T9_day650,T9_day651,1,1,151,-3.519752264022827,-2.7537012100219727,0.0704500675201416,-0.006855636835098267,-0.03952726721763611,0.07428815967912633,0.0001,0.06794562360916262,10000.0,0.06888298953383748,10000.0,0.07791319577986089,10.0,0.03231746346788111,10000.0,0.050462288446565806,10000.0,0.08492991061165456,1.0,0.03357149319055547,10000.0,0.04759184915464859,10000.0,0.1082376724821228,0.0001,0.1152475534766223,10000.0,0.08286581574435703,10000.0,0.06778264045715332,,,,,,
T9,T9_day650,T9_day658,7,8,234,-1.31353759765625,-0.2914174199104309,-0.19402477145195007,-0.3444555699825287,-0.3059433698654175,-0.19361833301182557,100.0,0.01573549752964759,1000.0,-0.18132798509173675,100000.0,-0.13780742338621849,0.1,0.031162147864234768,10000.0,-0.16947340371420822,10000.0,-0.1008983188682035,0.001,-0.08304329605024147,10000.0,-0.23786995215885143,10000.0,0.05669364984667008,0.0001,0.03862851738751577,10000.0,-0.14566483563144605,10000.0,0.0019474029541015625,,,,,,
T9,T9_day650,T9_day681,30,31,147,-0.7707881331443787,-0.8166088461875916,-0.07694292068481445,-0.08042037487030029,-0.12152653932571411,0.12086689225360553,0.01,0.14696448354763614,10000.0,-0.09354713490251543,10000.0,0.1374578045201894,0.001,0.08420044175887337,10000.0,-0.13210436725221514,10000.0,0.183568866143335,0.0001,0.16741292289458265,10000.0,-0.15577392617372254,10000.0,0.22556094077624173,0.0001,0.23174014143737087,10000.0,0.19537763914122697,1000.0,0.24795985221862793,,,,,,
T9,T9_day650,T9_day758,120,108,336,-2.4517884254455566,-1.5903619527816772,0.020068258047103882,-0.12067997455596924,-0.0413554310798645,0.02552299039840622,10.0,0.04260394632906955,1000.0,0.018892535983096592,100000.0,0.24105927140018868,0.0001,0.23984874194873224,1000.0,0.11019799619411375,10000.0,0.1990493692526858,0.0001,0.28202175872540497,10000.0,0.12686827381996618,10000.0,0.26042181373014467,0.0001,0.3341563822600751,10000.0,0.2113947152988912,10000.0,0.3466481566429138,0.294223148548735,1e-05,0.35550849589212835,10000.0,0.34583951985224476,1000.0
T9,T9_day658,T9_day659,1,1,308,-0.46990451216697693,-0.09287992119789124,0.1645398736000061,0.12587380409240723,0.11624926328659058,0.09180333298645343,0.1,0.10339209666603827,10000.0,0.1614084948692907,10000.0,0.1592318037494035,0.001,0.18855298067215392,10000.0,0.18860481598137946,10000.0,0.2194502318409205,0.0001,0.26288150878164857,10000.0,0.2308807903487009,10000.0,0.21727786959999001,0.0001,0.2551146706079676,10000.0,0.23882296820224264,10000.0,0.28266432881355286,0.2500846560478734,0.0001,0.2890037820910459,10000.0,0.28333615426030967,10000.0
T9,T9_day658,T9_day689,30,31,167,-4.077057361602783,-3.203968048095703,0.11995768547058105,0.007904648780822754,0.02974948287010193,-0.02303756142696428,0.001,0.13612699389890293,10000.0,0.19285837381782323,10000.0,0.04004198242658069,0.001,0.15253887589690873,10000.0,0.19913826792857509,10000.0,-0.0594505390310745,0.0001,0.11797158970629779,10000.0,0.23090455052186837,10000.0,0.0403385048669318,0.0001,0.15676936017098692,10000.0,0.23035354135419478,10000.0,0.24953806400299072,,,,,,
T9,T9_day658,T9_day758,120,100,336,-7.724971771240234,-1.204864740371704,0.09241276979446411,-0.08403089642524719,0.005226343870162964,0.09280414736887138,100.0,0.04260394632906955,1000.0,0.09113853557615531,1000000.0,0.238636045632116,0.001,0.23984874194873224,1000.0,0.1616765050436404,10000.0,0.2477511655888186,0.0001,0.28202175872540497,10000.0,0.17846900695379325,10000.0,0.24317947149489605,0.0001,0.3341563822600751,10000.0,0.2477647916359258,10000.0,0.3466481566429138,0.2358597112761197,1e-05,0.35550849589212835,10000.0,0.3282342883273794,10000.0
T9,T9_day659,T9_day660,1,1,358,-1.2165932655334473,0.04851561784744263,0.33377528190612793,0.2341015636920929,0.20913836359977722,0.24418838159906014,0.1,0.1484914136258481,1000.0,0.35163027307087963,10000.0,0.11262152831946531,0.0001,0.2189906330047472,10000.0,0.333453432665207,10000.0,0.2090083174179389,0.0001,0.3099426709139953,10000.0,0.3673256322044567,10000.0,0.3424911349451297,0.0001,0.3398704029613368,10000.0,0.380963541202882,10000.0,0.41286537051200867,0.3895374928918929,0.0001,0.4040822867640729,10000.0,0.4162435964997996,100000.0
T9,T9_day659,T9_day667,7,8,134,-0.39185401797294617,0.23833361268043518,0.25349846482276917,0.18736356496810913,0.20535480976104736,0.25289481054244956,100.0,0.05465922969487863,10000.0,0.2550747012973919,1000000.0,0.2536049523346546,100.0,0.18460170402755394,10000.0,0.25340851321595037,1000000.0,0.21401206421892743,0.0001,0.24828677332233823,10000.0,0.2638808734072608,10000.0,0.3259726937218639,0.0001,0.3652220239689422,10000.0,0.3586902097993814,10000.0,0.3850124776363373,,,,,,
T9,T9_day659,T9_day689,30,30,167,-0.6524919867515564,-0.5152909159660339,0.09463685750961304,-0.012532413005828857,-0.12760761380195618,0.08125616632191579,1.0,0.13612699389890293,10000.0,0.10695956945864915,10000.0,0.14000768024297083,0.01,0.15253887589690873,10000.0,0.08594448088859558,10000.0,0.06922239822390136,0.0001,0.11797158970629779,10000.0,0.12550311947021792,10000.0,0.09660534821399624,0.0001,0.15676936017098692,10000.0,0.13244358934252753,10000.0,0.24953806400299072,,,,,,
T9,T9_day659,T9_day758,120,99,336,-4.3623504638671875,-0.7567505836486816,0.15105077624320984,0.06597217917442322,-0.04757031798362732,0.1515728820207713,100.0,0.04260394632906955,1000.0,0.14906216683499646,1000000.0,0.21919470779659966,0.0001,0.23984874194873224,1000.0,0.1649694569621738,10000.0,0.23887048914436998,0.0001,0.28202175872540497,10000.0,0.14776640195777568,10000.0,0.2749187847414298,0.0001,0.3341563822600751,10000.0,0.18703790992936242,10000.0,0.3466481566429138,0.26947253107245195,1e-05,0.35550849589212835,10000.0,0.3446009028100092,1000.0
T9,T9_day667,T9_day699,30,32,134,-15405846.0,-48907.6484375,0.16467618942260742,0.1458227038383484,0.14784687757492065,0.05321437998861006,0.001,-0.03274992672081295,10000.0,0.16483400997378062,10000.0,0.14103352914686057,0.001,0.08618447277293867,10000.0,0.16808659180627344,10000.0,0.1752933908741296,0.0001,0.13760126896143826,10000.0,0.19013520728835925,10000.0,0.17099168674505733,0.0001,0.1733677219740999,10000.0,0.21011110333623495,10000.0,0.26900264620780945,,,,,,
T9,T9_day667,T9_day758,120,91,336,-10841844.0,-18117.71875,0.04885333776473999,0.02048596739768982,0.032206207513809204,0.049598012898065535,100.0,0.04260394632906955,1000.0,0.04614203373164194,1000000.0,0.25248372301081917,0.001,0.23984874194873224,1000.0,0.07829957705892748,10000.0,0.2575952992747619,0.0001,0.28202175872540497,10000.0,0.062300726299255704,10000.0,0.27918183369874144,0.0001,0.3341563822600751,10000.0,0.14040726844438572,10000.0,0.3466481566429138,0.29194758272425636,1e-05,0.35550849589212835,10000.0,0.34433346082274036,1000.0
T9,T9_day728,T9_day758,30,30,336,-1.9416577816009521,-0.771522581577301,0.15181812644004822,0.06625199317932129,0.14412537217140198,0.15494824753762404,0.001,0.04260394632906955,1000.0,0.21567758070196752,10000.0,0.09075628510793499,0.0001,0.23984874194873224,1000.0,0.24879752118169912,10000.0,0.07865386693400744,0.0001,0.28202175872540497,10000.0,0.24141104152627957,10000.0,0.1554746694601581,0.0001,0.3341563822600751,10000.0,0.2616878577578463,10000.0,0.3466481566429138,0.26877659839546725,0.0001,0.35550849589212835,10000.0,0.34492295247105875,1000.0
