f_align_dis,f_procrustes_res,f_readout_offsub,train,test,days,r2,own_r2,f_posvel,f_smooth_ratio,f_out_w1,f_out_var,f_dis_tc,f_dis_lag,f_subspace,f_modulation
1.252015831775758e-14,5.041048822948188e-15,0.8326146602630615,2020-01-27_CO,2020-01-27_CO,0,0.3487374186515808,0.3487374186515808,0.18099981546401978,0.29327619075775146,0.052899533054105295,-0.8576435446739197,0.2811945974826813,0.29142025113105774,0.19208037853240967,0.29381269216537476
0.02346229739487171,0.3744870722293854,0.8434143662452698,2020-01-27_CO,2020-01-30_CO,3,0.22108301520347595,0.30699422955513,0.1726984828710556,0.25505873560905457,0.0629893808919899,-0.9997220039367676,0.2931566834449768,0.27636203169822693,0.25061070919036865,0.27623093128204346
1.432909882057281e-14,5.7923738234263306e-15,0.8058316707611084,2020-01-30_CO,2020-01-30_CO,0,0.30699422955513,0.30699422955513,0.1349007487297058,0.312765933573246,0.05622763971572406,-0.7983110547065735,0.2697983384132385,0.31288570165634155,0.14822643995285034,0.27623093128204346
0.04558080807328224,0.38989362120628357,0.8749991655349731,2020-01-27_CO,2020-02-04_CO,8,0.1514759510755539,0.2840074598789215,0.16103717684745789,0.30201196670532227,0.05719347000062727,-0.9761072397232056,0.30623024702072144,0.2789018154144287,0.3033057451248169,0.30142199993133545
0.02896561101078987,0.32039302587509155,0.8540324568748474,2020-01-30_CO,2020-02-04_CO,5,0.20709586143493652,0.2840074598789215,0.12066232413053513,0.33596212416887283,0.05057285147106051,-0.8581054210662842,0.2872450351715088,0.2960837781429291,0.22195041179656982,0.30142199993133545
1.4710294140023346e-14,5.332311266256946e-15,0.8209153413772583,2020-02-04_CO,2020-02-04_CO,0,0.2840074598789215,0.2840074598789215,0.13143666088581085,0.3355428874492645,0.04755149264920307,-0.8886194229125977,0.2398962378501892,0.2772083580493927,0.13606178760528564,0.30142199993133545
0.050989795476198196,0.4273632764816284,0.8826577067375183,2020-01-27_CO,2020-02-05_CO,9,0.18917739391326904,0.302337110042572,0.14702573418617249,0.25301593542099,0.06112716348499771,-1.1210259199142456,0.35040736198425293,0.25259771943092346,0.3104620575904846,0.2704343795776367
0.0372743085026741,0.3743717670440674,0.8586417436599731,2020-01-30_CO,2020-02-05_CO,6,0.18555006384849548,0.302337110042572,0.12222185730934143,0.32610268145799637,0.05704592717852322,-0.9865542650222778,0.2696281671524048,0.28427398204803467,0.2690853476524353,0.2704343795776367
0.030424686148762703,0.368261456489563,0.8540440797805786,2020-02-04_CO,2020-02-05_CO,1,0.19306039810180664,0.302337110042572,0.1027708500623703,0.3185778558254242,0.05865851558560936,-1.1662297248840332,0.2548305094242096,0.23250587284564972,0.27623307704925537,0.2704343795776367
1.805841378667815e-14,1.1190438563312734e-14,0.8209851384162903,2020-02-05_CO,2020-02-05_CO,0,0.302337110042572,0.302337110042572,0.16147391498088837,0.3525323197245598,0.05595893545002026,-1.007757306098938,0.23363862931728363,0.2637961804866791,0.1855602264404297,0.2704343795776367
0.05672093480825424,0.5011183619499207,0.8762902617454529,2020-01-27_CO,2020-02-06_CO,10,0.09579205513000488,0.28434839844703674,0.1427074819803238,0.21566632390022278,0.06943510571385934,-1.1293096542358398,0.3142281472682953,0.2737238109111786,0.33905279636383057,0.2736969292163849
0.08552694320678711,0.5277254581451416,0.877507746219635,2020-01-30_CO,2020-02-06_CO,7,0.14144675433635712,0.28434839844703674,0.09312368929386139,0.30374205857515335,0.055950934449284256,-1.0236485004425049,0.271166056394577,0.2769918739795685,0.32061731815338135,0.2736969292163849
0.06436241418123245,0.523775041103363,0.8841448426246643,2020-02-04_CO,2020-02-06_CO,2,0.1637953370809555,0.28434839844703674,0.08263267576694489,0.28113314509391785,0.06392572990976808,-1.1118301153182983,0.28725647926330566,0.2574214041233063,0.32383036613464355,0.2736969292163849
0.05016719922423363,0.4227679669857025,0.8706948757171631,2020-02-05_CO,2020-02-06_CO,1,0.20171627402305603,0.28434839844703674,0.15082517266273499,0.3261653110384941,0.05436053772253925,-1.0956921577453613,0.2603449523448944,0.25138166546821594,0.27240604162216187,0.2736969292163849
1.5293484794537404e-14,4.893066661348705e-15,0.8586440086364746,2020-02-06_CO,2020-02-06_CO,0,0.28434839844703674,0.28434839844703674,0.14542299509048462,0.3259052187204361,0.05358551728326509,-0.9298036694526672,0.24092812836170197,0.29481542110443115,0.19546401500701904,0.2736969292163849
0.040847741067409515,0.4093903601169586,0.8622195720672607,2020-01-27_CO,2020-02-11_CO,15,0.16746926307678223,0.2883590757846832,0.1512729674577713,0.25082165002822876,0.06787409887431779,-1.1368199586868286,0.32566797733306885,0.2704714238643646,0.24235892295837402,0.2867826521396637
0.02637343853712082,0.34899869561195374,0.8660571575164795,2020-01-30_CO,2020-02-11_CO,12,0.20447982847690582,0.2883590757846832,0.1019914448261261,0.33831191807985306,0.056021031746077796,-1.1096620559692383,0.3100008964538574,0.2706340253353119,0.2007819414138794,0.2867826521396637
0.02203248254954815,0.3856193721294403,0.8148753643035889,2020-02-04_CO,2020-02-11_CO,7,0.22844822704792023,0.2883590757846832,0.1057666689157486,0.3033137619495392,0.057795860985305675,-1.1335735321044922,0.2670556306838989,0.26041147112846375,0.2195228934288025,0.2867826521396637
0.032101064920425415,0.37472203373908997,0.8178471326828003,2020-02-05_CO,2020-02-11_CO,6,0.20607724785804749,0.2883590757846832,0.1468944251537323,0.2741703912615776,0.05794185747718673,-1.0913276672363281,0.3220900595188141,0.26898568868637085,0.19360971450805664,0.2867826521396637
0.07496406883001328,0.45289528369903564,0.8256958723068237,2020-02-06_CO,2020-02-11_CO,5,0.1350691318511963,0.2883590757846832,0.1283399760723114,0.3061041980981827,0.052830872383509676,-0.9910544753074646,0.3468925654888153,0.3002869188785553,0.27782928943634033,0.2867826521396637
1.7104658076201595e-14,5.039621995948538e-15,0.8005520701408386,2020-02-11_CO,2020-02-11_CO,0,0.2883590757846832,0.2883590757846832,0.14403945207595825,0.3155203014612198,0.052554994762820384,-0.868084192276001,0.27955466508865356,0.3089609146118164,0.09741461277008057,0.2867826521396637
0.05485757812857628,0.4029749929904938,0.8038618564605713,2020-01-27_CO,2020-02-22_CO,26,0.0133180171251297,0.2927793860435486,0.1575811207294464,0.3014523386955261,0.06564990593629828,-0.9697153568267822,0.2935008406639099,0.30932480096817017,0.2831454873085022,0.2658236622810364
0.039944421499967575,0.34416699409484863,0.8634011745452881,2020-01-30_CO,2020-02-22_CO,23,0.05698753893375397,0.2927793860435486,0.11655275523662567,0.3657319024205208,0.06777442298656255,-1.020998477935791,0.29573825001716614,0.2888736426830292,0.26853352785110474,0.2658236622810364
0.017707442864775658,0.4034534692764282,0.8710039258003235,2020-02-04_CO,2020-02-22_CO,18,0.14342473447322845,0.2927793860435486,0.0924983024597168,0.363840788602829,0.06524001111222769,-1.1412793397903442,0.26617729663848877,0.2512176036834717,0.2881885766983032,0.2658236622810364
0.02834230102598667,0.3619100749492645,0.8614410161972046,2020-02-05_CO,2020-02-22_CO,17,0.12790770828723907,0.2927793860435486,0.14427006244659424,0.3142956420779228,0.061781428461702516,-1.0097012519836426,0.2753913998603821,0.28372785449028015,0.27701812982559204,0.2658236622810364
0.08937926590442657,0.5040108561515808,0.8579772114753723,2020-02-06_CO,2020-02-22_CO,16,0.08526144921779633,0.2927793860435486,0.10715945065021515,0.31648577749729156,0.05637304921991488,-0.8932962417602539,0.32930493354797363,0.3175888955593109,0.3236757516860962,0.2658236622810364
0.032100237905979156,0.443185955286026,0.7966967821121216,2020-02-11_CO,2020-02-22_CO,11,0.12189027667045593,0.2927793860435486,0.12580934166908264,0.331914946436882,0.055701339544309544,-0.8391916751861572,0.265577495098114,0.3195510506629944,0.25105082988739014,0.2658236622810364
1.5717880488363804e-14,4.30853600071209e-15,0.7895745635032654,2020-02-22_CO,2020-02-22_CO,0,0.2927793860435486,0.2927793860435486,0.14645236730575562,0.3105754479765892,0.05439432984995586,-0.8015494346618652,0.27056050300598145,0.3165437877178192,0.1897578239440918,0.2658236622810364
0.08033721148967743,0.4409957826137543,0.8593744039535522,2020-01-27_CO,2020-02-24_CO,28,0.08329744637012482,0.2612215578556061,0.16351833939552307,0.24356365203857422,0.05679257371608898,-1.0153422355651855,0.29881903529167175,0.2901468873023987,0.28807365894317627,0.2618011236190796
0.03024752251803875,0.41345521807670593,0.8653880953788757,2020-01-30_CO,2020-02-24_CO,25,0.11953939497470856,0.2612215578556061,0.10944099724292755,0.3167055919766426,0.05652692446570573,-1.1695071458816528,0.328988254070282,0.25983938574790955,0.2890772223472595,0.2618011236190796
0.02081988751888275,0.3825269043445587,0.8443171977996826,2020-02-04_CO,2020-02-24_CO,20,0.16338686645030975,0.2612215578556061,0.10983341932296753,0.2953425943851471,0.053856027408058865,-1.1657798290252686,0.26763761043548584,0.2615136206150055,0.31605201959609985,0.2618011236190796
0.04808057099580765,0.4708671271800995,0.8665962219238281,2020-02-05_CO,2020-02-24_CO,19,0.0864974856376648,0.2612215578556061,0.1594851016998291,0.23934530466794968,0.05229776080943663,-1.1126682758331299,0.3053598701953888,0.2604258060455322,0.3248337507247925,0.2618011236190796
0.07018550485372543,0.5411971211433411,0.8718928694725037,2020-02-06_CO,2020-02-24_CO,18,0.048537567257881165,0.2612215578556061,0.11279591172933578,0.2850434333086014,0.05097980651245944,-0.9928107261657715,0.3419881761074066,0.30252566933631897,0.3787975311279297,0.2618011236190796
0.03158125653862953,0.45642462372779846,0.8397346138954163,2020-02-11_CO,2020-02-24_CO,13,0.16209664940834045,0.2612215578556061,0.14211829006671906,0.2796410769224167,0.0511621968377536,-0.9369992017745972,0.3047337830066681,0.30665385723114014,0.305606484413147,0.2618011236190796
0.015850815922021866,0.40637674927711487,0.8399454355239868,2020-02-22_CO,2020-02-24_CO,2,0.18204739689826965,0.2612215578556061,0.14094781875610352,0.2316124066710472,0.055114486735031,-1.1223604679107666,0.31961801648139954,0.2808508574962616,0.2704331874847412,0.2618011236190796
1.251977884699721e-14,4.675727747962145e-15,0.8642481565475464,2020-02-24_CO,2020-02-24_CO,0,0.2612215578556061,0.2612215578556061,0.12786176800727844,0.30724669992923737,0.053618279690492,-0.9260199069976807,0.30177828669548035,0.30379000306129456,0.17672699689865112,0.2618011236190796
0.07779582589864731,0.43773844838142395,0.8464816212654114,2020-01-27_CO,2020-02-25_CO,29,-0.013815179467201233,0.21203655004501343,0.15105628967285156,0.2486366629600525,0.06677321989054058,-1.210402250289917,0.3168593645095825,0.26260265707969666,0.2861291170120239,0.274463951587677
0.039501287043094635,0.3958428204059601,0.8969579935073853,2020-01-30_CO,2020-02-25_CO,26,0.01611390709877014,0.21203655004501343,0.09352526813745499,0.264971025288105,0.06970227261751977,-1.3349409103393555,0.31361624598503113,0.24136680364608765,0.3155364394187927,0.274463951587677
0.04155142977833748,0.4298984408378601,0.855380654335022,2020-02-04_CO,2020-02-25_CO,21,0.012872770428657532,0.21203655004501343,0.08905120193958282,0.29457345604896545,0.06371109408661958,-1.2677876949310303,0.28705883026123047,0.25196993350982666,0.34198540449142456,0.274463951587677
0.03432092443108559,0.4427327811717987,0.8371996879577637,2020-02-05_CO,2020-02-25_CO,20,0.03846985101699829,0.21203655004501343,0.16283917427062988,0.2572427913546562,0.05911533463799194,-1.207573652267456,0.28565263748168945,0.24830378592014313,0.3142244219779968,0.274463951587677
0.06968339532613754,0.5013713836669922,0.8610579371452332,2020-02-06_CO,2020-02-25_CO,19,-0.004180341958999634,0.21203655004501343,0.12072635442018509,0.3008504956960678,0.05547088531037635,-1.0502936840057373,0.3459510803222656,0.29292038083076477,0.3782697916030884,0.274463951587677
0.03527785465121269,0.4473874270915985,0.8169345259666443,2020-02-11_CO,2020-02-25_CO,14,0.023588567972183228,0.21203655004501343,0.11044202744960785,0.26315443217754364,0.05800606223600566,-1.0337222814559937,0.28876829147338867,0.2801119387149811,0.3123360872268677,0.274463951587677
0.05733012780547142,0.3873182237148285,0.8600820302963257,2020-02-22_CO,2020-02-25_CO,3,0.11163641512393951,0.21203655004501343,0.1272708922624588,0.25984983891248703,0.056374218927016356,-1.014180302619934,0.2781468629837036,0.2930389940738678,0.29644256830215454,0.274463951587677
0.02961789257824421,0.38531413674354553,0.8649982213973999,2020-02-24_CO,2020-02-25_CO,1,0.09740957617759705,0.21203655004501343,0.10738709568977356,0.3083977848291397,0.06064912571453457,-1.0850028991699219,0.3410099148750305,0.28127428889274597,0.221532940864563,0.274463951587677
1.2475614549127371e-14,5.763043613561756e-15,0.9050548672676086,2020-02-25_CO,2020-02-25_CO,0,0.21203655004501343,0.21203655004501343,0.15952056646347046,0.30186036974191666,0.05852499912464852,-0.9358677864074707,0.30836209654808044,0.3017021715641022,0.15613508224487305,0.274463951587677
7.036294646028474e-15,1.7251830262545267e-15,0.8339056968688965,2020-02-28_RD,2020-02-28_RD,0,0.3503042757511139,0.3503042757511139,0.14607509970664978,0.25451725721359253,0.06414819889507851,-0.6897192597389221,0.3168172836303711,0.3681217432022095,0.15984928607940674,0.2477598786354065
0.01440067682415247,0.3504630923271179,0.8639066815376282,2020-02-28_RD,2020-03-02_RD,3,0.26643580198287964,0.3380860686302185,0.11550989747047424,0.22693568468093872,0.08530662961027019,-0.9790545701980591,0.34361183643341064,0.2981315851211548,0.19262760877609253,0.3384544849395752
8.051796940777498e-15,2.827158173434913e-15,0.8492814898490906,2020-03-02_RD,2020-03-02_RD,0,0.3380860686302185,0.3380860686302185,0.1343870460987091,0.23679903149604797,0.06657747947208247,-0.6442026495933533,0.3511159121990204,0.3871053457260132,0.15077942609786987,0.3384544849395752
0.03376341983675957,0.41130784153938293,0.8443785309791565,2020-02-28_RD,2020-03-10_RD,11,0.31645745038986206,0.4045559763908386,0.1452447772026062,0.30235207080841064,0.07009431672735057,-0.7481558322906494,0.34027335047721863,0.3491591811180115,0.22366243600845337,0.32318663597106934
0.047516267746686935,0.3529890775680542,0.8345368504524231,2020-03-02_RD,2020-03-10_RD,8,0.30744147300720215,0.4045559763908386,0.11244247853755951,0.2699364721775055,0.06067908099901923,-0.631944477558136,0.36970028281211853,0.38886961340904236,0.2453288435935974,0.32318663597106934
9.80735742725676e-15,4.618908777860326e-15,0.6945719122886658,2020-03-10_RD,2020-03-10_RD,0,0.4045559763908386,0.4045559763908386,0.14393764734268188,0.23848024010658264,0.057779847110749405,-0.5213237404823303,0.26609179377555847,0.3974318504333496,0.14293038845062256,0.32318663597106934
0.035335611552000046,0.39159923791885376,0.9040111899375916,2020-02-28_RD,2020-03-13_RD,14,0.19721296429634094,0.2918921113014221,0.10048234462738037,0.24498409032821655,0.08768235315420747,-0.9956642985343933,0.3765020966529846,0.3136422038078308,0.2487095594406128,0.2716115713119507
0.054255835711956024,0.3104015290737152,0.8668633103370667,2020-03-02_RD,2020-03-13_RD,11,0.23382331430912018,0.2918921113014221,0.10757362842559814,0.23105338215827942,0.07491801753433319,-0.7402786612510681,0.4227306544780731,0.38463515043258667,0.21790844202041626,0.2716115713119507
0.04996626451611519,0.3450588881969452,0.829517126083374,2020-03-10_RD,2020-03-13_RD,3,0.2662147879600525,0.2918921113014221,0.1096455305814743,0.1681835949420929,0.0878211135909743,-0.7812045216560364,0.385934442281723,0.3933432698249817,0.2404872179031372,0.2716115713119507
9.070198205788499e-15,3.843971463428049e-15,0.8578636050224304,2020-03-13_RD,2020-03-13_RD,0,0.2918921113014221,0.2918921113014221,0.11893579363822937,0.2277783453464508,0.0701878442523739,-0.7124217748641968,0.3298761248588562,0.36231276392936707,0.19436198472976685,0.2716115713119507
0.06484366208314896,0.38112157583236694,0.8497106432914734,2020-02-28_RD,2020-03-17_RD,18,0.2816224694252014,0.37487202882766724,0.09722892194986343,0.323147714138031,0.08551600303260415,-0.8562959432601929,0.2858864963054657,0.3341306447982788,0.20027124881744385,0.3106921315193176
0.07126551121473312,0.3704776465892792,0.8614731431007385,2020-03-02_RD,2020-03-17_RD,15,0.25083696842193604,0.37487202882766724,0.08004692196846008,0.27735960483551025,0.09410649508089108,-0.8834760785102844,0.35282102227211,0.36222946643829346,0.24760043621063232,0.3106921315193176
0.0586891807615757,0.3662112057209015,0.7984344363212585,2020-03-10_RD,2020-03-17_RD,7,0.2687961757183075,0.37487202882766724,0.09349314123392105,0.2062826156616211,0.0870715374933495,-0.7591880559921265,0.32047319412231445,0.3812442123889923,0.22604453563690186,0.3106921315193176
0.09730938822031021,0.42220860719680786,0.838141918182373,2020-03-13_RD,2020-03-17_RD,4,0.26687756180763245,0.37487202882766724,0.08703987300395966,0.2537672221660614,0.09094980466118993,-0.878987729549408,0.31995055079460144,0.33474230766296387,0.24916088581085205,0.3106921315193176
9.090803129263407e-15,4.7081928267645075e-15,0.8411805033683777,2020-03-17_RD,2020-03-17_RD,0,0.37487202882766724,0.37487202882766724,0.15772134065628052,0.26437558233737946,0.06768961529898443,-0.6875782608985901,0.23125287890434265,0.33114683628082275,0.09030359983444214,0.3106921315193176
0.08583439886569977,0.3883465826511383,0.8961601853370667,2020-02-28_RD,2020-03-18_RD,19,0.2332497090101242,0.3479202091693878,0.08653397858142853,0.28896981477737427,0.09748655975165682,-1.063435673713684,0.32463890314102173,0.30165645480155945,0.21394556760787964,0.276370644569397
0.1990526169538498,0.400953471660614,0.8629177212715149,2020-03-02_RD,2020-03-18_RD,16,0.21341046690940857,0.3479202091693878,0.0824524313211441,0.26713696122169495,0.08768525927252506,-0.8329507112503052,0.37507733702659607,0.36841821670532227,0.24617058038711548,0.276370644569397
0.224263995885849,0.3678053319454193,0.8609600067138672,2020-03-10_RD,2020-03-18_RD,8,0.22807835042476654,0.3479202091693878,0.0912047028541565,0.19225195050239563,0.09153743081407284,-0.806161642074585,0.31560608744621277,0.38770848512649536,0.2184026837348938,0.276370644569397
0.09904490411281586,0.3323978781700134,0.8823515772819519,2020-03-13_RD,2020-03-18_RD,5,0.26288074254989624,0.3479202091693878,0.10618451982736588,0.253185898065567,0.08429157929826042,-0.8178706169128418,0.3333136737346649,0.347052663564682,0.24144768714904785,0.276370644569397
0.06501484662294388,0.2741723656654358,0.8702545166015625,2020-03-17_RD,2020-03-18_RD,1,0.28627943992614746,0.3479202091693878,0.1475304812192917,0.21731950342655182,0.08128443804674364,-0.8223917484283447,0.30425989627838135,0.33778315782546997,0.14160805940628052,0.276370644569397
8.66623040555103e-15,4.923907977991181e-15,0.8536744117736816,2020-03-18_RD,2020-03-18_RD,0,0.3479202091693878,0.3479202091693878,0.1326061636209488,0.2375829815864563,0.08413750096478005,-0.8194389939308167,0.3073730766773224,0.31934627890586853,0.11845749616622925,0.276370644569397
0.08792073279619217,0.4241188168525696,0.8728216886520386,2020-02-28_RD,2020-03-19_RD,20,0.25513482093811035,0.36061882972717285,0.08022329956293106,0.2899799942970276,0.08810549240766835,-1.043624758720398,0.3699590563774109,0.28971943259239197,0.249902606010437,0.2778872549533844
0.14318445324897766,0.3898024559020996,0.837418794631958,2020-03-02_RD,2020-03-19_RD,17,0.27733853459358215,0.36061882972717285,0.09193912148475647,0.2535845637321472,0.07076488944187048,-0.7270966172218323,0.43878087401390076,0.37163102626800537,0.2684992551803589,0.2778872549533844
0.16485247015953064,0.3626168668270111,0.814452588558197,2020-03-10_RD,2020-03-19_RD,9,0.2765646278858185,0.36061882972717285,0.08618039637804031,0.19354763627052307,0.07271091746231635,-0.7518741488456726,0.38220247626304626,0.36111190915107727,0.25804340839385986,0.2778872549533844
0.09342754632234573,0.3650601804256439,0.8326081037521362,2020-03-13_RD,2020-03-19_RD,6,0.31350821256637573,0.36061882972717285,0.09876435250043869,0.2705048620700836,0.07089364219461124,-0.7604501247406006,0.3799136281013489,0.3459051549434662,0.23806607723236084,0.2778872549533844
0.09786781668663025,0.32828542590141296,0.8847754001617432,2020-03-17_RD,2020-03-19_RD,2,0.26380473375320435,0.36061882972717285,0.14737293124198914,0.24211429059505463,0.08225074911406956,-0.9055495262145996,0.36031121015548706,0.31638655066490173,0.19058525562286377,0.2778872549533844
0.039380259811878204,0.276368111371994,0.8734035491943359,2020-03-18_RD,2020-03-19_RD,1,0.28581202030181885,0.36061882972717285,0.13964203000068665,0.2356185019016266,0.0845188117393092,-0.8447838425636292,0.3347967565059662,0.3187303841114044,0.17993032932281494,0.2778872549533844
8.620904825510506e-15,5.486159978049113e-15,0.8498069047927856,2020-03-19_RD,2020-03-19_RD,0,0.36061882972717285,0.36061882972717285,0.11445073783397675,0.23264533281326294,0.07686304638931064,-0.7636153697967529,0.3122914135456085,0.3288009762763977,0.11225759983062744,0.2778872549533844
0.04121508449316025,0.40857455134391785,0.8206183910369873,2020-02-28_RD,2020-03-20_RD,21,0.21358230710029602,0.29047417640686035,0.10357267409563065,0.20861759781837463,0.09164273247009959,-0.9724913835525513,0.3916330933570862,0.31503069400787354,0.21521538496017456,0.2720784544944763
0.0321207195520401,0.35326486825942993,0.8565415143966675,2020-03-02_RD,2020-03-20_RD,18,0.2286759465932846,0.29047417640686035,0.10458317399024963,0.1890673041343689,0.08872723685367286,-0.8714187741279602,0.3667239844799042,0.35127711296081543,0.2015601396560669,0.2720784544944763
0.050461724400520325,0.36354127526283264,0.8022298812866211,2020-03-10_RD,2020-03-20_RD,10,0.2186896800994873,0.29047417640686035,0.1083429753780365,0.11204749345779419,0.08314092291901637,-0.8592926263809204,0.35952267050743103,0.3508411645889282,0.20388329029083252,0.2720784544944763
0.03420159965753555,0.40140295028686523,0.8516377806663513,2020-03-13_RD,2020-03-20_RD,7,0.23884516954421997,0.29047417640686035,0.10592728853225708,0.2132180631160736,0.0867105158386696,-0.8582524061203003,0.35548725724220276,0.32793352007865906,0.22537147998809814,0.2720784544944763
0.027541304007172585,0.34778979420661926,0.8561357855796814,2020-03-17_RD,2020-03-20_RD,3,0.23179124295711517,0.29047417640686035,0.15109865367412567,0.12815289199352264,0.08870933049014718,-0.9603801965713501,0.32397904992103577,0.3188665211200714,0.22575831413269043,0.2720784544944763
0.04529294744133949,0.3734019994735718,0.8655327558517456,2020-03-18_RD,2020-03-20_RD,2,0.23253655433654785,0.29047417640686035,0.13171261548995972,0.16892540454864502,0.09209437010713283,-0.9430753588676453,0.2996433973312378,0.3000679016113281,0.2368088960647583,0.2720784544944763
0.08923116326332092,0.2918129563331604,0.897553026676178,2020-03-19_RD,2020-03-20_RD,1,0.24419400095939636,0.29047417640686035,0.11158282309770584,0.18613454699516296,0.08396749256929761,-0.7998740673065186,0.29735010862350464,0.33778202533721924,0.2052164077758789,0.2720784544944763
9.265893309790343e-15,4.2342766222263056e-15,0.8288404941558838,2020-03-20_RD,2020-03-20_RD,0,0.29047417640686035,0.29047417640686035,0.1295902580022812,0.22234585881233215,0.09113302788266336,-0.9180288314819336,0.2805340886116028,0.2942906320095062,0.1544480323791504,0.2720784544944763
1.4368340162953207e-14,3.207951787510214e-15,0.7529073357582092,2020-06-26_CO,2020-06-26_CO,0,0.18396984040737152,0.18396984040737152,0.13179731369018555,0.32453712821006775,0.04810278895539723,-0.9928496479988098,0.23749925196170807,0.2837803363800049,0.16053855419158936,0.2604585587978363
0.017273379489779472,0.3360287845134735,0.8110113143920898,2020-06-26_CO,2020-07-08_CO,12,0.17398320138454437,0.3053130507469177,0.09574680775403976,0.2820715010166168,0.0567551461382755,-1.1813064813613892,0.2792714536190033,0.2586738169193268,0.21859151124954224,0.26314491033554077
1.545850883551917e-14,6.173044405966043e-15,0.829750657081604,2020-07-08_CO,2020-07-08_CO,0,0.3053130507469177,0.3053130507469177,0.16023895144462585,0.24799096584320068,0.053349367311903886,-1.0242857933044434,0.30564257502555847,0.28806784749031067,0.17509448528289795,0.26314491033554077
0.02643698640167713,0.36053794622421265,0.8019471168518066,2020-06-26_CO,2020-07-14_CO,18,0.08476865291595459,0.27713435888290405,0.06389181315898895,0.2846404016017914,0.05734414845930702,-1.3027631044387817,0.27855879068374634,0.23959296941757202,0.2534511089324951,0.2609800398349762
0.03274613618850708,0.37926310300827026,0.8213295936584473,2020-07-08_CO,2020-07-14_CO,6,0.12539540231227875,0.27713435888290405,0.11759616434574127,0.22888565063476562,0.05580478944885521,-1.1782598495483398,0.33747491240501404,0.26960834860801697,0.2548118829727173,0.2609800398349762
1.2384267974996626e-14,4.488344154755233e-15,0.8309460878372192,2020-07-14_CO,2020-07-14_CO,0,0.27713435888290405,0.27713435888290405,0.14552010595798492,0.28648728132247925,0.06461677571813759,-1.1338844299316406,0.2795611321926117,0.2610311210155487,0.21350014209747314,0.2609800398349762
8.980685457988559e-15,4.332863210473707e-15,0.7518103718757629,2020-07-29_RD,2020-07-29_RD,0,0.34804362058639526,0.34804362058639526,0.1293972283601761,0.21330037713050842,0.06846065784228343,-0.6416552066802979,0.328329473733902,0.36298897862434387,0.19243937730789185,0.2973494529724121
0.04842079058289528,0.4192509651184082,0.817428708076477,2020-06-26_CO,2020-07-31_CO,35,-0.005528390407562256,0.19828559458255768,0.13861221075057983,0.16267386078834534,0.05417935158409198,-1.0126092433929443,0.35478219389915466,0.34451964497566223,0.2476927638053894,0.8499889969825745
0.06740465015172958,0.4719019830226898,0.8499282598495483,2020-07-08_CO,2020-07-31_CO,23,0.0700477659702301,0.19828559458255768,0.15334206819534302,0.04761373996734619,0.0498003132752887,-0.8945680260658264,0.4064025580883026,0.359074205160141,0.27609288692474365,0.8499889969825745
0.17649249732494354,0.4607101082801819,0.880977213382721,2020-07-14_CO,2020-07-31_CO,17,-0.013573750853538513,0.19828559458255768,0.17362208664417267,0.0679207444190979,0.05721295070721483,-0.9899676442146301,0.41182804107666016,0.30250027775764465,0.2904033064842224,0.8499889969825745
1.5449555697266693e-14,5.471722724979637e-15,0.7697677612304688,2020-07-31_CO,2020-07-31_CO,0,0.19828559458255768,0.19828559458255768,0.11708149313926697,0.1365146040916443,0.04883473544716929,-0.8029204607009888,0.28679439425468445,0.329848051071167,0.080311119556427,0.8499889969825745
0.05910874903202057,0.38766390085220337,0.8825356960296631,2020-07-29_RD,2020-08-08_RD,10,0.18365834653377533,0.2771609425544739,0.12056948244571686,0.07996863126754761,0.08039461358901251,-0.8830612897872925,0.35509175062179565,0.3180708885192871,0.29140686988830566,0.27508389949798584
7.099930537289795e-15,5.113168172692735e-15,0.8536489009857178,2020-08-08_RD,2020-08-08_RD,0,0.2771609425544739,0.2771609425544739,0.15448498725891113,0.16891558468341827,0.07595229065887182,-0.8103293776512146,0.3024105131626129,0.31902483105659485,0.11217612028121948,0.27508389949798584
0.10279371589422226,0.5338199734687805,0.8810262084007263,2020-07-29_RD,2020-08-11_RD,13,0.21695487201213837,0.34422335028648376,0.1230122298002243,0.08538278937339783,0.06836956380665252,-0.6501118540763855,0.33469751477241516,0.36727187037467957,0.3301631212234497,0.28346720337867737
0.03818977251648903,0.4239449203014374,0.8853052258491516,2020-08-08_RD,2020-08-11_RD,3,0.2456999570131302,0.34422335028648376,0.1468239277601242,0.1850799173116684,0.07720616625005464,-0.766737699508667,0.25831496715545654,0.32384631037712097,0.19301176071166992,0.28346720337867737
9.137812610803073e-15,4.578549351989553e-15,0.8819754123687744,2020-08-11_RD,2020-08-11_RD,0,0.34422335028648376,0.34422335028648376,0.14654435217380524,0.1908896565437317,0.06764729323048313,-0.646946132183075,0.2854783535003662,0.3544663190841675,0.08733367919921875,0.28346720337867737
0.08010759204626083,0.5704238414764404,0.8637624979019165,2020-07-29_RD,2020-08-22_RD,24,0.05251206457614899,0.29989129304885864,0.08916075527667999,0.10861048102378845,0.08069348146799676,-0.8038435578346252,0.41677072644233704,0.34365859627723694,0.3299080729484558,0.2279229313135147
0.02055218629539013,0.3838334083557129,0.8829198479652405,2020-08-08_RD,2020-08-22_RD,14,0.031110718846321106,0.29989129304885864,0.08634665608406067,0.1299292892217636,0.0882747715032112,-0.937364935874939,0.3265798091888428,0.2980821430683136,0.27476370334625244,0.2279229313135147
0.025543471798300743,0.38579365611076355,0.8205947875976562,2020-08-11_RD,2020-08-22_RD,11,0.05646628141403198,0.29989129304885864,0.1104729101061821,0.06713083386421204,0.07652536428245767,-0.7615899443626404,0.3409375846385956,0.34109073877334595,0.2198876142501831,0.2279229313135147
8.687779770762127e-15,5.744115391805938e-15,0.7724166512489319,2020-08-22_RD,2020-08-22_RD,0,0.29989129304885864,0.29989129304885864,0.10883625596761703,0.14722925424575806,0.07884699289310085,-0.7965133786201477,0.2793540358543396,0.32748690247535706,0.1057286262512207,0.2279229313135147
0.09015389531850815,0.4722803235054016,0.8029981851577759,2020-07-29_RD,2020-08-29_RD,31,0.08311304450035095,0.2787606120109558,0.07105473428964615,0.2147361934185028,0.08896716258312602,-0.9722305536270142,0.40501219034194946,0.3247312903404236,0.314029335975647,0.305752694606781
0.03753220662474632,0.39743173122406006,0.8190604448318481,2020-08-08_RD,2020-08-29_RD,21,0.021982476115226746,0.2787606120109558,0.118685781955719,0.1834394484758377,0.09461757567186452,-1.0166064500808716,0.3591857850551605,0.2867085039615631,0.22648775577545166,0.305752694606781
0.06230425089597702,0.35465312004089355,0.8361568450927734,2020-08-11_RD,2020-08-29_RD,18,0.006601795554161072,0.2787606120109558,0.14249058067798615,0.18904650211334229,0.07546447491655267,-0.7750726938247681,0.40558257699012756,0.3361632525920868,0.24930739402770996,0.305752694606781
0.05053934454917908,0.3970237076282501,0.8431732058525085,2020-08-22_RD,2020-08-29_RD,7,-0.0006129145622253418,0.2787606120109558,0.08840914070606232,0.18081587553024292,0.10492770403839832,-1.235674262046814,0.2909156084060669,0.27435630559921265,0.273030161857605,0.305752694606781
8.52023580676228e-15,4.215819774305634e-15,0.793809175491333,2020-08-29_RD,2020-08-29_RD,0,0.2787606120109558,0.2787606120109558,0.12638041377067566,0.25467222929000854,0.08434588398733762,-0.9119291305541992,0.25093498826026917,0.2854522168636322,0.07033586502075195,0.305752694606781
0.12648996710777283,0.5451906323432922,0.8469628095626831,2020-07-29_RD,2020-09-04_RD,37,0.1735352873802185,0.30548059940338135,0.10743369162082672,0.08966407179832458,0.0788958869723245,-0.8566383719444275,0.44767826795578003,0.3323781490325928,0.3582097291946411,0.2668733298778534
0.06451001763343811,0.4733601212501526,0.8448868989944458,2020-08-08_RD,2020-09-04_RD,27,0.14942191541194916,0.30548059940338135,0.1454407274723053,0.1367039531469345,0.07814192660944022,-0.8047117590904236,0.40582841634750366,0.3217664062976837,0.3487282395362854,0.2668733298778534
0.06068583205342293,0.5131086111068726,0.8037385940551758,2020-08-11_RD,2020-09-04_RD,24,0.1675655096769333,0.30548059940338135,0.14492112398147583,0.12824884057044983,0.08288775719311181,-0.837795078754425,0.3960893750190735,0.3434329628944397,0.34067797660827637,0.2668733298778534
0.09042532742023468,0.547780454158783,0.8397316932678223,2020-08-22_RD,2020-09-04_RD,13,-0.011631205677986145,0.30548059940338135,0.09248307347297668,0.09075948596000671,0.09073315920793211,-1.0109763145446777,0.3127900958061218,0.3119960129261017,0.4015229344367981,0.2668733298778534
0.08612420409917831,0.5086076855659485,0.8466585278511047,2020-08-29_RD,2020-09-04_RD,6,0.21167820692062378,0.30548059940338135,0.10493099689483643,0.14630213379859924,0.08100526344055525,-0.7800429463386536,0.3420797884464264,0.32123813033103943,0.33218634128570557,0.2668733298778534
8.632025521075008e-15,3.9375067706945e-15,0.8764778971672058,2020-09-04_RD,2020-09-04_RD,0,0.30548059940338135,0.30548059940338135,0.1604100465774536,0.1558350920677185,0.0709775620732756,-0.6568939685821533,0.31442204117774963,0.3420754075050354,0.16677552461624146,0.2668733298778534
0.026126760989427567,0.442991703748703,0.8412442803382874,2020-07-31_CO,2020-09-24_CO,55,0.05775083601474762,0.26374179124832153,0.10304784774780273,0.18074196577072144,0.054251490463130186,-1.066231369972229,0.286422461271286,0.2779272496700287,0.20398682355880737,0.2589527666568756
1.4277758459573832e-14,7.622173359600644e-15,0.8408746719360352,2020-09-24_CO,2020-09-24_CO,0,0.26374179124832153,0.26374179124832153,0.1478358656167984,0.13355982303619385,0.054072088535077625,-0.9136136174201965,0.2943372130393982,0.30600467324256897,0.09848308563232422,0.2589527666568756
0.055711206048727036,0.4669030010700226,0.8562766909599304,2020-07-31_CO,2020-09-28_CO,59,-0.1013878732919693,0.33142781257629395,0.09044409543275833,0.2064812183380127,0.05794993588035674,-1.2124230861663818,0.28210121393203735,0.24745529890060425,0.3123168349266052,0.2621093690395355
0.04322260990738869,0.35007181763648987,0.794342041015625,2020-09-24_CO,2020-09-28_CO,4,0.20542103052139282,0.33142781257629395,0.12896957993507385,0.09358209371566772,0.048957097229378396,-0.8788590431213379,0.34735730290412903,0.3255762755870819,0.2796514630317688,0.2621093690395355
1.4500345165585106e-14,6.312724374133013e-15,0.8299043774604797,2020-09-28_CO,2020-09-28_CO,0,0.33142781257629395,0.33142781257629395,0.18655911087989807,0.20634981989860535,0.04521408926776643,-0.7360159754753113,0.3065928816795349,0.3373006284236908,0.24906504154205322,0.2621093690395355
0.04859071597456932,0.3450799584388733,0.8193025588989258,2020-07-31_CO,2020-09-29_CO,60,-0.008978262543678284,0.21588759124279022,0.1083134114742279,0.14682960510253906,0.06537984312658464,-1.2590820789337158,0.24648484587669373,0.23899485170841217,0.27009159326553345,0.28910762071609497
0.03052474372088909,0.38242384791374207,0.7824937105178833,2020-09-24_CO,2020-09-29_CO,5,0.15084263682365417,0.21588759124279022,0.13482080399990082,0.055535972118377686,0.05985511282711249,-1.0717079639434814,0.28647735714912415,0.281698614358902,0.2304806113243103,0.28910762071609497
0.06953028589487076,0.33296623826026917,0.8385608196258545,2020-09-28_CO,2020-09-29_CO,1,0.16311977803707123,0.21588759124279022,0.15695321559906006,0.06831875443458557,0.0573092521460081,-1.1825246810913086,0.30756741762161255,0.26200538873672485,0.2059774398803711,0.28910762071609497
1.5262490164931475e-14,5.875397451817355e-15,0.8114935159683228,2020-09-29_CO,2020-09-29_CO,0,0.21588759124279022,0.21588759124279022,0.13741269707679749,0.13001668453216553,0.05609464208410969,-0.9668033123016357,0.25337448716163635,0.29863685369491577,0.1824057698249817,0.28910762071609497
0.042007926851511,0.39288780093193054,0.8370621204376221,2020-09-24_CO,2020-10-02_CO,8,0.12906514108181,0.26639658212661743,0.1338929384946823,0.061761319637298584,0.054050151082163864,-0.8682530522346497,0.29559561610221863,0.3248797357082367,0.22120457887649536,0.29020267724990845
0.11561531573534012,0.42379024624824524,0.8264985084533691,2020-09-28_CO,2020-10-02_CO,4,0.15092876553535461,0.26639658212661743,0.14826780557632446,0.09471821784973145,0.050703418451532645,-1.0471043586730957,0.323561429977417,0.29230111837387085,0.23277819156646729,0.29020267724990845
0.0464838445186615,0.28610169887542725,0.8827371001243591,2020-09-29_CO,2020-10-02_CO,3,0.14510004222393036,0.26639658212661743,0.10133503377437592,0.1615944802761078,0.05844197434545331,-1.0934598445892334,0.27047067880630493,0.2845049798488617,0.18590962886810303,0.29020267724990845
1.2450040083350922e-14,4.29764781569161e-15,0.8816404342651367,2020-10-02_CO,2020-10-02_CO,0,0.26639658212661743,0.26639658212661743,0.12121450155973434,0.22482706606388092,0.05379936919644167,-1.1427760124206543,0.2351999282836914,0.24758993089199066,0.15949678421020508,0.29020267724990845
0.05993390083312988,0.38067367672920227,0.9133636951446533,2020-09-24_CO,2020-10-07_CO,13,0.19780166447162628,0.30200785398483276,0.08984149247407913,0.12338528037071228,0.055466312562852144,-1.013379454612732,0.3200468122959137,0.2940691113471985,0.20216941833496094,0.28498417139053345
0.05967722460627556,0.3617693781852722,0.901205837726593,2020-09-28_CO,2020-10-07_CO,9,0.21329496800899506,0.30200785398483276,0.13240152597427368,0.13115906715393066,0.04929395455372468,-1.0193995237350464,0.3396853506565094,0.29021626710891724,0.19496262073516846,0.28498417139053345
0.07905863225460052,0.28211119771003723,0.8850743174552917,2020-09-29_CO,2020-10-07_CO,8,0.10493041574954987,0.30200785398483276,0.08626516908407211,0.21923604607582092,0.05582079408826335,-0.8602128028869629,0.33912384510040283,0.333230584859848,0.24057483673095703,0.28498417139053345
0.05893200263381004,0.29913458228111267,0.8741944432258606,2020-10-02_CO,2020-10-07_CO,5,0.10054394602775574,0.30200785398483276,0.0823344886302948,0.22052492201328278,0.06444800561555433,-1.2105467319488525,0.3121204078197479,0.25137460231781006,0.2289597988128662,0.28498417139053345
1.3447730545768609e-14,6.515640434010201e-15,0.857404351234436,2020-10-07_CO,2020-10-07_CO,0,0.30200785398483276,0.30200785398483276,0.1382734328508377,0.1962428092956543,0.046480554728711675,-0.798622727394104,0.28800681233406067,0.3243108093738556,0.19624394178390503,0.28498417139053345
0.043017249554395676,0.3471003472805023,0.8460673093795776,2020-09-24_CO,2020-10-12_CO,18,0.06146778166294098,0.2957443594932556,0.12478344142436981,0.1459503471851349,0.05230329517602135,-0.9432275295257568,0.3513607978820801,0.30996057391166687,0.22892224788665771,0.2640993595123291
0.0997316986322403,0.40835490822792053,0.8329052329063416,2020-09-28_CO,2020-10-12_CO,14,0.11646747589111328,0.2957443594932556,0.13333332538604736,0.1505332589149475,0.05108515978284067,-1.0219461917877197,0.3591397702693939,0.2815019190311432,0.2309773564338684,0.2640993595123291
0.1242179125547409,0.30044451355934143,0.8371607661247253,2020-09-29_CO,2020-10-12_CO,13,-0.02076098322868347,0.2957443594932556,0.08392710238695145,0.2720896303653717,0.04770537431054098,-0.8393129706382751,0.39363300800323486,0.3420204520225525,0.2545550465583801,0.2640993595123291
0.06421847641468048,0.33030563592910767,0.8937348127365112,2020-10-02_CO,2020-10-12_CO,10,0.01733832061290741,0.2957443594932556,0.06569861620664597,0.22566254436969757,0.054703985539596794,-1.094862461090088,0.31122469902038574,0.2684493660926819,0.2646896243095398,0.2640993595123291
0.06451860070228577,0.3154389262199402,0.8197776079177856,2020-10-07_CO,2020-10-12_CO,5,0.12893223762512207,0.2957443594932556,0.11905422806739807,0.17269480228424072,0.05064635182476261,-0.9420207142829895,0.33386754989624023,0.2999335527420044,0.2637523412704468,0.2640993595123291
1.3770114673625385e-14,3.606450296007261e-15,0.8104317784309387,2020-10-12_CO,2020-10-12_CO,0,0.2957443594932556,0.2957443594932556,0.14030314981937408,0.26390494406223297,0.050511875516061094,-0.8619738817214966,0.32083937525749207,0.30810466408729553,0.1577925682067871,0.2640993595123291
0.11385145038366318,0.38943567872047424,0.7872955799102783,2020-09-24_CO,2020-10-16_CO,22,0.15813475847244263,0.30262279510498047,0.1459892839193344,0.0812343955039978,0.05230487225113728,-0.7843273282051086,0.30567049980163574,0.35469502210617065,0.22358322143554688,0.27353307604789734
0.07302871346473694,0.4325522780418396,0.8499411344528198,2020-09-28_CO,2020-10-16_CO,18,0.1655745804309845,0.30262279510498047,0.1550065129995346,0.062127262353897095,0.052897459175153136,-0.9080042839050293,0.35104233026504517,0.31705954670906067,0.21825945377349854,0.27353307604789734
0.08605042845010757,0.3687257468700409,0.8319243788719177,2020-09-29_CO,2020-10-16_CO,17,0.1181197315454483,0.30262279510498047,0.10810329020023346,0.17401114106178284,0.04668001476605166,-0.7368187308311462,0.30312252044677734,0.36060988903045654,0.23506909608840942,0.27353307604789734
0.06628045439720154,0.3796370327472687,0.8490521311759949,2020-10-02_CO,2020-10-16_CO,14,0.12661553919315338,0.30262279510498047,0.1009737104177475,0.17621318995952606,0.052215570787188303,-1.0403921604156494,0.3041989803314209,0.2799682021141052,0.23733282089233398,0.27353307604789734
0.06637976318597794,0.322038859128952,0.8226375579833984,2020-10-07_CO,2020-10-16_CO,9,0.17616885900497437,0.30262279510498047,0.11818480491638184,0.13934189081192017,0.0489578827380535,-0.8401059508323669,0.3077511191368103,0.30158692598342896,0.23207122087478638,0.27353307604789734
0.035663142800331116,0.3616524338722229,0.824720025062561,2020-10-12_CO,2020-10-16_CO,4,0.22289936244487762,0.30262279510498047,0.12665127217769623,0.17558135092258453,0.051247550637763574,-0.8735853433609009,0.31223535537719727,0.3051428198814392,0.19634878635406494,0.27353307604789734
1.5477680579247324e-14,4.6892612168769e-15,0.7649507522583008,2020-10-16_CO,2020-10-16_CO,0,0.30262279510498047,0.30262279510498047,0.15907864272594452,0.13700276613235474,0.04874451588928306,-0.7645801305770874,0.262306272983551,0.31019076704978943,0.1335238218307495,0.27353307604789734
0.054349135607481,0.3760300278663635,0.8248220682144165,2020-09-24_CO,2020-10-23_CO,29,0.1506464183330536,0.3124052882194519,0.15093079209327698,0.009776145219802856,0.053783745853750786,-0.7502139210700989,0.3199133574962616,0.3658332824707031,0.2517513632774353,0.25647151470184326
0.12698936462402344,0.39009031653404236,0.840741753578186,2020-09-28_CO,2020-10-23_CO,25,0.14307619631290436,0.3124052882194519,0.16230739653110504,0.029299229383468628,0.05390615563266091,-0.9499183893203735,0.34318551421165466,0.29765158891677856,0.24167954921722412,0.25647151470184326
0.07979273051023483,0.2858940660953522,0.8564956784248352,2020-09-29_CO,2020-10-23_CO,24,0.10660086572170258,0.3124052882194519,0.11344850063323975,0.1387016475200653,0.04987583233552831,-0.9134858846664429,0.31459590792655945,0.3219771087169647,0.252810001373291,0.25647151470184326
0.06387042999267578,0.34943950176239014,0.9172738194465637,2020-10-02_CO,2020-10-23_CO,21,0.08994083106517792,0.3124052882194519,0.1036624014377594,0.19550205767154694,0.05737066478831601,-1.1259760856628418,0.28313934803009033,0.2704748511314392,0.2655864953994751,0.25647151470184326
0.08386517316102982,0.36663758754730225,0.8736206889152527,2020-10-07_CO,2020-10-23_CO,16,0.1176699697971344,0.3124052882194519,0.13462413847446442,0.059325456619262695,0.0496759553664013,-0.8444632887840271,0.33270931243896484,0.3143417239189148,0.25387871265411377,0.25647151470184326
0.02713761106133461,0.376560777425766,0.8702663779258728,2020-10-12_CO,2020-10-23_CO,11,0.19823478162288666,0.3124052882194519,0.1356528401374817,0.14296863973140717,0.05023173748612424,-0.9207999110221863,0.33546316623687744,0.3028419613838196,0.2416943907737732,0.25647151470184326
0.043236568570137024,0.41472309827804565,0.8502035140991211,2020-10-16_CO,2020-10-23_CO,7,0.18126602470874786,0.3124052882194519,0.15199631452560425,0.12780070304870605,0.052461737811246224,-0.8390682935714722,0.30797991156578064,0.3177322745323181,0.2291364073753357,0.25647151470184326
1.0584765113279705e-14,2.8441869238065133e-15,0.8877837657928467,2020-10-23_CO,2020-10-23_CO,0,0.3124052882194519,0.3124052882194519,0.15668395161628723,0.1767408847808838,0.05020455689633867,-0.7746171355247498,0.32331663370132446,0.33850541710853577,0.19413530826568604,0.25647151470184326
0.07625889778137207,0.4695473611354828,0.7219970226287842,2020-09-24_CO,2020-11-03_CO,40,0.09747916460037231,0.3284069895744324,0.10596219450235367,0.13299304246902466,0.04906146954092287,-0.8075711727142334,0.3516360819339752,0.3555145859718323,0.34725868701934814,0.2791827321052551
0.12072288990020752,0.4399356245994568,0.7402442693710327,2020-09-28_CO,2020-11-03_CO,36,0.16410720348358154,0.3284069895744324,0.12591566145420074,0.10602676868438721,0.04851671813983077,-0.8548973798751831,0.38050296902656555,0.3276432156562805,0.34384846687316895,0.2791827321052551
0.1629250943660736,0.42713621258735657,0.6767711639404297,2020-09-29_CO,2020-11-03_CO,35,0.059384286403656006,0.3284069895744324,0.07478243857622147,0.15911832451820374,0.04995004793830197,-0.7149918079376221,0.33374080061912537,0.3678201735019684,0.3635317087173462,0.2791827321052551
0.16312140226364136,0.4007405638694763,0.8252193331718445,2020-10-02_CO,2020-11-03_CO,32,0.1129601001739502,0.3284069895744324,0.09510718286037445,0.15002693235874176,0.059636083758309325,-1.010509967803955,0.31365376710891724,0.2907962501049042,0.3866180181503296,0.2791827321052551
0.09937996417284012,0.4065629541873932,0.7270932197570801,2020-10-07_CO,2020-11-03_CO,27,0.1498328000307083,0.3284069895744324,0.14289788901805878,0.10126268863677979,0.04889493791139006,-0.8023588061332703,0.32183578610420227,0.31770026683807373,0.3212219476699829,0.2791827321052551
0.05746234953403473,0.3851066827774048,0.7468817830085754,2020-10-12_CO,2020-11-03_CO,22,0.20602448284626007,0.3284069895744324,0.1100563332438469,0.14725597202777863,0.04723010252461343,-0.7279378771781921,0.35001078248023987,0.3446919918060303,0.3474067449569702,0.2791827321052551
0.06229737401008606,0.4304490387439728,0.7216799259185791,2020-10-16_CO,2020-11-03_CO,18,0.19277171790599823,0.3284069895744324,0.13601207733154297,0.09770500659942627,0.05096623911551999,-0.7161403894424438,0.3293939232826233,0.3455984890460968,0.3248055577278137,0.2791827321052551
0.08102396875619888,0.43508437275886536,0.7453161478042603,2020-10-23_CO,2020-11-03_CO,11,0.10267622768878937,0.3284069895744324,0.12460273504257202,0.16021156311035156,0.05127310012669336,-0.8065270185470581,0.36550313234329224,0.34283941984176636,0.3650468587875366,0.2791827321052551
1.6271438542251118e-14,7.504048685875401e-15,0.716089129447937,2020-11-03_CO,2020-11-03_CO,0,0.3284069895744324,0.3284069895744324,0.14536353945732117,0.12618543207645416,0.050000668975075324,-0.7765617966651917,0.2862676680088043,0.3312561511993408,0.22826296091079712,0.2791827321052551
0.07169739156961441,0.430944561958313,0.8072482943534851,2020-09-24_CO,2020-11-05_CO,42,0.19887782633304596,0.3830134868621826,0.14081153273582458,0.13795128464698792,0.05079049130994921,-0.911786675453186,0.288764625787735,0.3222447335720062,0.3437651991844177,0.2655377686023712
0.11779025942087173,0.42503562569618225,0.7866207957267761,2020-09-28_CO,2020-11-05_CO,38,0.2348695546388626,0.3830134868621826,0.1256847083568573,0.16709208488464355,0.05083642364049789,-0.967354416847229,0.32262200117111206,0.2915932536125183,0.29162347316741943,0.2655377686023712
0.18484529852867126,0.46245619654655457,0.7738479375839233,2020-09-29_CO,2020-11-05_CO,37,0.14940229058265686,0.3830134868621826,0.09236407279968262,0.28530260920524597,0.050935775997365214,-0.8378633856773376,0.31397077441215515,0.3426632881164551,0.36255133152008057,0.2655377686023712
0.07261578738689423,0.44199326634407043,0.8587297201156616,2020-10-02_CO,2020-11-05_CO,34,0.1807146817445755,0.3830134868621826,0.09131675213575363,0.2669968754053116,0.05611964462868936,-1.2175432443618774,0.2765239179134369,0.2417735606431961,0.35830509662628174,0.2655377686023712
0.08475323766469955,0.4475446045398712,0.7673875093460083,2020-10-07_CO,2020-11-05_CO,29,0.1683848351240158,0.3830134868621826,0.12259821593761444,0.2094009518623352,0.05017737477670363,-0.9004944562911987,0.30712980031967163,0.2948169410228729,0.34647780656814575,0.2655377686023712
0.04842708259820938,0.45385125279426575,0.8276674747467041,2020-10-12_CO,2020-11-05_CO,24,0.2169409990310669,0.3830134868621826,0.10994318872690201,0.20804984867572784,0.05102053967883633,-0.9134987592697144,0.3186527490615845,0.29660314321517944,0.325435996055603,0.2655377686023712
0.06993120908737183,0.4261738657951355,0.7499907612800598,2020-10-16_CO,2020-11-05_CO,20,0.18690621852874756,0.3830134868621826,0.15651273727416992,0.1462109088897705,0.05492995383484785,-0.833328366279602,0.29086631536483765,0.31603899598121643,0.3236898183822632,0.2655377686023712
0.06052497401833534,0.43295207619667053,0.80066978931427,2020-10-23_CO,2020-11-05_CO,13,0.18987810611724854,0.3830134868621826,0.12548355758190155,0.20113182067871094,0.052905320545173176,-0.8651943206787109,0.31753528118133545,0.32755208015441895,0.33259516954421997,0.2655377686023712
0.050977613776922226,0.38490933179855347,0.8265573382377625,2020-11-03_CO,2020-11-05_CO,2,0.30455881357192993,0.3830134868621826,0.1191338449716568,0.1708727926015854,0.052094869139065136,-1.0431231260299683,0.2925766706466675,0.27076733112335205,0.3125759959220886,0.2655377686023712
1.4853881471176e-14,4.421152842697812e-15,0.8024750351905823,2020-11-05_CO,2020-11-05_CO,0,0.3830134868621826,0.3830134868621826,0.13117171823978424,0.2525593191385269,0.048655368500016644,-0.8529330492019653,0.27576205134391785,0.29778218269348145,0.21369796991348267,0.2655377686023712
0.03162818402051926,0.5170467495918274,0.8112325668334961,2020-09-24_CO,2020-11-09_CO,46,0.23820307850837708,0.40243610739707947,0.12361975014209747,0.19871586561203003,0.05003140678266112,-0.8113080859184265,0.33118417859077454,0.347401887178421,0.3829590678215027,0.27844053506851196
0.0881504938006401,0.4990302324295044,0.8421047925949097,2020-09-28_CO,2020-11-09_CO,42,0.26119428873062134,0.40243610739707947,0.14390069246292114,0.11838573217391968,0.05447547943102729,-1.00227689743042,0.38490042090415955,0.29843685030937195,0.3908766508102417,0.27844053506851196
0.09014340490102768,0.4454510807991028,0.7907793521881104,2020-09-29_CO,2020-11-09_CO,41,0.17304278910160065,0.40243610739707947,0.1194954365491867,0.18447676301002502,0.04868980086655005,-0.8003007173538208,0.33110475540161133,0.345824658870697,0.41053760051727295,0.27844053506851196
0.04551807418465614,0.4445861876010895,0.9107420444488525,2020-10-02_CO,2020-11-09_CO,38,0.1863500326871872,0.40243610739707947,0.09551763534545898,0.18662424385547638,0.05342640001913627,-1.075257420539856,0.2864032983779907,0.26800137758255005,0.3819226622581482,0.27844053506851196
0.04725818708539009,0.44956910610198975,0.8768392205238342,2020-10-07_CO,2020-11-09_CO,33,0.24340419471263885,0.40243610739707947,0.12639927864074707,0.21529269218444824,0.05327595295249742,-1.0198016166687012,0.31502577662467957,0.28062760829925537,0.3996674418449402,0.27844053506851196
0.08218645304441452,0.45995816588401794,0.842535138130188,2020-10-12_CO,2020-11-09_CO,28,0.19702576100826263,0.40243610739707947,0.15739452838897705,0.1900901049375534,0.04681435041153364,-0.737253725528717,0.46160218119621277,0.3699233829975128,0.4067506194114685,0.27844053506851196
0.12888386845588684,0.4889720380306244,0.7909122109413147,2020-10-16_CO,2020-11-09_CO,24,0.24240639805793762,0.40243610739707947,0.15975970029830933,0.16531646251678467,0.04792618523480736,-0.6691057682037354,0.3610524833202362,0.37386539578437805,0.3990306258201599,0.27844053506851196
0.051975809037685394,0.43367502093315125,0.8194155693054199,2020-10-23_CO,2020-11-09_CO,17,0.22850078344345093,0.40243610739707947,0.13986366987228394,0.23067450523376465,0.04836244661873488,-0.7261365056037903,0.36565259099006653,0.3636654019355774,0.39363378286361694,0.27844053506851196
0.0713442787528038,0.46814316511154175,0.8374316096305847,2020-11-03_CO,2020-11-09_CO,6,0.2882576584815979,0.40243610739707947,0.13145306706428528,0.16529564559459686,0.05231865014111316,-0.8937978744506836,0.34693363308906555,0.308031290769577,0.38025903701782227,0.27844053506851196
0.03319758549332619,0.4431447684764862,0.8953359127044678,2020-11-05_CO,2020-11-09_CO,4,0.29935020208358765,0.40243610739707947,0.10889942944049835,0.2150341421365738,0.05666224068939106,-0.8822330832481384,0.35086044669151306,0.3179546892642975,0.3411155939102173,0.27844053506851196
1.5330029184013744e-14,5.513334065546452e-15,0.8773912787437439,2020-11-09_CO,2020-11-09_CO,0,0.40243610739707947,0.40243610739707947,0.12396976351737976,0.24698954820632935,0.0433710897509514,-0.6672045588493347,0.2848813235759735,0.3612903952598572,0.1098012924194336,0.27844053506851196
0.06828412413597107,0.5614133477210999,0.7766525745391846,2020-09-24_CO,2020-11-16_CO,53,0.15988688170909882,0.36261409521102905,0.11359038949012756,0.2051844298839569,0.05001906338011164,-0.9009517431259155,0.391875684261322,0.3247343599796295,0.41790324449539185,0.26904013752937317
0.10721788555383682,0.5491431951522827,0.7336314916610718,2020-09-28_CO,2020-11-16_CO,49,0.14866957068443298,0.36261409521102905,0.14814576506614685,0.10458052158355713,0.04611433885660603,-0.8667458891868591,0.41914063692092896,0.3399909734725952,0.41912996768951416,0.26904013752937317
0.11689797788858414,0.5101139545440674,0.6822646856307983,2020-09-29_CO,2020-11-16_CO,48,0.0574813038110733,0.36261409521102905,0.1031004935503006,0.1828347146511078,0.04966782375826178,-0.6264408230781555,0.4169248044490814,0.4027762711048126,0.43485045433044434,0.26904013752937317
0.14551113545894623,0.5038796663284302,0.7458309531211853,2020-10-02_CO,2020-11-16_CO,45,0.0970340371131897,0.36261409521102905,0.08717882633209229,0.23541398346424103,0.05373923687740327,-1.0221664905548096,0.31481829285621643,0.28406351804733276,0.4200040102005005,0.26904013752937317
0.12049008160829544,0.5246797800064087,0.741021990776062,2020-10-07_CO,2020-11-16_CO,40,0.15919190645217896,0.36261409521102905,0.105664923787117,0.22765427827835083,0.050886662466335456,-0.8755180835723877,0.37321561574935913,0.3171963393688202,0.43792688846588135,0.26904013752937317
0.09354973584413528,0.5544841289520264,0.7245367765426636,2020-10-12_CO,2020-11-16_CO,35,0.09368026256561279,0.36261409521102905,0.12897145748138428,0.17669956386089325,0.0461301561815814,-0.7557586431503296,0.41811028122901917,0.35552310943603516,0.42172491550445557,0.26904013752937317
0.10509457439184189,0.5047491788864136,0.7571670413017273,2020-10-16_CO,2020-11-16_CO,31,0.14713555574417114,0.36261409521102905,0.1511649191379547,0.13593384623527527,0.04758823361768476,-0.7225158214569092,0.40343382954597473,0.3613869845867157,0.401025652885437,0.26904013752937317
0.06502848863601685,0.5169492959976196,0.7706763744354248,2020-10-23_CO,2020-11-16_CO,24,0.1373620480298996,0.36261409521102905,0.12526053190231323,0.2245481014251709,0.047358602752176654,-0.7232157588005066,0.39501115679740906,0.37145569920539856,0.43161845207214355,0.26904013752937317
0.08528659492731094,0.4906981885433197,0.7182044386863708,2020-11-03_CO,2020-11-16_CO,13,0.2188008576631546,0.36261409521102905,0.12758927047252655,0.11755980551242828,0.05049122303188522,-0.9033211469650269,0.34296754002571106,0.3085913062095642,0.4023418426513672,0.26904013752937317
0.06046737730503082,0.46669015288352966,0.8034727573394775,2020-11-05_CO,2020-11-16_CO,11,0.17449182271957397,0.36261409521102905,0.11139538884162903,0.14961902797222137,0.05322382061864957,-0.862217903137207,0.38684383034706116,0.31989753246307373,0.40113991498947144,0.26904013752937317
0.11657707393169403,0.5197852253913879,0.7493523359298706,2020-11-09_CO,2020-11-16_CO,7,0.242445170879364,0.36261409521102905,0.046217307448387146,0.062278181314468384,0.04357893839328639,-0.7081831693649292,0.41430628299713135,0.36527305841445923,0.43297117948532104,0.26904013752937317
1.5604449224199297e-14,2.5960903382810183e-15,0.7412081956863403,2020-11-16_CO,2020-11-16_CO,0,0.36261409521102905,0.36261409521102905,0.13616853952407837,0.2070496380329132,0.04281430803163951,-0.7896443009376526,0.3016130030155182,0.32187122106552124,0.14808577299118042,0.26904013752937317
0.04461689665913582,0.4712024927139282,0.9073858261108398,2020-10-07_CO,2020-12-03_CO,57,0.15860165655612946,0.29571056365966797,0.09954804182052612,0.1834966540336609,0.05810645293380186,-1.0665671825408936,0.3260158896446228,0.27861106395721436,0.4143422245979309,0.27932995557785034
0.04163944348692894,0.47982797026634216,0.8811755180358887,2020-10-12_CO,2020-12-03_CO,52,0.1590248942375183,0.29571056365966797,0.12273985892534256,0.16683579981327057,0.059973596556641015,-1.022376298904419,0.32653146982192993,0.28731635212898254,0.3803204298019409,0.27932995557785034
0.05546405538916588,0.4663047194480896,0.8346136808395386,2020-10-16_CO,2020-12-03_CO,48,0.17504103481769562,0.29571056365966797,0.1382807195186615,0.21379482746124268,0.0619688398991089,-1.0582493543624878,0.28391388058662415,0.28079405426979065,0.3936571478843689,0.27932995557785034
0.0295899398624897,0.4382499158382416,0.8822672963142395,2020-10-23_CO,2020-12-03_CO,41,0.17881649732589722,0.29571056365966797,0.13526704907417297,0.20066103339195251,0.05394963082303551,-1.0010420083999634,0.2984389066696167,0.29832589626312256,0.3714147210121155,0.27932995557785034
0.08726346492767334,0.49435997009277344,0.8711878657341003,2020-11-03_CO,2020-12-03_CO,30,0.1836337000131607,0.29571056365966797,0.10903223603963852,0.12819604575634003,0.05763673427390993,-1.093317985534668,0.32285648584365845,0.2881465554237366,0.4144800901412964,0.27932995557785034
0.07251395285129547,0.453447550535202,0.9214321374893188,2020-11-05_CO,2020-12-03_CO,28,0.17258299887180328,0.29571056365966797,0.0971316397190094,0.1533939391374588,0.05936047413934809,-1.1291821002960205,0.4015171229839325,0.2766796052455902,0.3618113398551941,0.27932995557785034
0.04183951020240784,0.30638283491134644,0.9096726775169373,2020-11-09_CO,2020-12-03_CO,24,0.22205756604671478,0.29571056365966797,0.08597220480442047,0.13968613743782043,0.04944267394619728,-0.9944060444831848,0.3201161026954651,0.3049168288707733,0.1624894142150879,0.27932995557785034
0.12102299928665161,0.5787922739982605,0.8467538356781006,2020-11-16_CO,2020-12-03_CO,17,0.1999906450510025,0.29571056365966797,0.098020538687706,0.15738573670387268,0.051087911448287476,-0.9255833029747009,0.299523264169693,0.3190881013870239,0.46777182817459106,0.27932995557785034
1.299278745573243e-14,2.682117545503007e-15,0.8565760850906372,2020-12-03_CO,2020-12-03_CO,0,0.29571056365966797,0.29571056365966797,0.11266156286001205,0.2801028937101364,0.05870773724860621,-0.9873639345169067,0.27093735337257385,0.2902734577655792,0.14300620555877686,0.27932995557785034
0.07322967797517776,0.5397047996520996,0.8857201933860779,2020-10-07_CO,2020-12-04_CO,58,0.1119183599948883,0.3363886773586273,0.06542026996612549,0.1525118350982666,0.05424549657417341,-1.1343371868133545,0.3864520192146301,0.2602534294128418,0.38635915517807007,0.2979641556739807
0.13073807954788208,0.556000828742981,0.8716013431549072,2020-10-12_CO,2020-12-04_CO,53,0.11991274356842041,0.3363886773586273,0.05827005207538605,0.20374514162540436,0.054122280822594154,-1.0683938264846802,0.493069589138031,0.29114601016044617,0.3774254322052002,0.2979641556739807
0.0469137579202652,0.5171546936035156,0.8558782935142517,2020-10-16_CO,2020-12-04_CO,49,0.1394803524017334,0.3363886773586273,0.10407687723636627,0.13100075721740723,0.05817882781092677,-1.2197328805923462,0.39513424038887024,0.2278701364994049,0.35244953632354736,0.2979641556739807
0.09653230756521225,0.5136875510215759,0.9142038822174072,2020-10-23_CO,2020-12-04_CO,42,0.11456750333309174,0.3363886773586273,0.10549229383468628,0.20083534717559814,0.0652724318336747,-1.1466444730758667,0.4231979548931122,0.26575061678886414,0.3671870231628418,0.2979641556739807
0.07439792156219482,0.5163664817810059,0.8411945104598999,2020-11-03_CO,2020-12-04_CO,31,0.18327660858631134,0.3363886773586273,0.10575322806835175,0.11235980689525604,0.05701552222965277,-1.0732808113098145,0.45303595066070557,0.2957349121570587,0.3755359649658203,0.2979641556739807
0.09981206804513931,0.4779716432094574,0.8863510489463806,2020-11-05_CO,2020-12-04_CO,29,0.17156893014907837,0.3363886773586273,0.06512007117271423,0.17607481777668,0.0578616227604945,-1.2123674154281616,0.7982729077339172,0.254682719707489,0.36803334951400757,0.2979641556739807
0.12450961768627167,0.5034615993499756,0.8915590047836304,2020-11-09_CO,2020-12-04_CO,25,0.17091239988803864,0.3363886773586273,0.047987744212150574,0.07089382410049438,0.05229007006704939,-1.0341190099716187,0.4115373492240906,0.28435614705085754,0.3372371196746826,0.2979641556739807
0.07908410578966141,0.4800162613391876,0.8645162582397461,2020-11-16_CO,2020-12-04_CO,18,0.1985553801059723,0.3363886773586273,0.11125704646110535,0.13272488117218018,0.05198358441847588,-1.1355321407318115,0.45517513155937195,0.2605171203613281,0.3460679054260254,0.2979641556739807
0.07843732833862305,0.42204052209854126,0.841310977935791,2020-12-03_CO,2020-12-04_CO,1,0.20738591253757477,0.3363886773586273,0.0821121484041214,0.21953855454921722,0.05505484661376059,-1.1884280443191528,0.3759385943412781,0.24518737196922302,0.3556470274925232,0.2979641556739807
1.7104380249394896e-14,4.909447431515656e-15,0.7571115493774414,2020-12-04_CO,2020-12-04_CO,0,0.3363886773586273,0.3363886773586273,0.15073981881141663,0.24025660753250122,0.04890508183093588,-0.8235085606575012,0.33742275834083557,0.311996728181839,0.12771451473236084,0.2979641556739807
0.181116983294487,0.5950406193733215,0.8187296390533447,2020-10-12_CO,2020-12-11_CO,60,0.016165301203727722,0.22695177793502808,0.07873177528381348,0.1987672597169876,0.056575596960515125,-1.3391138315200806,0.48570525646209717,0.2536388635635376,0.4341885447502136,0.33802205324172974
0.08937351405620575,0.4999149441719055,0.8356313109397888,2020-10-16_CO,2020-12-11_CO,56,-0.0006476640701293945,0.22695177793502808,0.10004882514476776,0.07185840606689453,0.057727253953894456,-1.2158735990524292,0.34815847873687744,0.25951674580574036,0.4022233486175537,0.33802205324172974
0.11906708031892776,0.5760059356689453,0.8618260025978088,2020-10-23_CO,2020-12-11_CO,49,0.051058605313301086,0.22695177793502808,0.12896627187728882,0.17494338750839233,0.058833091339747415,-1.1000745296478271,0.3737487196922302,0.2886027693748474,0.4314120411872864,0.33802205324172974
0.07332561910152435,0.5744257569313049,0.8793858289718628,2020-11-03_CO,2020-12-11_CO,38,0.05305817723274231,0.22695177793502808,0.10677441209554672,0.038444921374320984,0.05458729277973124,-1.0804572105407715,0.35873153805732727,0.28965070843696594,0.4432642459869385,0.33802205324172974
0.11941694468259811,0.5086313486099243,0.8976149559020996,2020-11-05_CO,2020-12-11_CO,36,0.022577568888664246,0.22695177793502808,0.0600937083363533,0.1304178088903427,0.05532127514457302,-1.1422423124313354,0.34770798683166504,0.2687041163444519,0.41987353563308716,0.33802205324172974
0.12311700731515884,0.5341323614120483,0.8650972247123718,2020-11-09_CO,2020-12-11_CO,32,0.024152040481567383,0.22695177793502808,0.06576550006866455,0.08567273616790771,0.057419447358370984,-1.1811418533325195,0.394659161567688,0.2827076315879822,0.465389609336853,0.33802205324172974
0.08059120923280716,0.5714700222015381,0.8701744675636292,2020-11-16_CO,2020-12-11_CO,25,0.08789905905723572,0.22695177793502808,0.07785609364509583,0.1683841347694397,0.05337659454226129,-1.1122363805770874,0.3303548991680145,0.2842034101486206,0.4783059358596802,0.33802205324172974
0.05357708781957626,0.4881523847579956,0.8835580348968506,2020-12-03_CO,2020-12-11_CO,8,0.09796194732189178,0.22695177793502808,0.04848327115178108,0.1820192188024521,0.06122341525286587,-1.4232577085494995,0.34618091583251953,0.20750990509986877,0.4384946823120117,0.33802205324172974
0.04074840992689133,0.48761582374572754,0.8090122938156128,2020-12-04_CO,2020-12-11_CO,7,0.12170310318470001,0.22695177793502808,0.11369352042675018,0.10005074739456177,0.0515738747314089,-0.938271164894104,0.4664880931377411,0.3171475827693939,0.4257197976112366,0.33802205324172974
1.4542793374703808e-14,7.696215050618984e-15,0.8873400688171387,2020-12-11_CO,2020-12-11_CO,0,0.22695177793502808,0.22695177793502808,0.14893577992916107,0.2427852749824524,0.050418642112132095,-0.8519527912139893,0.31208908557891846,0.31551113724708557,0.2344139814376831,0.33802205324172974
9.034431392557739e-15,4.259246306478415e-15,0.8379073143005371,2020-12-12_RD,2020-12-12_RD,0,0.25961655378341675,0.25961655378341675,0.15587855875492096,0.2378171980381012,0.0908281129942037,-0.8258748650550842,0.2660250663757324,0.29913222789764404,0.05652731657028198,0.33466628193855286
0.08016899228096008,0.45972341299057007,0.8993289470672607,2020-11-05_CO,2021-01-04_CO,60,0.11909843981266022,0.31727659702301025,0.0801728367805481,0.18150357902050018,0.05345894044445332,-1.075117826461792,0.47541344165802,0.2751418352127075,0.2716301679611206,0.2781595289707184
0.04520517960190773,0.4272085130214691,0.8815928101539612,2020-11-09_CO,2021-01-04_CO,56,0.14792798459529877,0.31727659702301025,0.0894353836774826,0.05318635702133179,0.048265723876913434,-0.985254168510437,0.4437815546989441,0.3097064793109894,0.35191571712493896,0.2781595289707184
0.08322509378194809,0.4702645242214203,0.8442614078521729,2020-11-16_CO,2021-01-04_CO,49,0.14764565229415894,0.31727659702301025,0.09669164568185806,0.1643783152103424,0.049719917999981586,-1.0046300888061523,0.45831936597824097,0.30027708411216736,0.37545686960220337,0.2781595289707184
0.03799932822585106,0.47096502780914307,0.843508780002594,2020-12-03_CO,2021-01-04_CO,32,0.11566223204135895,0.31727659702301025,0.0894598513841629,0.14566855132579803,0.05198160318601035,-1.0636277198791504,0.45072296261787415,0.2777157723903656,0.36323702335357666,0.2781595289707184
0.0934743732213974,0.5038703680038452,0.7763143181800842,2020-12-04_CO,2021-01-04_CO,31,0.14349202811717987,0.31727659702301025,0.11746802181005478,0.12613201141357422,0.04894559287383764,-0.8170442581176758,0.3857865631580353,0.3357962667942047,0.389210045337677,0.2781595289707184
0.13198012113571167,0.49673524498939514,0.791885495185852,2020-12-11_CO,2021-01-04_CO,24,0.03071729838848114,0.31727659702301025,0.11555428802967072,0.1988762617111206,0.05140941952181251,-0.8999029397964478,0.481960266828537,0.3301962614059448,0.4182305335998535,0.2781595289707184
1.0797136601947092e-14,3.265818325609549e-15,0.8584766387939453,2021-01-04_CO,2021-01-04_CO,0,0.31727659702301025,0.31727659702301025,0.14662720263004303,0.2927035838365555,0.04582358075151846,-0.7008560299873352,0.3090270459651947,0.3393155038356781,0.12145596742630005,0.2781595289707184
0.04325450211763382,0.536121129989624,0.8672048449516296,2020-11-09_CO,2021-01-05_CO,57,0.1091693788766861,0.3382139503955841,0.06973526626825333,-0.004885166883468628,0.05078010140946183,-1.1250804662704468,0.4329594075679779,0.29007309675216675,0.40548408031463623,0.2795574367046356
0.09407190978527069,0.6058917045593262,0.8568404912948608,2020-11-16_CO,2021-01-05_CO,50,0.10942919552326202,0.3382139503955841,0.08834492415189743,0.12473303079605103,0.05466196784193502,-1.1203279495239258,0.4345873296260834,0.283905565738678,0.44694769382476807,0.2795574367046356
0.0636262521147728,0.5148905515670776,0.8702752590179443,2020-12-03_CO,2021-01-05_CO,33,0.12111739814281464,0.3382139503955841,0.07408187538385391,0.1224263459444046,0.060589373725435554,-1.114605188369751,0.45506352186203003,0.2749985456466675,0.4301953911781311,0.2795574367046356
0.04139263182878494,0.5991161465644836,0.8208134174346924,2020-12-04_CO,2021-01-05_CO,32,0.12941651046276093,0.3382139503955841,0.09833505749702454,0.08282434940338135,0.05408409080137545,-0.9132609367370605,0.383025586605072,0.323891282081604,0.4427158832550049,0.2795574367046356
0.10114679485559464,0.5577741861343384,0.833928108215332,2020-12-11_CO,2021-01-05_CO,25,0.00819145143032074,0.3382139503955841,0.08830632269382477,0.1379745602607727,0.05135013945478825,-0.8588411808013916,0.4374377727508545,0.3302047848701477,0.42295312881469727,0.2795574367046356
0.02619519829750061,0.43478909134864807,0.8839479088783264,2021-01-04_CO,2021-01-05_CO,1,0.25537174940109253,0.3382139503955841,0.14364254474639893,0.2643675059080124,0.05593750137384868,-0.8987321853637695,0.31780922412872314,0.3062957227230072,0.2357947826385498,0.2795574367046356
1.649708642533377e-14,4.611353243970818e-15,0.8577700257301331,2021-01-05_CO,2021-01-05_CO,0,0.3382139503955841,0.3382139503955841,0.15857583284378052,0.2599510997533798,0.0503239611879754,-0.681959867477417,0.3738868236541748,0.3587267994880676,0.16244268417358398,0.2795574367046356
0.06563218683004379,0.613330602645874,0.8857291340827942,2020-11-09_CO,2021-01-06_CO,58,0.06682001054286957,0.26571351289749146,0.07283539324998856,-0.028104454278945923,0.04986257719735254,-1.0295419692993164,0.5190966129302979,0.3034135103225708,0.4430654048919678,0.28335294127464294
0.18284699320793152,0.5060843229293823,0.8562023639678955,2020-11-16_CO,2021-01-06_CO,51,0.050274938344955444,0.26571351289749146,0.10102345794439316,0.019002676010131836,0.049862183627454884,-1.0177531242370605,0.6007391810417175,0.2997468113899231,0.38692474365234375,0.28335294127464294
0.0810578390955925,0.6098512411117554,0.8161129951477051,2020-12-03_CO,2021-01-06_CO,34,0.08624361455440521,0.26571351289749146,0.08802410215139389,0.04005293548107147,0.051959909215693045,-0.9689176082611084,0.5114279389381409,0.302350252866745,0.4690031409263611,0.28335294127464294
0.07302219420671463,0.556221067905426,0.8270708322525024,2020-12-04_CO,2021-01-06_CO,33,0.06669671833515167,0.26571351289749146,0.11144084483385086,0.04816490411758423,0.04998411907254925,-0.8143371343612671,0.3766705095767975,0.3432160019874573,0.4198763966560364,0.28335294127464294
0.246405228972435,0.6125044226646423,0.804076075553894,2020-12-11_CO,2021-01-06_CO,26,-0.15869171917438507,0.26571351289749146,0.11179816722869873,0.10594218969345093,0.05051169738820964,-0.7018632292747498,0.6208943128585815,0.37946397066116333,0.48990076780319214,0.28335294127464294
0.048600081354379654,0.40516579151153564,0.8724484443664551,2021-01-04_CO,2021-01-06_CO,2,0.1653251200914383,0.26571351289749146,0.10888901352882385,0.22402383387088776,0.0573706273394136,-0.9640712738037109,0.2952726483345032,0.2892981171607971,0.2816893458366394,0.28335294127464294
0.057297226041555405,0.505526602268219,0.8670662641525269,2021-01-05_CO,2021-01-06_CO,1,0.17125582695007324,0.26571351289749146,0.12630239129066467,0.15922479331493378,0.051222692629089815,-0.7936330437660217,0.3591955006122589,0.3302654027938843,0.32474201917648315,0.28335294127464294
1.57121748744311e-14,6.573779081443841e-15,0.7615110874176025,2021-01-06_CO,2021-01-06_CO,0,0.26571351289749146,0.26571351289749146,0.15175923705101013,0.2435532957315445,0.0495185824743954,-0.7692807912826538,0.3283427059650421,0.3087461292743683,0.08098918199539185,0.28335294127464294
0.06181654334068298,0.580426037311554,0.8800631761550903,2020-11-09_CO,2021-01-08_CO,60,0.11564899981021881,0.3453565835952759,0.05845631659030914,-0.020044580101966858,0.051975941119244765,-1.1782331466674805,0.471233069896698,0.27084019780158997,0.45904672145843506,0.29687488079071045
0.0774972215294838,0.5353911519050598,0.8500465154647827,2020-11-16_CO,2021-01-08_CO,53,0.10398738086223602,0.3453565835952759,0.08793042600154877,0.0801440179347992,0.052176062224163725,-1.087275743484497,0.49788108468055725,0.27933546900749207,0.3852851986885071,0.29687488079071045
0.05434664711356163,0.5838041305541992,0.8286842107772827,2020-12-03_CO,2021-01-08_CO,36,0.1273733228445053,0.3453565835952759,0.05451615899801254,0.04104284942150116,0.05926123470664025,-1.168407917022705,0.420632004737854,0.2517737150192261,0.4847298860549927,0.29687488079071045
0.0391719713807106,0.44804421067237854,0.771909773349762,2020-12-04_CO,2021-01-08_CO,35,0.18362514674663544,0.3453565835952759,0.11658326536417007,0.06616860628128052,0.05129554729857623,-0.7902848720550537,0.3931911587715149,0.3404487073421478,0.3623972535133362,0.29687488079071045
0.11097750812768936,0.5782482028007507,0.8540095090866089,2020-12-11_CO,2021-01-08_CO,28,-0.006867319345474243,0.3453565835952759,0.10795115679502487,0.08309519290924072,0.055831966596031714,-1.0663772821426392,0.4714042842388153,0.2920801341533661,0.4260305166244507,0.29687488079071045
0.03002818673849106,0.3933941423892975,0.8475688695907593,2021-01-04_CO,2021-01-08_CO,4,0.2099629044532776,0.3453565835952759,0.1359364092350006,0.19794438779354095,0.05398407693345511,-0.7532577514648438,0.30763155221939087,0.34228095412254333,0.3324316740036011,0.29687488079071045
0.05227062851190567,0.5006011128425598,0.8377951979637146,2021-01-05_CO,2021-01-08_CO,3,0.25574102997779846,0.3453565835952759,0.1742982268333435,0.13982193171977997,0.05282219053447743,-0.6117251515388489,0.42126402258872986,0.3844640552997589,0.37021005153656006,0.29687488079071045
0.023665649816393852,0.3095334768295288,0.7579489350318909,2021-01-06_CO,2021-01-08_CO,2,0.19178682565689087,0.3453565835952759,0.14858348667621613,0.22733552753925323,0.049237534230569355,-0.7422847747802734,0.3092922866344452,0.33285456895828247,0.24226856231689453,0.29687488079071045
1.43486601994567e-14,5.336261404406467e-15,0.8199800252914429,2021-01-08_CO,2021-01-08_CO,0,0.3453565835952759,0.3453565835952759,0.1727265864610672,0.1429290622472763,0.04898670485489651,-0.6712067127227783,0.2635175883769989,0.3212496340274811,0.12891751527786255,0.29687488079071045
0.06233124062418938,0.5612232089042664,0.8378074169158936,2020-11-16_CO,2021-01-11_CO,56,0.14506478607654572,0.2815989851951599,0.101795993745327,0.06856769323348999,0.055292231400416295,-1.1685237884521484,0.417526513338089,0.2823428213596344,0.40938472747802734,0.284494012594223
0.049223460257053375,0.4892660081386566,0.8179152607917786,2020-12-03_CO,2021-01-11_CO,39,0.15781207382678986,0.2815989851951599,0.08943571150302887,0.08429203927516937,0.05867077599141055,-1.0502164363861084,0.38234570622444153,0.29005497694015503,0.4591781497001648,0.284494012594223
0.06605271250009537,0.5349813103675842,0.7816284894943237,2020-12-04_CO,2021-01-11_CO,38,0.11985272169113159,0.2815989851951599,0.11417320370674133,0.05691373348236084,0.05647205073826002,-0.9992470741271973,0.3763413727283478,0.3216329514980316,0.45216959714889526,0.284494012594223
0.0863494798541069,0.49504807591438293,0.8323180079460144,2020-12-11_CO,2021-01-11_CO,31,0.029792994260787964,0.2815989851951599,0.08602899312973022,0.11305046081542969,0.05459406396691366,-1.0193793773651123,0.43914124369621277,0.3048597276210785,0.42681044340133667,0.284494012594223
0.031761400401592255,0.3651731014251709,0.8667020201683044,2021-01-04_CO,2021-01-11_CO,7,0.15779198706150055,0.2815989851951599,0.11606082320213318,0.22342334687709808,0.06395987624361194,-1.0249824523925781,0.3590047359466553,0.30103111267089844,0.2688792943954468,0.284494012594223
0.031708139926195145,0.28580814599990845,0.8393955230712891,2021-01-05_CO,2021-01-11_CO,6,0.1741086095571518,0.2815989851951599,0.16440458595752716,0.15213291347026825,0.0584127249672218,-0.9344102740287781,0.4419735372066498,0.3265305757522583,0.20004314184188843,0.284494012594223
0.05062761530280113,0.503701388835907,0.8070523738861084,2021-01-06_CO,2021-01-11_CO,5,0.17805767059326172,0.2815989851951599,0.14276419579982758,0.2238876074552536,0.06314528492518218,-1.131382703781128,0.38845741748809814,0.27784302830696106,0.3821715712547302,0.284494012594223
0.021126898005604744,0.46542710065841675,0.8318085074424744,2021-01-08_CO,2021-01-11_CO,3,0.19598360359668732,0.2815989851951599,0.12627814710140228,0.11778806149959564,0.05850682468608247,-1.1334446668624878,0.3730126917362213,0.28537124395370483,0.4102339744567871,0.284494012594223
1.8477923794464786e-14,6.60471526577641e-15,0.7629793286323547,2021-01-11_CO,2021-01-11_CO,0,0.2815989851951599,0.2815989851951599,0.12756982445716858,0.13272801041603088,0.047383986390767685,-0.7819660902023315,0.38042035698890686,0.3503933548927307,0.15725290775299072,0.284494012594223
0.09007520228624344,0.42077866196632385,0.9059556722640991,2020-12-12_RD,2021-01-21_RD,40,0.07754839956760406,0.4002447724342346,0.12608839571475983,0.11669287085533142,0.10148994965856221,-1.03959059715271,0.34743574261665344,0.3010338842868805,0.318729043006897,0.39238423109054565
1.225490910329195e-14,6.435088447759264e-15,0.6485257148742676,2021-01-21_RD,2021-01-21_RD,0,0.4002447724342346,0.4002447724342346,0.15376490354537964,0.15272997319698334,0.05643322567430386,-0.5317915081977844,0.31560513377189636,0.34681496024131775,0.12231922149658203,0.39238423109054565
0.09360242635011673,0.47739169001579285,0.9212571382522583,2020-12-12_RD,2021-01-22_RD,41,0.03761565685272217,0.3911004662513733,0.13681618869304657,0.07039234042167664,0.11633642667196362,-1.2205350399017334,0.37753602862358093,0.2750719487667084,0.38761651515960693,0.29538342356681824
0.022725477814674377,0.3989269435405731,0.6505123376846313,2021-01-21_RD,2021-01-22_RD,1,0.3563483655452728,0.3911004662513733,0.12191750854253769,0.13192473351955414,0.07878020828562465,-0.7762537002563477,0.31369057297706604,0.31582000851631165,0.34808170795440674,0.29538342356681824
1.1115480382645464e-14,5.755744307138792e-15,0.6676796674728394,2021-01-22_RD,2021-01-22_RD,0,0.3911004662513733,0.3911004662513733,0.1579805463552475,0.20768873393535614,0.07955054092814998,-0.676375687122345,0.26043403148651123,0.31892088055610657,0.16404038667678833,0.29538342356681824
0.04492105916142464,0.5726112127304077,0.8064375519752502,2020-12-03_CO,2021-01-23_CO,51,0.12373057007789612,0.2862972617149353,0.07246264815330505,0.047081634402275085,0.05699987012282689,-1.1108245849609375,0.39271920919418335,0.2677869498729706,0.43222272396087646,0.29540425539016724
0.03426312655210495,0.461887925863266,0.8366305828094482,2020-12-04_CO,2021-01-23_CO,50,0.09798100590705872,0.2862972617149353,0.13984665274620056,0.002946317195892334,0.05421984475217034,-1.1323785781860352,0.3796887993812561,0.278385192155838,0.3359321355819702,0.29540425539016724
0.1124342754483223,0.5498310923576355,0.8136039972305298,2020-12-11_CO,2021-01-23_CO,43,-0.08350452780723572,0.2862972617149353,0.10182453691959381,0.10014021396636963,0.06070270734859781,-1.1388516426086426,0.40715739130973816,0.27963611483573914,0.3987846374511719,0.29540425539016724
0.04694679379463196,0.41694846749305725,0.8868510723114014,2021-01-04_CO,2021-01-23_CO,19,0.07788237929344177,0.2862972617149353,0.13406579196453094,0.18259631097316742,0.06694414102513455,-1.20914626121521,0.3541638255119324,0.25614336133003235,0.32048094272613525,0.29540425539016724
0.10780380666255951,0.5065101981163025,0.8206822872161865,2021-01-05_CO,2021-01-23_CO,18,0.07971034944057465,0.2862972617149353,0.173439621925354,0.08533971011638641,0.056286419689102606,-0.9569757580757141,0.4942452609539032,0.3118993639945984,0.35666245222091675,0.29540425539016724
0.030956683680415154,0.44201958179473877,0.7488211989402771,2021-01-06_CO,2021-01-23_CO,17,0.10779842734336853,0.2862972617149353,0.14020879566669464,0.21692608296871185,0.05437684480513086,-1.057358980178833,0.37420788407325745,0.2747790813446045,0.31203901767730713,0.29540425539016724
0.03753354400396347,0.35896822810173035,0.8127920031547546,2021-01-08_CO,2021-01-23_CO,15,0.18173222243785858,0.2862972617149353,0.15580908954143524,0.0722707062959671,0.058277601955349936,-1.199140191078186,0.30864378809928894,0.24825550615787506,0.22462046146392822,0.29540425539016724
0.04589729383587837,0.45248517394065857,0.8127762079238892,2021-01-11_CO,2021-01-23_CO,12,0.1856077015399933,0.2862972617149353,0.13866746425628662,0.06351688504219055,0.05077557875333383,-0.9256342053413391,0.35670006275177,0.30467498302459717,0.3132336139678955,0.29540425539016724
1.4583330677493504e-14,6.12195095507119e-15,0.8311121463775635,2021-01-23_CO,2021-01-23_CO,0,0.2862972617149353,0.2862972617149353,0.12166382372379303,0.14870956540107727,0.05108916008619349,-0.8302748799324036,0.2998787462711334,0.31497207283973694,0.10998010635375977,0.29540425539016724
0.04500671848654747,0.42991071939468384,0.9221673011779785,2021-01-04_CO,2021-02-23_CO,50,0.1032024621963501,0.23913384974002838,0.10930231213569641,0.19623444974422455,0.0655360437601683,-1.3366186618804932,0.3385661244392395,0.24232909083366394,0.3438960313796997,0.2931497395038605
0.035415489226579666,0.49422919750213623,0.8247079253196716,2021-01-05_CO,2021-02-23_CO,49,0.04856733977794647,0.23913384974002838,0.12200896441936493,0.11423669755458832,0.05687986307935977,-1.0993525981903076,0.5426471829414368,0.28837862610816956,0.3489002585411072,0.2931497395038605
0.0315638966858387,0.3591175973415375,0.8093273639678955,2021-01-06_CO,2021-02-23_CO,48,0.039474740624427795,0.23913384974002838,0.12444676458835602,0.27110110223293304,0.056870956508658047,-1.2857211828231812,0.3798428475856781,0.24472332000732422,0.2727152705192566,0.2931497395038605
0.0704684853553772,0.39786022901535034,0.862700879573822,2021-01-08_CO,2021-02-23_CO,46,0.05918276309967041,0.23913384974002838,0.10103417932987213,0.07929126918315887,0.057829686025659265,-1.2663624286651611,0.4181126356124878,0.25099965929985046,0.32945096492767334,0.2931497395038605
0.06181265786290169,0.47143179178237915,0.8575518727302551,2021-01-11_CO,2021-02-23_CO,43,0.015331029891967773,0.23913384974002838,0.07966834306716919,0.07572378218173981,0.05241308516974575,-1.1213421821594238,0.36223065853118896,0.2781778573989868,0.3381592035293579,0.2931497395038605
0.08948425203561783,0.43799686431884766,0.8626959323883057,2021-01-23_CO,2021-02-23_CO,31,0.07699674367904663,0.23913384974002838,0.05798158049583435,0.1628093421459198,0.05406063103197126,-1.0812088251113892,0.44518277049064636,0.28795450925827026,0.3042505979537964,0.2931497395038605
1.4041522664650502e-14,5.530422531740834e-15,0.8921257257461548,2021-02-23_CO,2021-02-23_CO,0,0.23913384974002838,0.23913384974002838,0.14188414812088013,0.2300906777381897,0.060700431602154326,-1.1177500486373901,0.24012094736099243,0.2522907853126526,0.08527392148971558,0.2931497395038605
0.03383561968803406,0.3871968686580658,0.86441969871521,2021-01-04_CO,2021-02-25_CO,52,0.0829148143529892,0.29701781272888184,0.0820370763540268,0.2517666071653366,0.06635106813394412,-1.2969141006469727,0.4039430618286133,0.2432553768157959,0.3299944996833801,0.3231271803379059
0.05806427076458931,0.4479091465473175,0.7966739535331726,2021-01-05_CO,2021-02-25_CO,51,0.036867812275886536,0.29701781272888184,0.12024354189634323,0.20306314527988434,0.05706928978902078,-0.9546176195144653,0.5744979977607727,0.30575814843177795,0.32694220542907715,0.3231271803379059
0.047505591064691544,0.385714054107666,0.7384039163589478,2021-01-06_CO,2021-02-25_CO,50,0.023997604846954346,0.29701781272888184,0.09147096425294876,0.28108708560466766,0.05638429785009905,-1.176084041595459,0.513329267501831,0.2569337487220764,0.2800779342651367,0.3231271803379059
0.04914825037121773,0.35895371437072754,0.8008712530136108,2021-01-08_CO,2021-02-25_CO,48,0.0947675108909607,0.29701781272888184,0.09439335763454437,0.15210889279842377,0.056892268261919975,-1.1831315755844116,0.4800141751766205,0.25480660796165466,0.3403499722480774,0.3231271803379059
0.030066808685660362,0.33800944685935974,0.7918378114700317,2021-01-11_CO,2021-02-25_CO,45,0.09331342577934265,0.29701781272888184,0.09544802457094193,0.12685585021972656,0.05341535031516386,-1.1118104457855225,0.3973976671695709,0.26935574412345886,0.31167733669281006,0.3231271803379059
0.061941709369421005,0.339673787355423,0.8146645426750183,2021-01-23_CO,2021-02-25_CO,33,0.11527641117572784,0.29701781272888184,0.06292477995157242,0.1670946180820465,0.05526974454654812,-1.0026721954345703,0.4447324573993683,0.2964188754558563,0.2694775462150574,0.3231271803379059
0.028981970623135567,0.2986038327217102,0.8699291348457336,2021-02-23_CO,2021-02-25_CO,2,0.20753498375415802,0.29701781272888184,0.12355820834636688,0.2027711570262909,0.06523670462421587,-1.175585150718689,0.27475911378860474,0.24090667068958282,0.2339380979537964,0.3231271803379059
1.562643819951002e-14,3.717515373633613e-15,0.7733699679374695,2021-02-25_CO,2021-02-25_CO,0,0.29701781272888184,0.29701781272888184,0.1516944169998169,0.24689777195453644,0.05121109857424888,-1.0365607738494873,0.30575403571128845,0.2756107449531555,0.08519852161407471,0.3231271803379059
0.02810869738459587,0.40257349610328674,0.8511404395103455,2021-01-04_CO,2021-02-26_CO,53,0.10435478389263153,0.34189915657043457,0.07854337990283966,0.28555433452129364,0.06342486372532688,-1.0984913110733032,0.47998887300491333,0.2755027711391449,0.3342081904411316,0.3344385623931885
0.08096806704998016,0.4701463282108307,0.7672173976898193,2021-01-05_CO,2021-02-26_CO,52,0.003887265920639038,0.34189915657043457,0.10737664997577667,0.2130976766347885,0.05636983842626542,-0.7963168621063232,0.7095116376876831,0.347429484128952,0.35747408866882324,0.3344385623931885
0.04932307079434395,0.4095911979675293,0.7428145408630371,2021-01-06_CO,2021-02-26_CO,51,0.020196154713630676,0.34189915657043457,0.10023634135723114,0.2843494862318039,0.05522824202295036,-1.0158969163894653,0.6581737399101257,0.28533539175987244,0.25797605514526367,0.3344385623931885
0.05315809324383736,0.3332563042640686,0.7871156930923462,2021-01-08_CO,2021-02-26_CO,49,0.09598375856876373,0.34189915657043457,0.08309042453765869,0.12917988002300262,0.05583469451160624,-0.9581203460693359,0.5503081679344177,0.306124210357666,0.3192063570022583,0.3344385623931885
0.03854444995522499,0.37071430683135986,0.7736284136772156,2021-01-11_CO,2021-02-26_CO,46,0.08352509140968323,0.34189915657043457,0.08424317836761475,0.16024327278137207,0.053009122842101006,-0.9117997884750366,0.3914889097213745,0.3170274496078491,0.31280285120010376,0.3344385623931885
0.10243794322013855,0.4239431321620941,0.7944949269294739,2021-01-23_CO,2021-02-26_CO,34,0.09589281678199768,0.34189915657043457,0.04874836280941963,0.18044576048851013,0.0547070580132301,-0.8487447500228882,0.48284512758255005,0.345316082239151,0.27632832527160645,0.3344385623931885
0.036363862454891205,0.30928897857666016,0.8812572956085205,2021-02-23_CO,2021-02-26_CO,3,0.22197070717811584,0.34189915657043457,0.10634077340364456,0.24435731768608093,0.0624957664146982,-1.055112361907959,0.315561980009079,0.2729284465312958,0.230904221534729,0.3344385623931885
0.016835540533065796,0.1960584968328476,0.7851525545120239,2021-02-25_CO,2021-02-26_CO,1,0.2594406008720398,0.34189915657043457,0.1255483627319336,0.26640380918979645,0.05719117898083567,-0.9652003049850464,0.31516486406326294,0.3053005635738373,0.19943857192993164,0.3344385623931885
1.730571828689135e-14,4.836974869032104e-15,0.8149092197418213,2021-02-26_CO,2021-02-26_CO,0,0.34189915657043457,0.34189915657043457,0.15393352508544922,0.24012768268585205,0.05295648851950593,-1.0222487449645996,0.2611502707004547,0.27288997173309326,0.10183942317962646,0.3344385623931885
0.03917597234249115,0.3477223217487335,0.8912757039070129,2021-01-04_CO,2021-02-27_CO,54,0.08896040916442871,0.3051135838031769,0.07680700719356537,0.29236553609371185,0.06580393951844948,-1.2212194204330444,0.37420132756233215,0.25435832142829895,0.24435371160507202,0.316733717918396
0.0774071216583252,0.5470002889633179,0.7874014973640442,2021-01-05_CO,2021-02-27_CO,53,-0.03380066156387329,0.3051135838031769,0.13389718532562256,0.19444875419139862,0.05823654115370536,-0.8595012426376343,0.5960337519645691,0.33517560362815857,0.3370445966720581,0.316733717918396
0.03450486436486244,0.4197976291179657,0.7464517951011658,2021-01-06_CO,2021-02-27_CO,52,0.021647661924362183,0.3051135838031769,0.10866318643093109,0.31087563931941986,0.05945670933234108,-1.147579550743103,0.4644431173801422,0.26467999815940857,0.3331795930862427,0.316733717918396
0.07350333034992218,0.4418804943561554,0.824181079864502,2021-01-08_CO,2021-02-27_CO,50,0.04217381775379181,0.3051135838031769,0.09378717839717865,0.16047890484333038,0.056854303679650824,-1.1469876766204834,0.4178915023803711,0.26591068506240845,0.3919624090194702,0.316733717918396
0.05581824481487274,0.4249366819858551,0.8120123744010925,2021-01-11_CO,2021-02-27_CO,47,0.057560235261917114,0.3051135838031769,0.09652762115001678,0.12866708636283875,0.0519947609831902,-1.058802843093872,0.39920392632484436,0.2832302153110504,0.2975877523422241,0.316733717918396
0.09255509078502655,0.4171748757362366,0.8096581697463989,2021-01-23_CO,2021-02-27_CO,35,0.03932756185531616,0.3051135838031769,0.058064352720975876,0.21903172135353088,0.052267322446663766,-0.9006580114364624,0.4356350600719452,0.3249524235725403,0.3224894404411316,0.316733717918396
0.027827126905322075,0.4247060716152191,0.8866763114929199,2021-02-23_CO,2021-02-27_CO,4,0.1712195873260498,0.3051135838031769,0.10301371663808823,0.23916807770729065,0.06306051355879848,-1.1773897409439087,0.30860525369644165,0.24134045839309692,0.298669695854187,0.316733717918396
0.023769561201334,0.3273528814315796,0.7871401906013489,2021-02-25_CO,2021-02-27_CO,2,0.2076314091682434,0.3051135838031769,0.13183116912841797,0.2511405795812607,0.05121330446862058,-1.0629863739013672,0.3286498486995697,0.26940473914146423,0.27070748805999756,0.316733717918396
0.02189101278781891,0.3473445177078247,0.7944557070732117,2021-02-26_CO,2021-02-27_CO,1,0.22491852939128876,0.3051135838031769,0.13648711144924164,0.22703444957733154,0.052284386436964606,-1.140330195426941,0.29024407267570496,0.2526783347129822,0.29016053676605225,0.316733717918396
1.503682195305809e-14,6.236323272840096e-15,0.7856104373931885,2021-02-27_CO,2021-02-27_CO,0,0.3051135838031769,0.3051135838031769,0.14155909419059753,0.2222803831100464,0.050162178567607886,-1.0439504384994507,0.2799929678440094,0.2655465006828308,0.10737597942352295,0.316733717918396
0.03650617226958275,0.49278369545936584,0.7527798414230347,2021-01-21_RD,2021-03-05_RD,43,0.06723888218402863,0.31271177530288696,0.07686515897512436,0.08683617413043976,0.10308168563605777,-1.225144624710083,0.3859836757183075,0.2667936086654663,0.42737776041030884,0.30351632833480835
0.053992677479982376,0.5115609169006348,0.7477664947509766,2021-01-22_RD,2021-03-05_RD,42,0.11948630213737488,0.31271177530288696,0.1066640317440033,0.17457805573940277,0.11258782958054972,-1.3128669261932373,0.3567987382411957,0.25400081276893616,0.3913304805755615,0.30351632833480835
1.0022456362014306e-14,3.6998051852559465e-15,0.8519026041030884,2021-03-05_RD,2021-03-05_RD,0,0.31271177530288696,0.31271177530288696,0.11179348081350327,0.2043343186378479,0.08640108928140042,-0.8992757797241211,0.27657344937324524,0.31399083137512207,0.06921446323394775,0.30351632833480835
0.08088485896587372,0.43429526686668396,0.8337639570236206,2021-01-08_CO,2021-03-09_CO,60,0.07806535065174103,0.29690173268318176,0.09418734908103943,0.12881939113140106,0.06113828095237739,-1.1633241176605225,0.4712786376476288,0.2898900508880615,0.37971651554107666,0.28772732615470886
0.043957725167274475,0.41450226306915283,0.8385043144226074,2021-01-11_CO,2021-03-09_CO,57,0.029556363821029663,0.29690173268318176,0.07015171647071838,0.1136593222618103,0.050912610311156625,-1.0213783979415894,0.38163915276527405,0.2946658730506897,0.319200336933136,0.28772732615470886
0.07295868545770645,0.45992258191108704,0.8711655735969543,2021-01-23_CO,2021-03-09_CO,45,0.06932976841926575,0.29690173268318176,0.05009566247463226,0.15376988053321838,0.054486301217006816,-0.9853821992874146,0.4034532904624939,0.31237560510635376,0.3198462724685669,0.28772732615470886
0.021425016224384308,0.33312976360321045,0.8810762763023376,2021-02-23_CO,2021-03-09_CO,14,0.14333149790763855,0.29690173268318176,0.11879515647888184,0.20230638980865479,0.06102722902953174,-1.130849003791809,0.2732997238636017,0.2538360059261322,0.1800321340560913,0.28772732615470886
0.027710990980267525,0.28289535641670227,0.8653010129928589,2021-02-25_CO,2021-03-09_CO,12,0.1999911516904831,0.29690173268318176,0.13850660622119904,0.19275762140750885,0.056701922651918486,-1.100994348526001,0.32135581970214844,0.2732001543045044,0.23403865098953247,0.28772732615470886
0.056578706949949265,0.24344024062156677,0.8557667136192322,2021-02-26_CO,2021-03-09_CO,11,0.24361810088157654,0.29690173268318176,0.1357734501361847,0.1716686487197876,0.05870908488379229,-1.2949707508087158,0.30045631527900696,0.24528677761554718,0.23656952381134033,0.28772732615470886
0.06441692262887955,0.44598478078842163,0.8968805074691772,2021-02-27_CO,2021-03-09_CO,10,0.21529749035835266,0.29690173268318176,0.10645228624343872,0.1705087423324585,0.05237630777219546,-1.2184476852416992,0.301578164100647,0.24587759375572205,0.36496806144714355,0.28772732615470886
1.6719661272883782e-14,6.034163613384807e-15,0.8481097221374512,2021-03-09_CO,2021-03-09_CO,0,0.29690173268318176,0.29690173268318176,0.11432255804538727,0.22309771180152893,0.051007385063207906,-1.0880019664764404,0.3165474832057953,0.2649301290512085,0.14768695831298828,0.28772732615470886
0.04471344128251076,0.522479772567749,0.7704470157623291,2021-01-21_RD,2021-03-12_RD,50,0.14120563864707947,0.296226441860199,0.09315333515405655,0.12239246070384979,0.0897015093356352,-0.9914906024932861,0.38305824995040894,0.29029762744903564,0.40158718824386597,0.30750206112861633
0.0905323401093483,0.5154677629470825,0.8170560002326965,2021-01-22_RD,2021-03-12_RD,49,0.14659368991851807,0.296226441860199,0.10398910194635391,0.241339311003685,0.09981063589568873,-1.0879963636398315,0.33866414427757263,0.27325162291526794,0.3718410134315491,0.30750206112861633
0.054460398852825165,0.2871726453304291,0.874992847442627,2021-03-05_RD,2021-03-12_RD,7,0.14365270733833313,0.296226441860199,0.10311862826347351,0.19839584827423096,0.0844299588290972,-0.90846848487854,0.3034346103668213,0.31766074895858765,0.2422701120376587,0.30750206112861633
1.0566394662719653e-14,5.9711265744171946e-15,0.814429759979248,2021-03-12_RD,2021-03-12_RD,0,0.296226441860199,0.296226441860199,0.13703753054141998,0.26626279950141907,0.08396736327859913,-0.9230575561523438,0.30190902948379517,0.2995928227901459,0.09484720230102539,0.30750206112861633
0.08145558834075928,0.4504890739917755,0.8588276505470276,2021-01-23_CO,2021-03-13_CO,49,0.022605836391448975,0.23161618411540985,0.05827248468995094,0.14914357662200928,0.05564990880633636,-0.9765228033065796,0.41793909668922424,0.3093014657497406,0.3188563585281372,0.3190085291862488
0.046721115708351135,0.31501057744026184,0.8840298652648926,2021-02-23_CO,2021-03-13_CO,18,0.07978804409503937,0.23161618411540985,0.10366887599229813,0.20404908061027527,0.07518677992845825,-1.269800066947937,0.26747623085975647,0.23367710411548615,0.2534528970718384,0.3190085291862488
0.039645418524742126,0.2450954020023346,0.8369194865226746,2021-02-25_CO,2021-03-13_CO,16,0.13242022693157196,0.23161618411540985,0.12180626392364502,0.1966443806886673,0.05977816324739168,-1.2276451587677002,0.34085094928741455,0.2513846457004547,0.2219492793083191,0.3190085291862488
0.06315241754055023,0.24814961850643158,0.8594071865081787,2021-02-26_CO,2021-03-13_CO,15,0.16572226583957672,0.23161618411540985,0.12322676926851273,0.18251162767410278,0.06165858700168295,-1.2806720733642578,0.2839217483997345,0.2357628345489502,0.19540393352508545,0.3190085291862488
0.07167109847068787,0.4354112148284912,0.8318061828613281,2021-02-27_CO,2021-03-13_CO,14,0.14501707255840302,0.23161618411540985,0.11268394440412521,0.1367359161376953,0.06011138335363612,-1.215192437171936,0.30610352754592896,0.24290576577186584,0.36622631549835205,0.3190085291862488
0.020892834290862083,0.2824862003326416,0.8583337664604187,2021-03-09_CO,2021-03-13_CO,4,0.1559077650308609,0.23161618411540985,0.10588511824607849,0.1901496946811676,0.05659742794969966,-1.0972981452941895,0.3038214147090912,0.26476988196372986,0.22213083505630493,0.3190085291862488
2.07970881455858e-14,7.338118319640072e-15,0.8859326243400574,2021-03-13_CO,2021-03-13_CO,0,0.23161618411540985,0.23161618411540985,0.10241687297821045,0.20402473211288452,0.06708032646547704,-1.1215572357177734,0.26352551579475403,0.26052621006965637,0.12112253904342651,0.3190085291862488
0.03396895155310631,0.3905984163284302,0.7777209281921387,2021-01-21_RD,2021-03-16_RD,54,0.07133358716964722,0.2683776021003723,0.0861368253827095,0.07402949035167694,0.09055095780745485,-1.0015701055526733,0.41379180550575256,0.28661179542541504,0.294985830783844,0.33703354001045227
0.05662834644317627,0.42608460783958435,0.7702701091766357,2021-01-22_RD,2021-03-16_RD,53,0.07620011270046234,0.2683776021003723,0.09517916291952133,0.21293525397777557,0.0927994800493182,-0.9828299880027771,0.39374807476997375,0.28720560669898987,0.31986069679260254,0.33703354001045227
0.07489446550607681,0.4081714153289795,0.920708179473877,2021-03-05_RD,2021-03-16_RD,11,0.08795535564422607,0.2683776021003723,0.09788598865270615,0.18395236134529114,0.09333389613972157,-1.009124755859375,0.34964504837989807,0.2987782061100006,0.3691326975822449,0.33703354001045227
0.020407134667038918,0.42913326621055603,0.8096312284469604,2021-03-12_RD,2021-03-16_RD,4,0.19997680187225342,0.2683776021003723,0.11217895895242691,0.1989375352859497,0.08254748131897274,-0.8708970546722412,0.33985286951065063,0.3211996257305145,0.3496743440628052,0.33703354001045227
1.1344296168950847e-14,4.743465819787018e-15,0.8304234147071838,2021-03-16_RD,2021-03-16_RD,0,0.2683776021003723,0.2683776021003723,0.11068427562713623,0.26328563690185547,0.07619053679632874,-0.8162633776664734,0.303718239068985,0.3289749324321747,0.13548022508621216,0.33703354001045227
0.04982050135731697,0.4870198965072632,0.7555714845657349,2021-01-21_RD,2021-03-19_RD,57,0.05114768445491791,0.2771323621273041,0.059692952781915665,0.09275220334529877,0.10254723730649631,-1.2368791103363037,0.3658156096935272,0.2547529339790344,0.4395490884780884,0.36286139488220215
0.07028762251138687,0.5544021129608154,0.7775371074676514,2021-01-22_RD,2021-03-19_RD,56,0.05232974886894226,0.2771323621273041,0.07569076120853424,0.19290466606616974,0.10880743556322775,-1.2381186485290527,0.35477781295776367,0.26353615522384644,0.48342806100845337,0.36286139488220215
0.07315701991319656,0.3475966453552246,0.8814058303833008,2021-03-05_RD,2021-03-19_RD,14,0.09905187785625458,0.2771323621273041,0.08819825947284698,0.17392733693122864,0.09540965788749176,-1.0704387426376343,0.2659015953540802,0.2778875231742859,0.32203972339630127,0.36286139488220215
0.038845837116241455,0.3386137783527374,0.8441712856292725,2021-03-12_RD,2021-03-19_RD,7,0.19086036086082458,0.2771323621273041,0.08100418001413345,0.2092217206954956,0.09464573011627214,-1.0502209663391113,0.30324214696884155,0.28614601492881775,0.29945582151412964,0.36286139488220215
0.0617666020989418,0.43527963757514954,0.8118839859962463,2021-03-16_RD,2021-03-19_RD,3,0.184158056974411,0.2771323621273041,0.052361369132995605,0.22713083028793335,0.09734759902415713,-1.1517112255096436,0.3310558795928955,0.2690920829772949,0.375332236289978,0.36286139488220215
1.1682068344360391e-14,7.917281332489937e-15,0.8095837235450745,2021-03-19_RD,2021-03-19_RD,0,0.2771323621273041,0.2771323621273041,0.11831699311733246,0.23389717936515808,0.09656483669151884,-1.102202296257019,0.24934041500091553,0.26519596576690674,0.062471210956573486,0.36286139488220215
