participant,train,test,gap_target,days,train_day,L0,L1,L2,L4u,L4s,L3_n300,lam_L3_n300,L6_n300,lam_L6_n300,L6p_n300,lam_L6p_n300,own
T9,T9_day28,T9_day141,120,113,28,-3.07289981842041,-0.8865723013877869,-0.7999088168144226,-1.2165312767028809,-1.2575523853302002,0.1776146540878593,1e-05,0.3009600248511091,10000.0,0.2936708339858427,0.1,0.2936716973781585
T9,T9_day28,T9_day504,480,476,28,-24.27286529541016,-0.4448981881141662,-0.2118601202964782,-0.5281968116760254,-0.3489583730697632,0.4813997931671561,0.0001,0.5835797580207116,10000.0,0.5661352009643175,100.0,0.5659745931625366
T9,T9_day37,T9_day44,7,7,37,-1.635431170463562,-5.110651969909668,-0.4234546422958374,-0.843684196472168,-0.1152166724205017,-0.0401722226247609,0.001,0.0708432078277349,10000.0,0.0505994474423358,10000.0,0.0573212206363678
T9,T9_day37,T9_day71,30,34,37,-6950.654296875,-6425.7841796875,-0.631799042224884,-0.8189395666122437,-0.804101824760437,0.0377023604451358,0.001,0.1612138227548969,10000.0,0.1521536367511451,1000.0,0.149999737739563
T9,T9_day37,T9_day170,120,133,37,-10.266547203063965,-1.5648150444030762,-0.1541367173194885,-0.2164328694343567,-0.1517754793167114,0.0920829523022319,0.0001,0.1807024046714542,10000.0,0.1698622593551969,1000.0,0.1653566360473632
T9,T9_day37,T9_day518,480,481,37,-3.939374923706055,-0.4454797506332397,-0.4855008423328399,-0.5712481141090393,-0.7840211391448975,0.2069096166202673,0.0001,0.4150693517192121,10000.0,0.4065223586299415,1000.0,0.4051083326339721
T9,T9_day41,T9_day71,30,30,41,-6702.28662109375,-5247.76025390625,-0.2024204730987548,-0.1077353358268737,-0.2268287539482116,0.0701687048462401,0.0001,0.1612138227548969,10000.0,0.1518342861684234,1000.0,0.149999737739563
T9,T9_day41,T9_day170,120,129,41,-7.001370429992676,-0.2646406292915344,-0.045602798461914,-0.0542725920677185,-0.0833336114883422,0.0974606200897322,0.0001,0.1807024046714542,10000.0,0.1694675459067585,1000.0,0.1653566360473632
T9,T9_day41,T9_day519,480,478,41,-4.013427734375,-0.4950746893882751,-0.0961138010025024,-0.173581063747406,-0.1837459206581115,0.1822476047760994,0.0001,0.3199297791754943,10000.0,0.3179302817110139,10000.0,0.3175274431705475
T9,T9_day44,T9_day71,30,27,44,-1219.10595703125,-1211.0533447265625,-2.007739782333374,-1.0097095966339111,-0.7970380783081055,0.0659423131183624,0.0001,0.1612138227548969,10000.0,0.1507770468659077,1000.0,0.149999737739563
T9,T9_day44,T9_day170,120,126,44,-5.236151695251465,-0.494621217250824,-0.4242938160896301,-0.4175031185150146,-0.3517876267433166,0.1251745440767517,1e-05,0.1807024046714542,10000.0,0.1710202423879774,1000.0,0.1653566360473632
T9,T9_day44,T9_day527,480,483,44,-5.890565395355225,-0.0319728255271911,-0.1583189368247985,-0.3783270120620727,-0.3606907725334167,0.3515824382393166,1e-05,0.432733502863361,10000.0,0.442728996504633,1000.0,0.4721378982067108
T9,T9_day71,T9_day77,7,6,71,-8.583951950073242,-2.1777751445770264,-2.419689655303955,-2.649674892425537,-2.9502077102661133,-0.9323367133931556,0.0001,-0.4055342120236076,100000.0,-0.6516004901258482,1000.0,-0.6274130940437317
T9,T9_day71,T9_day105,30,34,71,-1.3839080333709717,-1.8691442012786863,-1.4352281093597412,-1.8148751258850095,-2.014897108078003,-0.0508869484325948,0.0001,0.0594830160993406,10000.0,0.0223479536334725,1000.0,0.0226586163043975
T9,T9_day71,T9_day190,120,119,71,-1.1965372562408447,-0.8008909821510315,-0.2286450862884521,-0.2738097906112671,-0.2193115949630737,-0.0471037222235867,1e-05,-0.0434267914992911,10000.0,-0.0463703265934931,100.0,-0.0477544665336608
T9,T9_day71,T9_day552,480,481,71,-1.38670015335083,-0.1609262824058532,-0.2714524269104004,-0.1766449809074401,-0.1360304951667785,0.3420819942785652,1e-05,0.5453154157533924,10000.0,0.546646713989955,1000.0,0.5653817653656006
T9,T9_day77,T9_day83,7,6,77,-3.829535007476807,-1.5951545238494873,-0.0753819346427917,-0.2629435658454895,-0.1458152532577514,0.2187168038457936,0.0001,0.2438196502620501,10000.0,0.2221117369151401,1000.0,0.2174685895442962
T9,T9_day77,T9_day106,30,29,77,-28.56717300415039,-2.2349276542663574,-0.2551426887512207,-0.4640501141548157,-0.4387857913970947,0.0872477019908268,1e-05,0.2421316100714044,10000.0,0.225092982253561,1000.0,0.2229015827178955
T9,T9_day77,T9_day196,120,119,77,-14.68538761138916,-0.3955365419387817,-0.3597007989883423,-0.4085060358047485,-0.3551453948020935,-0.102089291973758,1e-05,0.050321092724073,10000.0,0.0081797956493511,100.0,0.2603578269481659
T9,T9_day77,T9_day554,480,477,77,-2.610173225402832,-0.4416965246200561,-0.260063111782074,-0.2383947372436523,-0.2854695320129394,0.2413964174349049,1e-05,0.3796217118805878,10000.0,0.3709934675451375,0.1,0.3709935247898102
T9,T9_day83,T9_day106,30,23,83,-8.149298667907715,-2.502737045288086,-0.3344632983207702,-0.4034256935119629,-0.8697519302368164,0.1564911600759685,1e-06,0.2421316100714044,10000.0,0.2323147648057515,10000.0,0.2229015827178955
T9,T9_day83,T9_day196,120,113,83,-4.345659255981445,-0.364790678024292,-1.0946009159088137,-2.8366811275482178,-1.9684813022613523,0.0265855767977551,1e-05,0.050321092724073,10000.0,0.0105129976365304,100.0,0.2603578269481659
T9,T9_day83,T9_day560,480,477,83,-9.031157493591309,-0.1560593843460083,-0.1876731514930725,-0.3227884769439697,-0.3267794251441955,0.0766181520647231,0.0001,0.1775394079458184,10000.0,0.166504287500699,1000.0,0.1642118096351623
T9,T9_day92,T9_day121,30,29,92,-9.689231872558594,-2.933198928833008,-0.3001099228858948,-0.3251913785934448,-0.2181628942489624,0.1030336218108438,1e-06,0.3317159869172004,10000.0,0.3318669221367783,1000.0,0.3305034637451172
T9,T9_day92,T9_day219,120,127,92,-5.152588844299316,-0.4742295742034912,-0.512118935585022,-0.4004383087158203,-0.6102707386016846,0.2453790764905352,1e-06,0.3927879080723933,10000.0,0.369394849302663,100.0,0.3695822954177856
T9,T9_day92,T9_day574,480,482,92,-1.54353129863739,-0.1663359105587005,-0.1840613484382629,-0.1957389116287231,-0.1808636784553527,0.0711662129987897,1e-05,0.1951665948131678,10000.0,0.1885438129370914,100.0,0.1985444724559784
T9,T9_day105,T9_day106,1,1,105,-4.325560092926025,-2.679406881332397,-0.3018593192100525,-0.6362234354019165,-0.6704093813896179,0.1572492806028109,1e-05,0.2421316100714044,10000.0,0.2229023531379249,0.1,0.2229015827178955
T9,T9_day105,T9_day133,30,28,105,-6.976957321166992,-6.081694602966309,-0.2890886664390564,-0.5700586438179016,-0.4729440212249756,0.0096344225499599,1e-05,0.2164197195801374,10000.0,0.2074240667535692,1000.0,0.2042488753795623
T9,T9_day105,T9_day226,120,121,105,-8.73341178894043,-0.4027021527290344,-0.2283195257186889,-0.1918895244598388,-0.1462801098823547,0.2121342359644434,1e-05,0.4346139238665499,10000.0,0.4363007243338076,100.0,0.4362562894821167
T9,T9_day105,T9_day582,480,477,105,-2.15813422203064,-0.1979440450668335,-0.1436578035354614,-0.2429033517837524,-0.2507696747779846,0.1786557461418958,0.0001,0.3291860711761046,10000.0,0.3283262919512027,1000.0,0.3273464441299438
T9,T9_day106,T9_day133,30,27,106,-2.521423101425171,-0.9438024759292604,-0.7874568700790405,-0.9413114190101624,-0.7181175351142883,0.1016644653167251,0.0001,0.2164197195801374,10000.0,0.202237067195386,1000.0,0.2042488753795623
T9,T9_day106,T9_day226,120,120,106,-2.320329189300537,-0.0924992561340332,0.0281354784965515,-0.0868969559669494,-0.0955246686935424,0.3678434385689594,0.0001,0.4346139238665499,10000.0,0.4365158332705192,100.0,0.4362562894821167
T9,T9_day106,T9_day582,480,476,106,-1.1441806554794312,-0.0951273441314697,-0.1384050250053405,-0.1055401563644409,-0.0691701471805572,0.2349253064618918,0.0001,0.3291860711761046,10000.0,0.3280498233621756,1000.0,0.3273464441299438
T9,T9_day121,T9_day128,7,7,121,-5.88983154296875,-4.30109167098999,-0.7762781977653503,-1.165441393852234,-1.5812740325927734,0.0790937986918759,1e-06,0.1641205221893231,10000.0,0.1497038212790515,10000.0,0.1617927849292755
T9,T9_day121,T9_day238,120,117,121,-2.966099500656128,-0.7003059387207031,0.2349255084991455,0.1420111358165741,0.1209376156330108,0.3296951554688437,0.0001,0.3806299697186983,10000.0,0.3869901979028916,10000.0,0.3680192530155182
T9,T9_day121,T9_day603,480,482,121,-1.31352961063385,-0.2339774370193481,-0.7697033882141113,-1.4987901449203491,-1.4790596961975098,0.219006457628109,1e-05,0.3539003062158247,10000.0,0.3525366032996423,1000.0,0.3544626832008362
T9,T9_day128,T9_day245,120,117,128,-7.947342872619629,-1.4388139247894287,0.0596239268779754,-0.101213663816452,-0.0700275897979736,0.0159939561766377,1e-05,0.1625661905989096,10000.0,0.2181526957962384,10000.0,0.1418530046939849
T9,T9_day128,T9_day610,480,482,128,-19.47653579711914,-2.382880687713623,-2.1229240894317627,-3.28082537651062,-2.804243564605713,-0.3383804342711181,1e-06,-0.2345817322966009,10000.0,-0.2637845663656303,1000.0,-0.2719299793243408
T9,T9_day132,T9_day133,1,1,132,-1.1995956897735596,-0.2779821157455444,-0.0615458488464355,-0.1083070039749145,-0.1022618114948272,0.1655892849077033,0.0001,0.2164197195801374,10000.0,0.2041520013963836,10000.0,0.2042488753795623
T9,T9_day132,T9_day245,120,113,132,-14.129412651062012,-0.8459011912345886,0.0839836597442627,0.1097441911697387,-0.0134011507034301,-0.1067517832157461,0.0001,0.1625661905989096,10000.0,0.1448396806512331,10000.0,0.1418530046939849
T9,T9_day132,T9_day610,480,478,132,-2.196974754333496,-2.0099663734436035,-1.7324928045272827,-1.932191014289856,-1.748331069946289,-0.3630149935288472,1e-05,-0.2345817322966009,10000.0,-0.2709395583278809,1000.0,-0.2719299793243408
T9,T9_day133,T9_day141,7,8,133,-0.118944376707077,-0.6494148373603821,-0.4843847751617431,-1.3025791645050049,-1.1281267404556274,0.2162676640908821,1e-05,0.3009600248511091,10000.0,0.2940919301440816,1000.0,0.2936716973781585
T9,T9_day133,T9_day170,30,37,133,-1.240337371826172,-0.1358353495597839,0.0927215814590454,-0.0505284965038299,0.0174216330051422,0.1409642488111701,0.0001,0.1807024046714542,10000.0,0.1800970228764047,10000.0,0.1653566360473632
T9,T9_day133,T9_day259,120,126,133,-5.222235679626465,-0.7807544469833374,0.144637644290924,0.1187306940555572,0.0910297930240631,0.1504226455460675,10.0,0.3706856080734002,10000.0,0.3708067827117704,10000.0,0.3637458682060241
T9,T9_day133,T9_day615,480,482,133,-2.331209897994995,-0.2040498852729797,-0.0927222073078155,-0.1033947467803955,-0.079281210899353,0.1386560034212985,0.001,0.3211573799416544,10000.0,0.3091618755318061,10000.0,0.3115887641906738
T9,T9_day141,T9_day170,30,29,141,-12807.734375,-1163.8741455078125,0.1318393051624298,0.1100324690341949,0.10696741938591,0.1224703984149778,0.0001,0.1807024046714542,10000.0,0.1706952898429438,1000.0,0.1653566360473632
T9,T9_day141,T9_day259,120,118,141,-8091.00830078125,-209.05563354492188,-0.0639518499374389,-0.2436860203742981,-0.1284136772155761,0.1826492876771537,0.01,0.3706856080734002,10000.0,0.3358150553550656,10000.0,0.3637458682060241
T9,T9_day141,T9_day615,480,474,141,-1845.066650390625,-63.22188186645508,0.0502910912036895,0.0481937527656555,0.1299006938934326,0.2333924274210043,0.0001,0.3211573799416544,10000.0,0.3318412826724689,10000.0,0.3115887641906738
T9,T9_day170,T9_day196,30,26,170,-3.19921612739563,-0.0551263689994812,-0.1530278027057647,0.068516194820404,0.075428307056427,0.1171253945175841,1e-05,0.050321092724073,10000.0,0.0098780352738304,100.0,0.2603578269481659
T9,T9_day170,T9_day287,120,117,170,-4.237945556640625,-0.8729575872421265,0.0766305029392242,-0.0567995905876159,0.0103278160095214,-0.146504971350275,1e-05,0.0701826849354749,10000.0,0.0862712994020188,10000.0,0.0024530589580535
T9,T9_day170,T9_day650,480,480,170,-10.65334415435791,-0.2785840034484863,-0.1259925365447998,-0.2281164526939392,-0.2225388288497924,0.2325520215585692,1e-05,0.3405574453042569,10000.0,0.3386695639600076,1000.0,0.3376364707946777
T9,T9_day188,T9_day190,1,2,188,-0.3805903792381286,0.0202045738697052,0.2378409802913665,0.0412386953830719,0.0766203105449676,-0.0352974117416486,1e-05,-0.0434267914992911,10000.0,-0.0466691692317411,100.0,-0.0477544665336608
T9,T9_day188,T9_day195,7,7,188,-0.7538965940475464,-0.8680756092071533,-0.0699031352996826,-0.0799463987350463,0.0571638047695159,0.2276000910882352,0.0001,0.2222361058627621,10000.0,0.2187259225928468,1000.0,0.2168647348880767
T9,T9_day188,T9_day219,30,31,188,0.0899924337863922,-0.0575293004512786,0.0086720883846282,-0.0757445394992828,-0.0818657875061035,0.3773811170988749,0.0001,0.3927879080723933,10000.0,0.3696565219847735,100.0,0.3695822954177856
T9,T9_day188,T9_day308,120,120,188,-16.632495880126953,-0.3003318905830383,0.0416010618209838,-0.1269161701202392,-0.0147289633750915,0.1646126318035619,1e-05,0.0660576339862709,10000.0,0.1769942189415584,10000.0,0.1813945770263672
T9,T9_day188,T9_day667,480,479,188,-4.73475456237793,-0.139683723449707,0.0523277223110199,0.0645911693572998,0.1071332693099975,0.2985690317847363,0.0001,0.3942794459329243,10000.0,0.3883077207350633,10000.0,0.3850124776363373
T9,T9_day190,T9_day196,7,6,190,-0.3288561105728149,-0.252930223941803,-0.0886225700378418,-0.4239270687103271,-0.4667929410934448,-0.0481233718748573,1e-05,0.050321092724073,10000.0,-0.0120163206394515,10000.0,0.2603578269481659
T9,T9_day190,T9_day219,30,29,190,-0.2357162833213806,0.1182323396205902,0.2535751163959503,0.2219818830490112,0.136578768491745,0.3706260553576215,1e-05,0.3927879080723933,10000.0,0.373075668938885,1000.0,0.3695822954177856
T9,T9_day190,T9_day308,120,118,190,-0.8598508834838867,-0.4559873938560486,-0.6356179118156433,-0.5556133985519409,-0.3888186812400818,-0.1631757240322783,1e-05,0.0660576339862709,10000.0,0.0581018321774116,1000.0,0.1813945770263672
T9,T9_day190,T9_day672,480,482,190,-0.5107429623603821,-0.280914306640625,-0.2949339151382446,-0.2749792337417602,-0.2069329023361206,0.2775386682406718,1e-05,0.3873075600073917,10000.0,0.3761172679983715,0.1,0.3761176466941833
T9,T9_day195,T9_day196,1,1,195,0.1471071541309356,0.1716825366020202,0.2707601487636566,0.2033976018428802,0.1847781240940094,0.065016656537756,0.0001,0.050321092724073,10000.0,0.0086487579575306,100.0,0.2603578269481659
T9,T9_day195,T9_day226,30,31,195,-0.079595923423767,-0.01624396443367,0.1753565967082977,0.084549069404602,0.0953761041164398,0.3617969337130775,0.001,0.4346139238665499,10000.0,0.4378321051858726,1000.0,0.4362562894821167
T9,T9_day195,T9_day314,120,119,195,-1.4262213706970217,-0.4016161561012268,0.2150547206401825,0.2513921558856964,0.2551010251045227,0.394441567210975,0.0001,0.436042090014854,10000.0,0.426413695896455,10000.0,0.4255290627479553
T9,T9_day195,T9_day672,480,477,195,-1.283926010131836,-0.1835829019546508,0.0110492408275604,-0.0090828537940979,0.0136941969394683,0.2870301648587465,1e-05,0.3873075600073917,10000.0,0.3763849883728895,1000.0,0.3761176466941833
T9,T9_day196,T9_day226,30,30,196,-0.070902407169342,0.1440614461898803,0.3385375142097473,0.2849018573760986,0.3152491450309753,0.4183857369630792,0.001,0.4346139238665499,10000.0,0.449223512968543,10000.0,0.4362562894821167
T9,T9_day196,T9_day314,120,118,196,-0.7693911194801331,-0.2267400920391082,0.0722512006759643,-0.1655888557434082,-0.1572413742542266,0.3998641111490684,0.0001,0.436042090014854,10000.0,0.4256458917255872,100.0,0.4255290627479553
T9,T9_day196,T9_day672,480,476,196,-15.221464157104492,-0.2303964495658874,-0.0875372290611267,-0.2244437932968139,-0.2250915765762329,0.3302335347598085,1e-05,0.3873075600073917,10000.0,0.3761664044087712,100.0,0.3761176466941833
T9,T9_day219,T9_day226,7,7,219,-1.614862322807312,-0.2546912431716919,0.2889485657215118,0.2512435019016266,0.2747059464454651,0.4004505028643161,0.001,0.4346139238665499,10000.0,0.3122534851719092,1000000.0,0.4362562894821167
T9,T9_day219,T9_day245,30,26,219,-9.84156608581543,-0.9385023713111876,0.1566951274871826,0.1039357483386993,0.1177335679531097,0.0439631015412806,0.0001,0.1625661905989096,10000.0,0.1992074931711085,10000.0,0.1418530046939849
T9,T9_day219,T9_day338,120,119,219,-9.364215850830078,0.2017561495304107,0.3943015933036804,0.3834025859832763,0.4403251409530639,0.6135910908530626,1e-06,0.6351462434088839,10000.0,0.6365473148341272,1000.0,0.6360234618186951
T9,T9_day219,T9_day699,480,480,219,-25.73033905029297,-0.472244918346405,-0.3635880351066589,-0.4107207953929901,-0.198727011680603,0.1676715076102373,1e-05,0.2775029627433737,10000.0,0.2694319123148168,1000.0,0.2690026462078094
T9,T9_day226,T9_day259,30,33,226,-26.61094093322754,-5.013031959533691,0.00342458486557,-0.052332192659378,0.1207639575004577,0.2547373100658865,0.001,0.3706856080734002,10000.0,0.3517706475221019,10000.0,0.3637458682060241
T9,T9_day226,T9_day345,120,119,226,-10.952972412109377,-0.6793437600135803,0.0832315683364868,-0.0321532189846038,0.0271973609924316,0.3036269710766607,1e-05,0.3408484851160543,10000.0,0.3011470780617538,10000.0,0.3571657240390777
T9,T9_day226,T9_day707,480,481,226,-1.103304386138916,-0.3360087871551513,-0.3499103188514709,-0.4803349375724792,-0.2909464836120605,-1.175195275435255,1e-05,-0.558923094489749,10000.0,-0.7288010618454904,1000.0,-0.7446292638778687
T9,T9_day231,T9_day238,7,7,231,-3.257228374481201,-0.4198119342327118,0.2032435834407806,0.250294029712677,0.2302955389022827,0.3157604609703239,0.001,0.3806299697186983,10000.0,0.3686779736391871,10000.0,0.3680192530155182
T9,T9_day231,T9_day259,30,28,231,-46.806732177734375,-6.200130462646484,0.0127228200435638,-0.0631751716136932,0.0238615274429321,0.2494894926397661,0.001,0.3706856080734002,10000.0,0.339242614525642,10000.0,0.3637458682060241
T9,T9_day231,T9_day350,120,119,231,-12.094998359680176,-1.6440773010253906,-0.461816668510437,-0.3402564525604248,-0.8945536613464355,0.271510742695882,1e-05,0.3640971073616895,10000.0,0.3577087968247283,100.0,0.3978026807308197
T9,T9_day231,T9_day714,480,483,231,-11.54425048828125,-0.5304359197616577,-0.5151145458221436,-1.1233980655670166,-0.8741075396537781,0.0617558760235276,1e-05,-0.1430741644639253,10000.0,-0.2368334770006136,1000.0,-0.2380025386810302
T9,T9_day237,T9_day238,1,1,237,-2.982901096343994,-0.1281114816665649,0.2394914329051971,0.1946319639682769,0.172495037317276,0.3138743007544757,0.001,0.3806299697186983,10000.0,0.3914100922629179,10000.0,0.3680192530155182
T9,T9_day237,T9_day245,7,8,237,-12.25393772125244,-0.2632994055747986,-0.0315853059291839,-0.1019288897514343,-0.1091929376125335,-0.2199204873191193,0.0001,0.1625661905989096,10000.0,0.1335704494094815,10000.0,0.1418530046939849
T9,T9_day237,T9_day272,30,35,237,-14.33210563659668,-5.082916259765625,0.1254991292953491,0.1484337449073791,0.1454081237316131,0.2809857247586895,1e-05,0.3713544852143993,10000.0,0.3705711572506335,1000.0,0.3696358203887939
T9,T9_day237,T9_day356,120,119,237,-20.301408767700195,-0.5013294219970703,0.0166027843952178,-0.120062917470932,-0.0572459995746612,0.0948494397508135,0.0001,0.0599187423722604,10000.0,0.0587025930400645,10000.0,0.0129210650920867
T9,T9_day237,T9_day714,480,477,237,-65.11383056640625,-0.5548480153083801,-0.4576303958892822,-0.5546447038650513,-0.14500093460083,0.0363414366359729,1e-05,-0.1430741644639253,10000.0,-0.1768639415153678,10000.0,-0.2380025386810302
T9,T9_day238,T9_day245,7,7,238,-24.970815658569336,-1.3890031576156616,0.1535745859146118,0.123090773820877,0.0795377492904663,-0.0194532440680919,0.001,0.1625661905989096,10000.0,0.1771714344423527,10000.0,0.1418530046939849
T9,T9_day238,T9_day272,30,34,238,-28.991872787475582,-9.6613187789917,0.1602565050125122,0.1042441427707672,0.140720784664154,0.3188507348639137,1e-05,0.3713544852143993,10000.0,0.3703843986851214,10000.0,0.3696358203887939
T9,T9_day238,T9_day358,120,120,238,-1.4662632942199707,-0.2543129026889801,0.0712056457996368,0.1497349143028259,0.0917885303497314,0.4019384561559468,0.0001,0.5131739763097625,10000.0,0.4926758082116838,1000.0,0.4853513538837433
T9,T9_day238,T9_day720,480,482,238,-3.4299020767211914,-0.3107175827026367,-0.1756535172462463,-0.3286789059638977,-0.4650883078575134,0.3103872718204897,1e-05,0.4022063701394964,10000.0,0.3945047131989401,1000.0,0.3944698572158813
T9,T9_day245,T9_day273,30,28,245,-21.09355926513672,-9.39620590209961,0.1386952102184295,0.2835361063480377,0.1820942461490631,0.1388177026007382,100.0,0.3691748520330283,100000.0,0.3857371884449133,10000.0,0.3763880431652069
T9,T9_day245,T9_day366,120,121,245,-5.639580726623535,-0.1324223577976226,0.0690402686595916,-0.4688783288002014,-0.2063339650630951,0.3095414420598659,1e-05,0.3534512789956743,10000.0,0.3337454453792388,1000.0,0.5130446553230286
T9,T9_day245,T9_day728,480,483,245,-29.6718864440918,-0.9918835759162904,-0.3870675563812256,-0.1655865311622619,-0.1192520856857299,0.3185593328261543,1e-06,0.3490169881311473,0.1,0.349017049985512,0.1,0.3490174114704132
T9,T9_day259,T9_day287,30,28,259,-9.534250259399414,-3.529754638671875,-0.326246827840805,-0.4294278621673584,-0.3287151157855987,0.1732144284988201,1e-05,0.0701826849354749,10000.0,0.1009699373210145,10000.0,0.0024530589580535
T9,T9_day259,T9_day378,120,119,259,-3.328226327896118,-0.2860752940177917,0.0932237803936004,0.0349940657615661,-0.0073071718215942,0.3092976129903766,1e-05,0.3619167172199625,10000.0,0.3280965812038101,10000.0,0.3554883301258087
T9,T9_day259,T9_day744,480,485,259,-9.127552032470703,-0.646806538105011,-0.2699954509735107,-0.1811148524284362,-0.2445343732833862,0.2669722008843122,1e-05,0.3225545170140363,10000.0,0.2655869730349059,10000.0,0.3747481405735016
T9,T9_day272,T9_day273,1,1,272,-0.0867154896259307,0.1818436384201049,0.2469447255134582,0.2526572048664093,0.2400701344013214,0.2820895625242029,1.0,0.3691748520330283,100000.0,0.3823019952993581,10000.0,0.3763880431652069
T9,T9_day272,T9_day279,7,7,272,-3.18253231048584,-0.7332575917243958,0.0293726325035095,0.1054160892963409,0.0795833468437194,0.2572885012022753,0.001,0.312143226046486,10000.0,0.3056335038567124,10000.0,0.3112105131149292
T9,T9_day272,T9_day301,30,29,272,-9.77549934387207,-9.261837005615234,-0.3637996912002563,-0.7288899421691895,-0.4968559145927429,-0.1786235237939946,0.0001,-0.0160258634591065,10000.0,0.0583128071220145,10000.0,0.3476847410202026
T9,T9_day272,T9_day394,120,122,272,-13.283575057983398,-2.1895575523376465,0.2321801483631134,0.0832462310791015,-0.4005942940711975,0.0219445984001425,0.0001,0.0757979195472855,10000.0,0.0374703986243012,0.1,0.0374683439731597
T9,T9_day272,T9_day748,480,476,272,-16.380048751831055,-0.6943795680999756,-0.2565180659294128,-0.347384512424469,-0.3407943248748779,0.1914590165699553,0.001,0.2926420267317946,10000.0,0.2775106559047229,100.0,0.2774197459220886
T9,T9_day273,T9_day279,7,6,273,-4.516081809997559,-0.495433509349823,0.0213807821273803,-0.359876424074173,-0.2830867767333984,0.2774609254152272,0.0001,0.312143226046486,10000.0,0.3112681631910802,1000.0,0.3112105131149292
T9,T9_day273,T9_day301,30,28,273,-26.201032638549805,-24.97541046142578,-0.1633205711841583,-0.2197092175483703,-0.1859547793865203,0.0962374880063953,0.001,-0.0160258634591065,10000.0,0.0078146200637633,10000.0,0.3476847410202026
T9,T9_day273,T9_day394,120,121,273,-31.627456665039062,-5.636230945587158,0.2175309956073761,0.1820118725299835,-0.0990881919860839,-0.192107048065837,0.0001,0.0757979195472855,10000.0,0.039789677739948,100.0,0.0374683439731597
T9,T9_day273,T9_day748,480,475,273,-30.56531143188477,-2.051851749420166,-0.1201681196689605,-0.3212253451347351,-0.3643613457679748,0.242570368843925,0.0001,0.2926420267317946,10000.0,0.2804481713361044,1000.0,0.2774197459220886
T9,T9_day279,T9_day287,7,8,279,-32.21197509765625,-29.48315048217773,0.1749965548515319,0.096404492855072,0.1029313206672668,0.0711287036149816,1e-06,0.0701826849354749,10000.0,0.04939022577054,10000.0,0.0024530589580535
T9,T9_day279,T9_day308,30,29,279,-24.29020881652832,-0.2754282355308532,-0.70175701379776,-0.6864451766014099,-0.6629741787910461,0.0330704766661514,0.0001,0.0660576339862709,10000.0,0.0444513047179411,1000.0,0.1813945770263672
T9,T9_day279,T9_day394,120,115,279,-4.540651321411133,-3.137993335723877,0.3387973010540008,0.3068315982818603,0.2529610395431518,0.338280235101682,0.0001,0.0757979195472855,10000.0,0.0472915334012571,1000.0,0.0374683439731597
T9,T9_day279,T9_day758,480,479,279,-1.172112226486206,-0.4148276448249817,-0.219242125749588,-0.1215395629405975,-0.0609996914863586,0.2529392614112002,1e-06,0.3555084958921283,10000.0,0.3410592859354863,1000.0,0.3466481566429138
T9,T9_day282,T9_day314,30,32,282,-11.271936416625977,-0.5206243991851807,0.1277856230735778,-0.2330685555934906,-0.0796850323677063,0.3873659095731592,0.0001,0.436042090014854,10000.0,0.4257041105895258,100.0,0.4255290627479553
T9,T9_day282,T9_day406,120,124,282,-8.754575729370117,-7.112321853637695,-0.4347664713859558,-0.4278790950775146,-0.3778594732284546,0.2512873709069297,1e-05,0.3187795264079531,10000.0,0.3136784429608809,100.0,0.3136413395404815
T9,T9_day282,T9_day758,480,476,282,-21.89868927001953,-1.1493167877197266,-0.4576669931411743,-0.3057702779769897,-0.2103493809700012,0.2560368680385451,1e-05,0.3555084958921283,10000.0,0.3389053115984881,1000.0,0.3466481566429138
T9,T9_day287,T9_day294,7,7,287,0.1074246764183044,0.1372522413730621,0.2685701549053192,0.2341585159301757,0.2209309041500091,0.29897538578875,0.0001,0.2537709347930071,10000.0,0.2510054847997031,10000.0,0.2132481932640075
T9,T9_day287,T9_day314,30,27,287,-14.125791549682615,-0.5265990495681763,0.0947561264038086,0.1424589157104492,0.1126214563846588,0.3761087538918382,0.001,0.436042090014854,10000.0,0.4273170135614251,1000.0,0.4255290627479553
T9,T9_day287,T9_day406,120,119,287,-6.637617588043213,-5.052766799926758,-0.3216091990470886,-0.2902494668960571,-0.3065865039825439,0.255521729219882,1e-05,0.3187795264079531,10000.0,0.3125987223084679,1000.0,0.3136413395404815
T9,T9_day287,T9_day758,480,471,287,-4.268802642822266,-0.5414248704910278,-0.1659681797027588,-0.3269084692001343,-0.2533093690872192,0.2481477129383451,1e-05,0.3555084958921283,10000.0,0.3440479378966957,1000.0,0.3466481566429138
T9,T9_day293,T9_day294,1,1,293,-0.4478375315666199,0.0495797097682952,0.1618410050868988,0.1082951426506042,0.096154510974884,0.2406250541586155,0.0001,0.2537709347930071,10000.0,0.2176007205425372,1000.0,0.2132481932640075
T9,T9_day293,T9_day300,7,7,293,-0.596549928188324,-0.4030603170394897,-0.0939291715621948,-0.1759609580039978,-0.2086990475654602,0.0320326907555183,1e-05,-0.1695578655284847,10000.0,-0.7534884794979765,0.1,0.2078161835670471
T9,T9_day293,T9_day321,30,28,293,-3.697784423828125,-0.1309231519699096,0.1603429615497589,0.0014382004737854,0.1062608957290649,0.1716536592724429,0.0001,0.1822113508504893,10000.0,0.2157481161691795,10000.0,0.1636398434638977
T9,T9_day293,T9_day413,120,120,293,-21.45611953735352,-0.6898093223571777,0.1354488432407379,0.0571828186511993,0.0675047039985656,0.0799888672912772,1e-05,0.2714190328861656,10000.0,0.2322920013583084,1000.0,0.2338045239448547
T9,T9_day293,T9_day758,480,465,293,-24.573945999145508,-1.0938215255737305,-0.1084805727005004,-0.1025661826133728,-0.1772440671920776,0.2112081526405739,1e-05,0.3555084958921283,10000.0,0.3448491034055568,1000.0,0.3466481566429138
T9,T9_day294,T9_day296,1,2,294,-5.782790184020996,-4.215255737304688,0.0956045985221862,-0.0107155442237854,-0.0989965498447418,0.2293970819947065,1e-05,0.2846635276860152,10000.0,-0.0163107885211507,10000.0,0.3011966645717621
T9,T9_day294,T9_day301,7,7,294,-42.06014251708984,-39.07756805419922,0.0572862327098846,-0.1205238699913024,-0.0573532879352569,0.1841236736028857,0.001,-0.0160258634591065,10000.0,0.2160027160394357,10000.0,0.3476847410202026
T9,T9_day294,T9_day321,30,27,294,-20.162263870239254,-0.6440019607543945,0.1085603833198547,0.0800216197967529,0.058711439371109,0.1319597833103463,0.001,0.1822113508504893,10000.0,0.1894871143841121,10000.0,0.1636398434638977
T9,T9_day294,T9_day413,120,119,294,-22.89424514770508,-3.1151840686798096,0.1286052167415619,0.0344467759132385,-0.0168312489986419,0.1384347058162476,1e-05,0.2714190328861656,10000.0,0.2504807961553891,10000.0,0.2338045239448547
T9,T9_day294,T9_day758,480,464,294,-11.13255214691162,-1.0238841772079468,-0.1598309874534607,-0.178209900856018,-0.1609180569648742,0.1984551928710615,1e-05,0.3555084958921283,10000.0,0.3427867847693018,1000.0,0.3466481566429138
T9,T9_day296,T9_day329,30,33,296,-11.627345085144045,-0.5766726732254028,0.3672662675380707,0.3439256548881531,0.363016813993454,0.4439447278509866,1e-06,0.4759104122592519,10000.0,0.4823228441356424,10000.0,0.4686506986618042
T9,T9_day296,T9_day416,120,120,296,-6.891291618347168,-1.1246044635772705,0.2352224588394165,0.261103481054306,0.2426797449588775,0.3299301741478884,1e-05,0.4386986246758639,10000.0,0.4439894859070702,1000.0,0.4432720839977264
T9,T9_day296,T9_day758,480,462,296,-48.11004638671875,-1.959448218345642,-0.1888761520385742,-0.4245420098304748,-0.1043186783790588,0.2439504174246348,1e-05,0.3555084958921283,10000.0,0.3454783017316963,100.0,0.3466481566429138
T9,T9_day300,T9_day301,1,1,300,-3.8624587059021,-4.21592378616333,-0.1706323623657226,-0.0860483646392822,0.0150481164455413,0.0155106778161616,0.0001,-0.0160258634591065,10000.0,-0.3752295049909598,10000.0,0.3476847410202026
T9,T9_day300,T9_day307,7,7,300,-12.310198783874512,-0.1284082531929016,0.1033251583576202,0.0574473440647125,0.0534348487854003,0.1439264359720528,1e-05,0.147800412059516,10000.0,0.1689270702941235,10000.0,0.1391786932945251
T9,T9_day300,T9_day329,30,29,300,-10.254222869873049,0.0225426256656646,0.3157829940319061,0.2672015428543091,0.2546533942222595,0.4195239134902561,0.001,0.4759104122592519,10000.0,0.4784415705482129,10000.0,0.4686506986618042
T9,T9_day300,T9_day422,120,122,300,-4.965317726135254,-0.1493230462074279,0.1888176500797271,0.200998842716217,0.1684079468250274,0.3261767405522537,0.0001,0.3980194190534327,10000.0,0.3948171109297714,10000.0,0.3888720273971557
T9,T9_day300,T9_day758,480,458,300,-16.632369995117188,-0.5207757353782654,-0.0662590861320495,-0.1697403788566589,-0.2166057229042053,0.2165219325940751,1e-06,0.3555084958921283,10000.0,0.3478839333024929,1000.0,0.3466481566429138
T9,T9_day301,T9_day308,7,7,301,-55.62833404541016,-0.7075795531272888,-0.1703056097030639,-0.2343087196350097,-0.138297438621521,0.1035885863654511,0.0001,0.0660576339862709,10000.0,0.0417722981950584,1000.0,0.1813945770263672
T9,T9_day301,T9_day329,30,28,301,-22.50934600830078,-1.2914276123046875,0.2087231874465942,0.1675549149513244,0.1102438271045684,0.4426571772752017,1e-05,0.4759104122592519,10000.0,0.4686537886824514,1000.0,0.4686506986618042
T9,T9_day301,T9_day422,120,121,301,-0.6643155813217163,-0.124238908290863,0.157162457704544,0.1400638222694397,0.1503024995326995,0.3541152185180916,1e-05,0.3980194190534327,10000.0,0.389797071525445,10000.0,0.3888720273971557
T9,T9_day301,T9_day758,480,457,301,-50.137939453125,-0.7020784616470337,-0.220275342464447,-0.1243152320384979,-0.1560066938400268,0.2694824350254944,1e-06,0.3555084958921283,10000.0,0.3434443267159449,1000.0,0.3466481566429138
T9,T9_day307,T9_day308,1,1,307,-0.0957325994968414,0.1069658994674682,0.1639664471149444,-0.1029600501060485,-0.0423777103424072,0.1590505696984217,0.0001,0.0660576339862709,10000.0,0.1353744083904877,10000.0,0.1813945770263672
T9,T9_day307,T9_day314,7,7,307,-0.265920341014862,-0.2069892287254333,0.3210850358009338,0.1956886649131775,0.2676174342632293,0.4232330893431094,0.0001,0.436042090014854,10000.0,0.4339034717330262,10000.0,0.4255290627479553
T9,T9_day307,T9_day336,30,29,307,-8.675107955932617,-0.1834727525711059,0.0672776997089386,0.1384969055652618,0.0860675275325775,0.2049267553592859,1e-05,0.2154687656972465,10000.0,0.2072954404363297,10000.0,0.1692411303520202
T9,T9_day307,T9_day426,120,119,307,-3.7764368057250977,-3.4240307807922363,-2.423283100128174,-2.49634051322937,-1.009576439857483,0.2443843629381296,1e-05,0.1064685675018229,10000.0,0.0052787673804545,100.0,0.0046994090080261
T9,T9_day307,T9_day758,480,451,307,-5.854573726654053,-0.403971791267395,-0.1914466023445129,-0.1728807687759399,-0.0775619745254516,0.1728044651671433,1e-05,0.3555084958921283,10000.0,0.3455211468289373,100.0,0.3466481566429138
T9,T9_day308,T9_day314,7,6,308,-0.3378735184669494,-0.3892629444599151,0.2829401791095733,0.2229434847831726,0.1755431294441223,0.4246903916947986,0.0001,0.436042090014854,10000.0,0.4377415274557235,10000.0,0.4255290627479553
T9,T9_day308,T9_day338,30,30,308,-3.1284401416778564,-0.7051165103912354,0.3048858344554901,0.1041535437107086,0.1713358461856842,0.5677715217160467,1e-05,0.6351462434088839,10000.0,0.6360235664263731,0.1,0.6360234618186951
T9,T9_day308,T9_day426,120,118,308,-8.403338432312012,-7.780978202819824,-0.5057533383369446,-3.227097511291504,-0.9184260368347168,0.1132320793257943,0.0001,0.1064685675018229,10000.0,0.0046973500993228,0.1,0.0046994090080261
T9,T9_day308,T9_day758,480,450,308,-4.506189823150635,-1.286293625831604,-0.2633488774299621,-0.3375639915466308,-0.275136649608612,0.2556523258424412,1e-05,0.3555084958921283,10000.0,0.3454733094334791,10.0,0.3466481566429138
T9,T9_day314,T9_day321,7,7,314,-1.5145691633224487,-0.3542515635490417,-0.0205694139003753,-0.0093583464622497,-0.1301036477088928,0.1714929318455583,0.001,0.1822113508504893,10000.0,0.1636413788982912,0.1,0.1636398434638977
T9,T9_day314,T9_day345,30,31,314,-3.913219928741455,-0.915134072303772,0.0334791541099548,0.0677169263362884,0.0852634310722351,0.2492701031757929,1e-05,0.3408484851160543,10000.0,0.3354800454726005,1000.0,0.3571657240390777
T9,T9_day314,T9_day435,120,121,314,-2.544464349746704,-0.7833782434463501,0.007130742073059,-0.1538974642753601,-0.1340284049510955,0.2344248546283059,1e-05,0.3649512114905156,10000.0,0.3572388029251392,1000.0,0.3530247211456299
T9,T9_day314,T9_day758,480,444,314,-8.60019302368164,-0.5457841753959656,-0.1221958398818969,-0.0886744260787963,-0.0566971898078918,0.2488832527281448,1e-06,0.3555084958921283,10000.0,0.3458046640191292,1000.0,0.3466481566429138
T9,T9_day321,T9_day329,7,8,321,-18.145713806152344,-2.817161798477173,-0.0652113556861877,0.0293191969394683,-0.0270935297012329,0.4372167017082446,0.0001,0.4759104122592519,10000.0,0.4614084187818454,10000.0,0.4686506986618042
T9,T9_day321,T9_day350,30,29,321,-12.194998741149902,-0.5775618553161621,-0.1372040510177612,-0.2983199954032898,-0.3146893978118896,0.2591414907546712,1e-05,0.3640971073616895,10000.0,0.3624612172458115,1000.0,0.3978026807308197
T9,T9_day321,T9_day441,120,120,321,-0.661203920841217,-0.2822732329368591,-0.0661495327949523,-0.0777560174465179,-0.0354805886745452,0.2080260982444704,0.0001,0.2690504737176669,10000.0,0.2700087804413817,10000.0,0.2586854696273803
T9,T9_day321,T9_day758,480,437,321,-5.788504123687744,-1.4643571376800537,-0.4832302331924438,-0.2640826106071472,-0.352456271648407,0.1900826047527372,1e-05,0.3555084958921283,10000.0,0.3435163144299789,1000.0,0.3466481566429138
T9,T9_day329,T9_day336,7,7,329,-2.6700527667999268,-0.0329996943473815,0.0807105004787445,-0.0583106279373168,-0.0196847915649414,0.2028316922535797,0.0001,0.2154687656972465,10000.0,0.2332744838905777,10000.0,0.1692411303520202
T9,T9_day329,T9_day358,30,29,329,-2.0608019828796387,-0.1308031678199768,-0.0029408335685729,0.0006636679172515,-0.0875727832317352,0.4258925793606051,0.0001,0.5131739763097625,10000.0,0.4858631286979973,100.0,0.4853513538837433
T9,T9_day329,T9_day448,120,119,329,-4.149827003479004,-0.0116188824176788,0.0947620570659637,0.0428734123706817,0.037781536579132,0.2258569830968132,1e-05,0.2563504126504023,10000.0,0.2469195388615974,1000.0,0.2448372840881347
T9,T9_day329,T9_day758,480,429,329,-32.04407501220703,-0.267123818397522,-0.0471552014350891,-0.0534749627113342,-0.2222286462783813,0.2276868321101924,1e-06,0.3555084958921283,10000.0,0.34629584314517,1000.0,0.3466481566429138
T9,T9_day336,T9_day338,1,2,336,-6.255223751068115,-0.1751539707183838,0.399686723947525,0.3762811124324798,0.3658744990825653,0.5791905391083766,1e-05,0.6351462434088839,10000.0,0.6360235589897544,0.1,0.6360234618186951
T9,T9_day336,T9_day342,7,6,336,-0.1263632178306579,-1358.287353515625,0.1773219406604766,0.2312877476215362,0.0290070474147796,0.2659677522905257,0.0001,0.4290958070250963,10000.0,0.42789498804943,100.0,0.4541076719760895
T9,T9_day336,T9_day366,30,30,336,-18.20646476745605,-2.0512900352478027,-0.4137325584888458,0.060615599155426,0.0564337074756622,0.2623022638853536,1e-05,0.3534512789956743,10000.0,0.3125452873799447,1000.0,0.5130446553230286
T9,T9_day336,T9_day457,120,121,336,-7.531754970550537,-0.4015539288520813,-0.0161676108837127,-0.0895777344703674,-0.0426035821437835,0.1441834208324078,0.0001,0.2643718147780678,10000.0,0.2640632905454669,0.1,0.2640629112720489
T9,T9_day336,T9_day758,480,422,336,-127.41923522949219,-1.7365778684616089,-0.28543251752853394,-0.34567493200302124,-0.23097431659698486,0.26145796978275293,1e-05,0.35550849589212835,10000.0,0.3442696707558079,1000.0,0.3466481566429138
T9,T9_day338,T9_day345,7,7,338,-1.1548385620117188,0.10900002717971802,0.2578076422214508,0.21473410725593567,0.25617358088493347,0.313654911675598,0.0001,0.3408484851160543,10000.0,0.3304736236716351,1000.0,0.35716572403907776
T9,T9_day338,T9_day366,30,28,338,-0.1703440248966217,-0.12870699167251587,0.06896218657493591,0.18973922729492188,0.2923377454280853,0.3280653333038659,1e-05,0.35345127899567436,10000.0,0.27028551058955913,10000.0,0.5130446553230286
T9,T9_day338,T9_day457,120,119,338,-8.1787691116333,-0.16715693473815918,0.08710092306137085,0.02117985486984253,0.020213603973388672,0.17365932479135987,0.001,0.2643718147780678,10000.0,0.267596192469337,1000.0,0.26406291127204895
T9,T9_day338,T9_day758,480,420,338,-16.416255950927734,-0.871292769908905,-0.10705983638763428,-0.1729097068309784,-0.1949256956577301,0.21328601376518308,1e-05,0.35550849589212835,10000.0,0.3442971731763596,1000.0,0.3466481566429138
T9,T9_day342,T9_day349,7,7,342,-2.670262336730957,-0.24810147285461426,0.2787480652332306,0.29234614968299866,0.31132060289382935,0.5377306277949159,0.0001,0.572899377851889,10000.0,0.559828613025469,1000.0,0.5571852922439575
T9,T9_day342,T9_day373,30,31,342,-8.455001831054688,-0.2201107144355774,0.39363834261894226,0.2752709686756134,0.31353312730789185,0.43256062615637897,1e-05,0.4621948370919178,10000.0,0.4628016699621443,10000.0,0.4604288637638092
T9,T9_day342,T9_day462,120,120,342,-5.180103778839111,-0.33023086190223694,0.005248308181762695,-0.046525537967681885,0.16138562560081482,0.3870438674460197,1e-05,0.44373895320311024,10000.0,0.4464774110594295,1000.0,0.4742504954338074
T9,T9_day342,T9_day758,480,416,342,-9.116461753845215,-1.2005789279937744,-0.3493349552154541,-0.38400405645370483,-0.5721333622932434,0.22499996888910423,1e-05,0.35550849589212835,10000.0,0.3396309425985345,1000.0,0.3466481566429138
T9,T9_day345,T9_day373,30,28,345,-7.010452747344971,-0.046187520027160645,0.22352856397628784,0.07242903113365173,0.3292085528373718,0.4159476558249013,1e-05,0.4621948370919178,10000.0,0.46003656330710685,10000.0,0.4604288637638092
T9,T9_day345,T9_day462,120,117,345,-11.169697761535645,-0.5728824138641357,0.06929191946983337,-0.11173295974731445,-0.005125105381011963,0.3564435471721615,1e-05,0.44373895320311024,10000.0,0.4310447729582139,100.0,0.4742504954338074
T9,T9_day345,T9_day758,480,413,345,-11.91274642944336,-1.196272373199463,-0.2683001458644867,-0.7153145670890808,-0.6384502053260803,0.23839264594333376,1e-05,0.35550849589212835,10000.0,0.34174236239804034,1000.0,0.3466481566429138
T9,T9_day349,T9_day350,1,1,349,-13.681198120117188,-1.316047191619873,0.14209207892417908,0.037114113569259644,-0.09511923789978027,0.3468770249520525,0.0001,0.3640971073616895,10000.0,0.3602093747764351,1000.0,0.3978026807308197
T9,T9_day349,T9_day356,7,7,349,-0.4063757061958313,-0.1314864158630371,0.09160742163658142,0.031150132417678833,-0.03327104449272156,0.09940469718774769,1e-05,0.059918742372260414,10000.0,0.08859543377709361,10000.0,0.012921065092086792
T9,T9_day349,T9_day378,30,29,349,-2.1673378944396973,-0.10255786776542664,0.15498700737953186,0.23572209477424622,0.15120843052864075,0.34652040549775726,0.0001,0.36191671721996255,10000.0,0.3239637024473105,10000.0,0.3554883301258087
T9,T9_day349,T9_day468,120,119,349,-10.223554611206055,-1.9514201879501343,-0.12781649827957153,-0.42168688774108887,-0.34944838285446167,0.219351213310288,0.0001,0.3315091517302863,10000.0,0.32282338754432416,10000.0,0.3234403729438782
T9,T9_day349,T9_day758,480,409,349,-2.658884286880493,-0.5367410778999329,-0.14837312698364258,-0.4438565671443939,-0.28008535504341125,0.24277265051849328,1e-05,0.35550849589212835,10000.0,0.3454845863666343,1000.0,0.3466481566429138
T9,T9_day350,T9_day356,7,6,350,-0.11942833662033081,-0.17563074827194214,0.10094323754310608,-0.08298945426940918,-0.13425564765930176,0.047268490327252444,1e-05,0.059918742372260414,10000.0,0.012921086543868143,0.1,0.012921065092086792
T9,T9_day350,T9_day378,30,28,350,-4.429727077484131,-0.48255473375320435,-0.21238607168197632,-0.5224694013595581,-0.41660213470458984,0.28346449009758357,1e-05,0.36191671721996255,10000.0,0.33178751236803494,1000.0,0.3554883301258087
T9,T9_day350,T9_day471,120,121,350,-6.370455265045166,-1.4932316541671753,0.10009586811065674,-0.09448471665382385,-0.08138129115104675,0.20534518698522652,1e-05,0.2391811075115679,10000.0,0.1886522794891265,10000.0,0.1570192575454712
T9,T9_day350,T9_day758,480,408,350,-10.77817153930664,-0.4615458846092224,-0.2269999384880066,-0.35508251190185547,-0.22692173719406128,0.2684179965483864,1e-05,0.35550849589212835,10000.0,0.3454665906960631,0.1,0.3466481566429138
T9,T9_day356,T9_day358,1,2,356,0.11645668745040894,0.21188989281654358,0.19569146633148193,0.23349452018737793,0.23785746097564697,0.4749886347493863,0.0001,0.5131739763097625,10000.0,0.48613916737110907,100.0,0.4853513538837433
T9,T9_day356,T9_day385,30,29,356,-0.6597530245780945,-0.07227498292922974,0.18324357271194458,0.1940581500530243,0.23458296060562134,0.36987603840338595,1e-05,0.38983140144660233,10000.0,0.36574658855491393,10000.0,0.4049563705921173
T9,T9_day356,T9_day476,120,120,356,-26.346467971801758,-3.2609729766845703,0.07330349087715149,0.12165167927742004,-0.11421781778335571,0.1966962966951964,1e-05,0.34096894415170487,10000.0,0.326685470194587,10000.0,0.32543954253196716
T9,T9_day356,T9_day758,480,402,356,-5.013996601104736,-0.2886260747909546,-0.018458247184753418,-0.06657767295837402,0.07925200462341309,0.23832993797089314,1e-05,0.35550849589212835,10000.0,0.3475899399943601,10000.0,0.3466481566429138
T9,T9_day358,T9_day366,7,8,358,-1.211310625076294,0.07091715931892395,0.1956779956817627,0.22726979851722717,0.19337305426597595,0.3099565121162879,1e-05,0.35345127899567436,10000.0,0.3469648973180577,100.0,0.5130446553230286
T9,T9_day358,T9_day385,30,27,358,-18.82054901123047,-1.4847949743270874,-0.34893810749053955,-0.041659265756607056,0.015201181173324585,0.3634630226242261,0.0001,0.38983140144660233,10000.0,0.3722126274869716,1000.0,0.4049563705921173
T9,T9_day358,T9_day476,120,118,358,-9.699271202087402,-5.521634101867676,-0.6028861999511719,-0.4855254292488098,-0.551257312297821,0.18009349742435699,1e-05,0.34096894415170487,10000.0,0.3254385017862115,0.1,0.32543954253196716
T9,T9_day358,T9_day758,480,400,358,-1.4150922298431396,-0.8229506611824036,-0.2924906015396118,-0.24399590492248535,-0.24839577078819275,0.1922145119093383,1e-05,0.35550849589212835,10000.0,0.34191603165600026,1000.0,0.3466481566429138
T9,T9_day366,T9_day373,7,7,366,-2.0135865211486816,0.15732833743095398,0.1829182207584381,0.0661727786064148,0.11776340007781982,0.41033414286505404,0.0001,0.4621948370919178,10000.0,0.45563170291501165,10000.0,0.4604288637638092
T9,T9_day366,T9_day394,30,28,366,-4.072730541229248,-0.8398729562759399,0.39579373598098755,0.23637765645980835,0.3214070498943329,0.4107168433320004,0.001,0.07579791954728554,10000.0,0.0581469768512628,1000.0,0.03746834397315979
T9,T9_day366,T9_day490,120,124,366,-1.9033830165863037,-0.7025303840637207,0.02212923765182495,-0.018186092376708984,0.06888589262962341,0.28180254671932914,1e-05,0.3134890199725021,10000.0,0.3035550415478754,1000.0,0.30030912160873413
T9,T9_day366,T9_day758,480,392,366,-13.37915325164795,-0.5774867534637451,-0.14323478937149048,-0.058674156665802,-0.47686976194381714,0.23924512919931473,1e-05,0.35550849589212835,10000.0,0.34202767745070956,1000.0,0.3466481566429138
T9,T9_day373,T9_day406,30,33,373,-7.878376007080078,-3.3841800689697266,-0.4586752653121948,-0.48860520124435425,-0.4904637336730957,0.2412005535885871,1e-05,0.3187795264079531,10000.0,0.313543394367188,100.0,0.31364133954048157
T9,T9_day373,T9_day490,120,117,373,-1.794908046722412,-0.41258132457733154,0.06274980306625366,0.0841664969921112,0.02642783522605896,0.26510625319151354,1e-05,0.3134890199725021,10000.0,0.3043151074068476,1000.0,0.30030912160873413
T9,T9_day373,T9_day758,480,385,373,-18.444284439086914,-0.6403912305831909,-0.25165945291519165,-0.15116626024246216,-0.16484573483467102,0.26125870935983214,1e-05,0.35550849589212835,10000.0,0.3396331127056366,1000.0,0.3466481566429138
T9,T9_day378,T9_day385,7,7,378,-3.301469564437866,-0.04745662212371826,0.26770520210266113,0.2904752492904663,0.29030075669288635,0.4232677821714568,0.0001,0.38983140144660233,10000.0,0.36882623615246896,10000.0,0.4049563705921173
T9,T9_day378,T9_day408,30,30,378,-5.014453887939453,-0.38074517250061035,0.271516352891922,0.26323267817497253,0.280770868062973,0.3459552891119972,0.0001,0.3796491714761571,10000.0,0.385039993487114,10000.0,0.3775879740715027
T9,T9_day378,T9_day499,120,121,378,-2.7667384147644043,-0.4720499515533447,0.18081602454185486,0.1926586925983429,0.17126137018203735,0.3100195641592492,0.0001,0.33398534605664243,10000.0,0.34062463351317807,10000.0,0.32056504487991333
T9,T9_day378,T9_day758,480,380,378,-10.140471458435059,-0.9519160389900208,-0.2276555299758911,-0.12741786241531372,-0.4296635687351227,0.2616921312564073,1e-05,0.35550849589212835,10000.0,0.34401011144237326,1000.0,0.3466481566429138
T9,T9_day384,T9_day385,1,1,384,-2.1384921073913574,-1.3953964710235596,0.13293230533599854,0.11731666326522827,0.10641160607337952,0.3233284215347402,1e-05,0.38983140144660233,10000.0,0.37064626472946116,1000.0,0.4049563705921173
T9,T9_day384,T9_day413,30,29,384,-2.7394418716430664,-1.0798827409744263,0.08010417222976685,-0.1484101116657257,-0.0417327880859375,0.1595458260204996,1e-05,0.2714190328861656,10000.0,0.2304609202994612,1000.0,0.23380452394485474
T9,T9_day384,T9_day504,120,120,384,-34.294708251953125,-1.5070468187332153,0.40133264660835266,0.4035423696041107,0.42668357491493225,0.5491832803096626,0.0001,0.5835797580207116,10000.0,0.5841551512116002,10000.0,0.5659745931625366
T9,T9_day384,T9_day758,480,374,384,-17.695648193359375,-1.7219481468200684,-0.17109549045562744,-0.1475287675857544,-0.05617779493331909,0.2666801112289887,1e-05,0.35550849589212835,10000.0,0.3458778237405441,1000.0,0.3466481566429138
T9,T9_day385,T9_day416,30,31,385,-14.828309059143066,-2.3353564739227295,0.22388842701911926,0.13757789134979248,0.15115004777908325,0.354814011697168,1e-05,0.43869862467586396,10000.0,0.44512496812975033,1000.0,0.44327208399772644
T9,T9_day385,T9_day504,120,119,385,-6.2126569747924805,-0.17136108875274658,0.29883426427841187,0.2630364000797272,0.33245009183883667,0.5192518999314166,0.0001,0.5835797580207116,10000.0,0.5690438205826378,10000.0,0.5659745931625366
T9,T9_day385,T9_day758,480,373,385,-26.274246215820312,-0.9141244888305664,-0.08371630311012268,-0.17279672622680664,-0.3660737872123718,0.24572172288773586,1e-06,0.35550849589212835,10000.0,0.33020985096706423,10000.0,0.3466481566429138
T9,T9_day394,T9_day422,30,28,394,-0.9720829725265503,-0.18417471647262573,0.06680923700332642,0.07930141687393188,0.09632962942123413,0.3192888011504595,1e-05,0.39801941905343274,10000.0,0.38693993797552806,10000.0,0.38887202739715576
T9,T9_day394,T9_day513,120,119,394,-0.8242426514625549,-0.6251169443130493,-0.4032144546508789,-0.8290728330612183,-0.8360873460769653,0.17706025976235645,0.0001,0.29188626131334805,10000.0,0.285925054594707,100.0,0.28556886315345764
T9,T9_day394,T9_day758,480,364,394,-1.3399697542190552,-0.7667666673660278,-0.17628324031829834,-0.09867775440216064,-0.08886480331420898,0.21736184803971587,1e-05,0.35550849589212835,10000.0,0.34291062285810603,1000.0,0.3466481566429138
T9,T9_day406,T9_day408,1,2,406,-0.02603045105934143,-0.05602043867111206,0.25866198539733887,0.25517621636390686,0.23952245712280273,0.34429874005894756,0.0001,0.3796491714761571,10000.0,0.3811522780605041,1000.0,0.3775879740715027
T9,T9_day406,T9_day413,7,7,406,-1.4847601652145386,-0.6448969841003418,-0.3133341073989868,-0.2272285521030426,-0.23701447248458862,0.074548274561342,1e-05,0.2714190328861656,10000.0,0.22759821187594698,1000.0,0.23380452394485474
T9,T9_day406,T9_day435,30,29,406,-6.131495952606201,-0.3023782968521118,0.061310797929763794,0.07966557145118713,0.02996322512626648,0.3382374658603678,0.0001,0.3649512114905156,10000.0,0.35302442631145814,0.1,0.3530247211456299
T9,T9_day406,T9_day527,120,121,406,-4.2336955070495605,-0.02361968159675598,0.22809761762619019,0.25782614946365356,0.19117090106010437,0.37486432670131586,1e-05,0.432733502863361,10000.0,0.4348312678585073,0.1,0.4721378982067108
T9,T9_day408,T9_day416,7,8,408,-36.27275085449219,-0.7133784294128418,0.24746793508529663,0.16015684604644775,0.16233643889427185,0.3967886078516312,0.0001,0.43869862467586396,10000.0,0.4447791001932263,1000.0,0.44327208399772644
T9,T9_day408,T9_day440,30,32,408,-19.649152755737305,-0.274200439453125,0.3940330445766449,0.311630517244339,0.3422059118747711,0.5423033286298959,1e-05,0.5978893690292435,10000.0,0.5972701872726418,10000.0,0.593017041683197
T9,T9_day408,T9_day527,120,119,408,-5.551333904266357,0.1086583137512207,0.2794530987739563,0.25997069478034973,0.20397034287452698,0.40047806173776757,1e-05,0.432733502863361,10000.0,0.4552151961838424,10000.0,0.4721378982067108
T9,T9_day413,T9_day441,30,28,413,-8.802790641784668,-0.0588240921497345,0.20559638738632202,0.18568331003189087,0.17443311214447021,0.24297161665972755,0.001,0.26905047371766694,10000.0,0.2689035595042032,10000.0,0.25868546962738037
T9,T9_day413,T9_day531,120,118,413,-2.7996270656585693,0.10732150077819824,0.25492605566978455,0.17222145199775696,0.11651253700256348,0.3828016808378515,1e-05,0.4278004845833872,10000.0,0.4167959470693807,1000.0,0.41456636786460876
T9,T9_day416,T9_day422,7,6,416,-0.32270824909210205,0.08495315909385681,0.17446750402450562,0.17809337377548218,0.21395689249038696,0.3243402077426807,0.0001,0.39801941905343274,10000.0,0.3927849725316545,1000.0,0.38887202739715576
T9,T9_day416,T9_day447,30,31,416,-9.26026725769043,-0.02642136812210083,0.0025250017642974854,-0.01672607660293579,0.09176948666572571,0.3489101493724702,0.0001,0.39066720402545013,10000.0,0.3797582676134718,10000.0,0.36390843987464905
T9,T9_day416,T9_day538,120,122,416,-0.04194191098213196,0.0843011736869812,0.13391464948654175,0.18920442461967468,0.16211852431297302,0.18221904616355272,1e-05,0.3404415297550164,10000.0,0.3442237866572459,10000.0,0.40675240755081177
T9,T9_day422,T9_day448,30,26,422,-0.2480480670928955,-0.11072385311126709,0.12622126936912537,0.07901433110237122,0.12077826261520386,0.21446488451890172,0.0001,0.2563504126504023,10000.0,0.24691278616826134,1000.0,0.24483728408813477
T9,T9_day422,T9_day538,120,116,422,-5.165904998779297,0.03581783175468445,0.11209842562675476,0.032801687717437744,0.03743624687194824,0.30843218181035936,1e-05,0.3404415297550164,10000.0,0.24214606511396686,10000.0,0.40675240755081177
T9,T9_day426,T9_day457,30,31,426,-7.753853797912598,-0.2770812511444092,0.033585429191589355,-0.06556552648544312,-0.05365997552871704,0.14476620723832528,0.001,0.2643718147780678,10000.0,0.2678946552260751,10000.0,0.26406291127204895
T9,T9_day426,T9_day548,120,122,426,0.1838206946849823,0.2605958878993988,0.2804306149482727,0.22324299812316895,0.176710307598114,0.38702335470365035,0.0001,0.45394152474698074,10000.0,0.42352712090086336,10000.0,0.5212432146072388
T9,T9_day435,T9_day441,7,6,435,-8.293354034423828,-0.31399965286254883,0.06796985864639282,-0.015585184097290039,0.05263924598693848,0.22067734640214526,0.0001,0.26905047371766694,10000.0,0.2728029450254121,10000.0,0.25868546962738037
T9,T9_day435,T9_day462,30,27,435,-5.229720592498779,-1.263719081878662,0.18186292052268982,0.04520425200462341,0.06777539849281311,0.391719765392737,1e-05,0.44373895320311024,10000.0,0.4352972961278534,1000.0,0.4742504954338074
T9,T9_day435,T9_day554,120,119,435,-2.1373157501220703,-0.0955449640750885,0.14767923951148987,0.16140270233154297,0.17822188138961792,0.33098538467207134,0.0001,0.3796217118805878,10000.0,0.3739995610887303,10000.0,0.3709935247898102
T9,T9_day440,T9_day441,1,1,440,-22.15750503540039,-1.0297558307647705,0.22437256574630737,0.1753578782081604,0.2307417094707489,0.23695433433704383,0.001,0.26905047371766694,10000.0,0.2734831794874525,10000.0,0.25868546962738037
T9,T9_day440,T9_day447,7,7,440,-0.7588818073272705,0.33140885829925537,0.16809043288230896,0.08426478505134583,0.19939672946929932,0.3324079740209462,0.0001,0.39066720402545013,10000.0,0.33141876375075857,10000.0,0.36390843987464905
T9,T9_day440,T9_day471,30,31,440,-1.463599443435669,-0.4694969654083252,-0.000176161527633667,-0.03186088800430298,-0.07562491297721863,0.27049170309257103,1e-05,0.2391811075115679,10000.0,0.2144026019512768,1000.0,0.1570192575454712
T9,T9_day440,T9_day560,120,120,440,-0.0865633487701416,0.009463667869567871,-0.10851126909255981,-0.43588024377822876,-0.15330997109413147,0.12167211418556245,0.0001,0.17753940794581846,10000.0,0.16639794976777328,10000.0,0.16421180963516235
T9,T9_day441,T9_day448,7,7,441,-1.1813886165618896,0.025064826011657715,0.03425660729408264,0.006898850202560425,0.005977243185043335,0.2431738379495389,0.0001,0.2563504126504023,10000.0,0.2425687833599145,10000.0,0.24483728408813477
T9,T9_day441,T9_day471,30,30,441,-2.3964877128601074,-1.0867815017700195,-11.592729568481445,-9.77677059173584,-9.899685859680176,0.24321768554598622,0.0001,0.2391811075115679,10000.0,0.20725783383605867,100.0,0.1570192575454712
T9,T9_day441,T9_day560,120,119,441,-0.23890435695648193,-0.07400137186050415,-0.23696911334991455,-0.21348345279693604,-0.202212393283844,0.10612168393305377,1e-05,0.17753940794581846,10000.0,0.172606309119888,10000.0,0.16421180963516235
T9,T9_day447,T9_day448,1,1,447,-1.6395010948181152,-0.05346149206161499,0.13741755485534668,0.10102859139442444,0.039260536432266235,0.1940812095868314,0.0001,0.2563504126504023,10000.0,0.2541759335928653,10000.0,0.24483728408813477
T9,T9_day447,T9_day476,30,29,447,-42.642765045166016,-11.801219940185547,-0.046362996101379395,-0.9128004908561707,-0.5842918157577515,0.28979411456051896,0.0001,0.34096894415170487,10000.0,0.32609226978037936,1000.0,0.32543954253196716
T9,T9_day447,T9_day560,120,113,447,-3.747471332550049,-0.16663920879364014,-0.20491081476211548,-0.007001310586929321,-0.02317988872528076,0.08752451952503093,0.001,0.17753940794581846,10000.0,0.15391211061890026,10000.0,0.16421180963516235
T9,T9_day448,T9_day476,30,28,448,-71.24175262451172,-18.629737854003906,-0.24351286888122559,-0.41533997654914856,0.01042070984840393,0.2537263623625655,0.0001,0.34096894415170487,10000.0,0.3264627331976712,1000.0,0.32543954253196716
T9,T9_day448,T9_day574,120,126,448,-1.6973756551742554,-0.8879244327545166,-0.12060388922691345,-0.03748622536659241,-0.2716485857963562,0.16431295680958619,0.0001,0.19516659481316784,10000.0,0.1863146419316497,1000.0,0.1985444724559784
T9,T9_day457,T9_day490,30,33,457,-12.19913101196289,-1.6555616855621338,0.03296399116516113,-0.03279036283493042,-0.024732142686843872,0.23149483113587926,0.0001,0.3134890199725021,10000.0,0.3043835543259886,1000.0,0.30030912160873413
T9,T9_day457,T9_day576,120,119,457,-2.741466522216797,-0.25375181436538696,-0.27700531482696533,-0.2252139449119568,-0.27691495418548584,0.06773162709650427,1e-05,0.13270791726059683,10000.0,0.09935622526395049,1000.0,0.10027149319648743
T9,T9_day462,T9_day468,7,6,462,-0.320279598236084,-0.09408468008041382,0.03860056400299072,-0.0010676980018615723,-0.1831514835357666,0.2848523618042304,0.0001,0.3315091517302863,10000.0,0.33473905776969415,10000.0,0.3234403729438782
T9,T9_day462,T9_day490,30,28,462,-6.185145378112793,-0.7836171984672546,0.1843322515487671,0.13215592503547668,0.058568984270095825,0.2696589566276449,0.0001,0.3134890199725021,10000.0,0.3247594190699765,10000.0,0.30030912160873413
T9,T9_day462,T9_day582,120,120,462,-1.363492488861084,-0.27374857664108276,-0.14893430471420288,-0.04587143659591675,-0.06958484649658203,0.25817415069603944,0.0001,0.3291860711761046,10000.0,0.32863629804863237,1000.0,0.32734644412994385
T9,T9_day468,T9_day476,7,8,468,-16.268104553222656,-8.477843284606934,0.17629092931747437,-0.5721472501754761,-0.31380313634872437,0.27838873943211934,0.0001,0.34096894415170487,10000.0,0.34138100378779784,10000.0,0.32543954253196716
T9,T9_day468,T9_day499,30,31,468,-0.47934475541114807,-0.16502124071121216,0.2444421648979187,0.19961708784103394,0.20800215005874634,0.2690516931374443,0.0001,0.33398534605664243,10000.0,0.2985520456630472,100000.0,0.32056504487991333
T9,T9_day468,T9_day582,120,114,468,-2.9943575859069824,-0.38293009996414185,0.03199544548988342,-0.11491873860359192,-0.020048528909683228,0.2222026500203514,0.0001,0.3291860711761046,10000.0,0.32730659818471036,10000.0,0.32734644412994385
T9,T9_day471,T9_day499,30,28,471,-7.321671962738037,-0.2233489453792572,0.19470995664596558,0.14289027452468872,0.1491871178150177,0.29042679521478976,0.0001,0.33398534605664243,10000.0,0.3211595497250143,1000.0,0.32056504487991333
T9,T9_day471,T9_day594,120,123,471,-1.2073380947113037,0.09648209810256958,0.05664798617362976,0.11658084392547607,0.07497218251228333,0.3877266735387061,1e-05,0.4753096535759402,10000.0,0.4663541137555043,1000.0,0.5027416348457336
T9,T9_day476,T9_day504,30,28,476,-0.6640967130661011,-0.04323279857635498,0.27965685725212097,0.23941367864608765,0.27314409613609314,0.5031494606196212,0.0001,0.5835797580207116,10000.0,0.5654619331621719,10000.0,0.5659745931625366
T9,T9_day476,T9_day595,120,119,476,-7.187211513519287,-0.14269226789474487,0.036999642848968506,0.009655416011810303,-0.03155609965324402,0.2849283617844536,0.0001,0.34196171192623237,10000.0,0.3282110497388137,10000.0,0.32879161834716797
T9,T9_day490,T9_day519,30,29,490,-0.4056518077850342,-0.24906092882156372,0.07761877775192261,-0.0728057324886322,-0.08468928933143616,0.2672642158583238,0.0001,0.31992977917549437,10000.0,0.31984593935010625,10000.0,0.3175274431705475
T9,T9_day490,T9_day610,120,120,490,-4.160200595855713,-2.325176239013672,-1.9923031330108643,-1.8037693500518799,-2.9263670444488525,-0.34555683939269066,1e-05,-0.23458173229660095,10000.0,-0.2789452866772296,1000.0,-0.2719299793243408
T9,T9_day499,T9_day527,30,28,499,-0.3139670789241791,0.048104941844940186,-0.08800941705703735,0.06169724464416504,-0.005051404237747192,0.4135725642478177,1e-05,0.432733502863361,10000.0,0.4243236203667427,1000.0,0.4721378982067108
T9,T9_day499,T9_day615,120,116,499,-0.7356399297714233,-0.5199558138847351,-0.7055512070655823,-0.7800242900848389,-0.7452904582023621,0.17480362027337487,0.0001,0.32115737994165444,10000.0,0.3115902765589973,1000.0,0.31158876419067383
T9,T9_day504,T9_day531,30,27,504,-0.7282379269599915,0.23529398441314697,0.37935671210289,0.3640296757221222,0.3170601725578308,0.40750302271012884,1e-05,0.4278004845833872,10000.0,0.4329359657618712,10000.0,0.41456636786460876
T9,T9_day504,T9_day629,120,125,504,-320.78472900390625,-0.6364539265632629,-0.0024476051330566406,-0.047858595848083496,-0.034171462059020996,0.19665816640503964,1e-06,0.2717355557724935,0.1,0.27173567104988516,0.1,0.27173542976379395
T9,T9_day513,T9_day519,7,6,513,-0.1375144124031067,0.04186338186264038,0.09512397646903992,0.059142857789993286,0.07837143540382385,0.2831590775355333,0.0001,0.31992977917549437,10000.0,0.3188066063858034,10000.0,0.3175274431705475
T9,T9_day513,T9_day538,30,25,513,-0.8059698343276978,0.07040455937385559,0.14848119020462036,-0.0915772020816803,-0.06484171748161316,0.3003847926756258,1e-05,0.3404415297550164,10000.0,0.1756847394499132,10000.0,0.40675240755081177
T9,T9_day513,T9_day631,120,118,513,-2.0227789878845215,-0.43394118547439575,-0.09776186943054199,-0.09475937485694885,-0.1513965129852295,0.025601856776657717,0.0001,0.08774717986156816,10000.0,0.0696520930908362,100.0,0.0693490207195282
T9,T9_day518,T9_day519,1,1,518,-0.34120863676071167,-0.04620826244354248,0.1613510251045227,0.04867616295814514,0.014224827289581299,0.2670442864673083,0.001,0.31992977917549437,10000.0,0.31816665408956696,10000.0,0.3175274431705475
T9,T9_day518,T9_day548,30,30,518,0.120465487241745,0.024393558502197266,0.17865285277366638,-0.11497509479522705,0.09226056933403015,0.4257215571708173,1e-05,0.45394152474698074,10000.0,0.40982869325579546,1000.0,0.5212432146072388
T9,T9_day518,T9_day631,120,113,518,-6.121649742126465,-1.4188607931137085,-0.15800690650939941,-0.1763884425163269,-0.12383705377578735,0.04590910984037133,0.0001,0.08774717986156816,10000.0,0.0693794153457038,100.0,0.0693490207195282
T9,T9_day519,T9_day527,7,8,519,-1.301456093788147,0.1865532100200653,0.3347548246383667,0.3170984387397766,0.2968205213546753,0.38583627493004646,1e-05,0.432733502863361,10000.0,0.41423384231092364,10000.0,0.4721378982067108
T9,T9_day519,T9_day548,30,29,519,0.1871999204158783,0.010219663381576538,0.08617338538169861,0.18439137935638428,0.05818331241607666,0.3832727936913477,1e-05,0.45394152474698074,10000.0,0.4271966654975927,1000.0,0.5212432146072388
T9,T9_day519,T9_day645,120,126,519,-10.703067779541016,-0.05325961112976074,0.06748145818710327,0.06269732117652893,-0.004013925790786743,0.24275689866381578,1e-05,0.4315659416991384,10000.0,0.4304739895113665,10000.0,0.4325011968612671
T9,T9_day527,T9_day554,30,27,527,0.15672942996025085,0.1790187954902649,0.36334899067878723,0.36160361766815186,0.3520296514034271,0.38171171820298455,0.0001,0.3796217118805878,10000.0,0.39038972505556435,10000.0,0.3709935247898102
T9,T9_day527,T9_day645,120,118,527,-4.626029968261719,0.10209611058235168,0.15603074431419373,0.12115409970283508,0.08560627698898315,0.36385892727511765,1e-06,0.4315659416991384,10000.0,0.43193907259229986,10000.0,0.4325011968612671
T9,T9_day531,T9_day538,7,7,531,0.13528931140899658,0.13621404767036438,0.2220054566860199,0.1763795018196106,0.16737186908721924,0.25604654183794184,1e-05,0.3404415297550164,10000.0,0.2502452590386285,10000.0,0.40675240755081177
T9,T9_day531,T9_day560,30,29,531,-4.236723899841309,-0.12247276306152344,-0.23005080223083496,-0.42344868183135986,-0.3631262183189392,0.1115077298937216,0.0001,0.17753940794581846,10000.0,0.16591529014922068,1000.0,0.16421180963516235
T9,T9_day531,T9_day651,120,120,531,-37.51517868041992,-0.9856078028678894,-0.03640025854110718,-0.2374124526977539,-0.2044619917869568,0.05956773827774625,0.0001,0.09492309139136645,10000.0,0.09043790132753854,10000.0,0.06778264045715332
T9,T9_day538,T9_day574,30,36,538,-1.3864190578460693,-0.34534430503845215,-0.13565868139266968,-0.10871458053588867,-0.40223246812820435,0.08110913589714852,0.0001,0.19516659481316784,10000.0,0.18615271369191017,1000.0,0.1985444724559784
T9,T9_day538,T9_day658,120,120,538,-1.550773024559021,-0.2771648168563843,-0.20134752988815308,-0.37443602085113525,-0.13496822118759155,0.036858986497875,1e-05,0.043819184613629436,10000.0,0.010181418690900002,10000.0,0.0019474029541015625
T9,T9_day548,T9_day554,7,6,548,-0.8173655271530151,0.15371376276016235,0.255314439535141,0.25406622886657715,0.2704538106918335,0.363804915996699,0.0001,0.3796217118805878,10000.0,0.37099355337535367,0.1,0.3709935247898102
T9,T9_day548,T9_day576,30,28,548,-2.533093214035034,-0.5529234409332275,-0.46257278323173523,-0.41493526101112366,-0.5666715502738953,0.05937534811975875,1e-05,0.13270791726059683,10000.0,0.09694467864431439,1000.0,0.10027149319648743
T9,T9_day548,T9_day667,120,119,548,-23.562915802001953,-0.16360408067703247,-0.13801094889640808,-0.3209262490272522,-0.0283469557762146,0.329919850820875,0.0001,0.39427944593292436,10000.0,0.3851440347114612,100.0,0.3850124776363373
T9,T9_day552,T9_day553,1,1,552,-1.5469735860824585,-0.771599292755127,-0.312926709651947,-1.4222943782806396,-0.7596700191497803,0.02200031596944757,0.0001,0.09207580060163678,10000.0,0.07859223657614,10000.0,0.06613695621490479
T9,T9_day552,T9_day560,7,8,552,-0.0050979554653167725,-0.0012909770011901855,-0.10508140921592712,-0.4914059042930603,-0.5139710903167725,0.14915064581530174,0.0001,0.17753940794581846,10000.0,0.16413401635898084,10000.0,0.16421180963516235
T9,T9_day552,T9_day582,30,30,552,-0.8927130699157715,-1.5129108428955078,-0.9832528829574585,-1.3200478553771973,-0.4678187668323517,0.2584411359245972,0.0001,0.3291860711761046,10000.0,0.328772882592338,1000.0,0.32734644412994385
T9,T9_day552,T9_day672,120,120,552,-90.00224304199219,-0.19517934322357178,0.15135791897773743,0.22127819061279297,0.039359331130981445,0.3232836899257761,0.0001,0.38730756000739175,10000.0,0.37731589929603676,1000.0,0.37611764669418335
T9,T9_day553,T9_day554,1,1,553,0.17342981696128845,-0.008325845003128052,0.27401283383369446,0.16170257329940796,0.1349310278892517,0.36298059884825534,0.0001,0.3796217118805878,10000.0,0.3743535820345197,1000.0,0.3709935247898102
T9,T9_day553,T9_day560,7,7,553,-0.05837613344192505,-0.11625578999519348,-0.2828323245048523,-0.370827853679657,-0.32861530780792236,0.12585734186038383,0.0001,0.17753940794581846,10000.0,0.16423193570234018,100.0,0.16421180963516235
T9,T9_day553,T9_day582,30,29,553,-3.3283708095550537,-0.5555548667907715,-0.2529917359352112,-0.19223469495773315,-0.033067166805267334,0.16830375198764613,0.0001,0.3291860711761046,10000.0,0.3283630330532327,1000.0,0.32734644412994385
T9,T9_day553,T9_day672,120,119,553,-155.35818481445312,-0.3182855248451233,0.0160236656665802,0.11811363697052002,0.08705604076385498,0.30671776736134587,1e-05,0.38730756000739175,10000.0,0.3779595182812102,1000.0,0.37611764669418335
T9,T9_day554,T9_day560,7,6,554,-0.006153792142868042,-0.0040253400802612305,-0.14118951559066772,-0.3355487585067749,-0.6459697484970093,0.15637322197027187,0.0001,0.17753940794581846,10000.0,0.17434398573553778,10000.0,0.16421180963516235
T9,T9_day554,T9_day582,30,28,554,-0.3806806802749634,-0.31267255544662476,-0.35801708698272705,-0.22235172986984253,-0.20466426014900208,0.13741599873541838,0.0001,0.3291860711761046,10000.0,0.32862482219173433,1000.0,0.32734644412994385
T9,T9_day554,T9_day672,120,118,554,-32.51580810546875,-0.18874281644821167,0.013189554214477539,0.038735389709472656,0.03530317544937134,0.3440733674775668,0.0001,0.38730756000739175,10000.0,0.37635695170885186,1000.0,0.37611764669418335
T9,T9_day560,T9_day594,30,34,560,-7.2781572341918945,-0.9685083031654358,0.2533716559410095,0.17979317903518677,0.17847028374671936,0.4309682823051267,1e-05,0.4753096535759402,10000.0,0.4654291851526923,10000.0,0.5027416348457336
T9,T9_day560,T9_day681,120,121,560,-37.584510803222656,-4.633591175079346,-0.2969322204589844,-0.324545681476593,-0.32014891505241394,0.1832744538760771,1e-05,0.2662204103281763,10000.0,0.2533391300016723,10000.0,0.24795985221862793
T9,T9_day574,T9_day576,1,2,574,-1.2374210357666016,-0.16087722778320312,-1.0989255905151367,-1.042268991470337,-1.0475499629974365,0.10339810059469273,0.0001,0.13270791726059683,10000.0,0.09763523532179474,1000.0,0.10027149319648743
T9,T9_day574,T9_day582,7,8,574,-1.7494821548461914,-0.2436099648475647,-0.6235985159873962,-0.7150432467460632,-0.6370813250541687,0.3129340907090785,0.0001,0.3291860711761046,10000.0,0.3271783525632898,1000.0,0.32734644412994385
T9,T9_day574,T9_day603,30,29,574,-0.45205745100975037,-0.13821974396705627,-1.0688471794128418,-1.2999341487884521,-1.2391650676727295,0.35309088615255374,1e-05,0.3539003062158247,10000.0,0.3554512047129567,1000.0,0.3544626832008362
T9,T9_day574,T9_day693,120,119,574,-32.0093994140625,-0.6554713249206543,-2.2982876300811768,-1.8616255521774292,-1.5390222072601318,0.1867523337818519,1e-06,0.2917615000957854,10000.0,0.28014829108781264,1000.0,0.2800818979740143
T9,T9_day576,T9_day582,7,6,576,-0.6053162813186646,-1.21010422706604,-0.1831105649471283,0.025051206350326538,0.04773709177970886,0.28057024253880214,0.0001,0.3291860711761046,10000.0,0.33199830337106756,10000.0,0.32734644412994385
T9,T9_day576,T9_day603,30,27,576,-0.38293319940567017,-0.4959244132041931,-0.5450888872146606,-0.14552053809165955,-0.5190616846084595,0.2844181402270116,0.0001,0.3539003062158247,10000.0,0.35472030241563723,1000.0,0.3544626832008362
T9,T9_day576,T9_day693,120,117,576,-64.51448822021484,-1.3372812271118164,-0.28121423721313477,-0.42364978790283203,-0.24193990230560303,0.2377180646439906,1e-05,0.2917615000957854,10000.0,0.28124942207890274,1000.0,0.2800818979740143
T9,T9_day582,T9_day610,30,28,582,-3.2050209045410156,-2.5923359394073486,-1.0017168521881104,-1.286778211593628,-1.3773207664489746,-0.33610195707796253,1e-05,-0.23458173229660095,10000.0,-0.28175685681170914,10000.0,-0.2719299793243408
T9,T9_day582,T9_day699,120,117,582,-74.44996643066406,-0.9472640156745911,-0.06275010108947754,-0.2844863533973694,-0.07011520862579346,0.12796491356069845,0.0001,0.2775029627433737,10000.0,0.2715925656500438,1000.0,0.26900264620780945
T9,T9_day594,T9_day595,1,1,594,-0.4808434844017029,-0.2680385708808899,0.03628215193748474,-0.04886847734451294,0.056758344173431396,0.28549682643243457,0.0001,0.34196171192623237,10000.0,0.3302314678084409,1000.0,0.32879161834716797
T9,T9_day594,T9_day629,30,35,594,-512.0238647460938,-0.7764488458633423,0.08815932273864746,0.07410848140716553,0.008830279111862183,0.23339636005302633,1e-06,0.2717355557724935,0.1,0.27173593101934707,0.1,0.27173542976379395
T9,T9_day594,T9_day714,120,120,594,-29.55724334716797,-1.2405532598495483,-0.8520835041999817,-1.9341387748718262,-1.4628512859344482,0.1510821615816596,1e-06,-0.1430741644639253,10000.0,-0.24042335122490044,10000.0,-0.23800253868103027
T9,T9_day595,T9_day597,1,2,595,-1011763.0,-1004799.5,0.11170941591262817,0.12030366063117981,0.17070674896240234,0.27722893158303397,0.0001,0.3030229400518382,10000.0,0.306122099009035,1000.0,0.30479949712753296
T9,T9_day595,T9_day603,7,8,595,-1.7285776138305664,-0.27002185583114624,-0.11592316627502441,-0.9636273980140686,-1.9784927368164062,0.3333210148397307,0.0001,0.3539003062158247,10000.0,0.35701809150417885,1000.0,0.3544626832008362
T9,T9_day595,T9_day629,30,34,595,-175.89163208007812,-0.8768886923789978,-0.18527725338935852,-0.250732958316803,-0.3899456262588501,0.13917736802601505,1e-06,0.2717355557724935,0.1,0.271735322756328,0.1,0.27173542976379395
T9,T9_day595,T9_day714,120,119,595,-3.9582152366638184,-0.7694738507270813,-0.5869358777999878,-0.8799404501914978,-0.5177690386772156,-0.2350637142726288,1e-05,-0.1430741644639253,10000.0,-0.26746515704666185,10000.0,-0.23800253868103027
T9,T9_day597,T9_day603,7,6,597,-1.090976357460022,-0.12318393588066101,0.03949865698814392,0.16570404171943665,0.21845030784606934,0.3193223221534134,1e-05,0.3539003062158247,10000.0,0.3561802329070541,1000.0,0.3544626832008362
T9,T9_day597,T9_day629,30,32,597,-345.3770751953125,-1.2810724973678589,-0.2651568651199341,-0.3474652171134949,-0.2630850672721863,0.20552427638491877,1e-06,0.2717355557724935,0.1,0.2717352781537511,0.1,0.27173542976379395
T9,T9_day597,T9_day714,120,117,597,-115.63919830322266,-1.3030991554260254,-0.23730194568634033,-0.08036941289901733,-0.26999837160110474,0.16403411971278203,1e-05,-0.1430741644639253,10000.0,-0.08856858564740905,10000.0,-0.23800253868103027
T9,T9_day603,T9_day610,7,7,603,-5.91060209274292,-1.7046122550964355,-0.7850874066352844,-0.7219908833503723,-0.7503458857536316,-0.3545411331448012,0.0001,-0.23458173229660095,10000.0,-0.25977597326182833,1000.0,-0.2719299793243408
T9,T9_day603,T9_day631,30,28,603,-174.12115478515625,-0.6634448170661926,-0.13035261631011963,-0.1343982219696045,-0.2516595721244812,0.05344555505931614,0.0001,0.08774717986156816,10000.0,0.0697545571739181,100.0,0.0693490207195282
T9,T9_day603,T9_day720,120,117,603,-26.877910614013672,-0.7927188277244568,-0.02416253089904785,-0.17578816413879395,-0.11057400703430176,0.26776997196098123,1e-05,0.40220637013949645,10000.0,0.3945950294717309,1000.0,0.39446985721588135
T9,T9_day610,T9_day645,30,35,610,-58.85116958618164,-1.1302467584609985,-0.08539825677871704,-0.11309060454368591,-0.16079986095428467,0.3216629374988888,1e-06,0.4315659416991384,10000.0,0.433586728799543,1000.0,0.4325011968612671
T9,T9_day610,T9_day728,120,118,610,-81.10710144042969,-2.7646074295043945,-0.11776092648506165,-0.2217501997947693,-0.23010888695716858,0.28863868698281586,1e-06,0.3490169881311473,0.1,0.34901700365518595,0.1,0.3490174114704132
T9,T9_day615,T9_day645,30,30,615,-29.66468048095703,-0.562309741973877,-0.05257135629653931,-0.05159395933151245,-0.07411688566207886,0.30731675587171975,1e-05,0.4315659416991384,10000.0,0.4325011582486771,0.1,0.4325011968612671
T9,T9_day615,T9_day728,120,113,615,-40.14753341674805,-3.5050370693206787,-0.13828760385513306,-0.32274317741394043,-0.4881852865219116,0.29446991334367617,1e-06,0.3490169881311473,0.1,0.34901708796454173,0.1,0.3490174114704132
T9,T9_day629,T9_day631,1,2,629,-14.210712432861328,-1.1679933071136475,-0.03818550705909729,-0.06558388471603394,-0.067074716091156,0.07259159876728372,0.0001,0.08774717986156816,10000.0,0.07650715677650055,10000.0,0.0693490207195282
T9,T9_day629,T9_day659,30,30,629,-4.514989852905273,-0.4147244095802307,0.06963646411895752,-0.0484691858291626,-0.004840493202209473,0.22269675636048802,1e-05,0.2890037820910459,10000.0,0.28973552583286594,10000.0,0.28266432881355286
T9,T9_day629,T9_day748,120,119,629,-59.444576263427734,-21.395490646362305,-0.023876994848251343,-0.028841286897659302,-0.1165395975112915,0.1956495018292045,0.0001,0.2926420267317946,10000.0,0.27578936221014677,10000.0,0.2774197459220886
T9,T9_day631,T9_day660,30,29,631,-1.684818983078003,-0.12649750709533691,0.1723545491695404,0.12718066573143005,0.045166224241256714,0.3368416200496395,1e-06,0.4040822867640729,10000.0,0.4051816224329997,10000.0,0.41286537051200867
T9,T9_day631,T9_day748,120,117,631,-9.276174545288086,-9.262907028198242,-0.027570009231567383,-0.05595189332962036,-0.11991661787033081,0.18058523140778027,0.0001,0.2926420267317946,10000.0,0.26998315996855515,10000.0,0.2774197459220886
T9,T9_day645,T9_day651,7,6,645,-4.94146728515625,-1.629215955734253,0.11713600158691406,0.08292761445045471,0.08965829014778137,0.13480573097763426,1e-05,0.09492309139136645,10000.0,0.11414644991671558,10000.0,0.06778264045715332
T9,T9_day645,T9_day672,30,27,645,-5.8938188552856445,-0.40477973222732544,0.23559066653251648,0.22393125295639038,0.21092930436134338,0.3663818416216418,0.0001,0.38730756000739175,10000.0,0.37904129533049674,10000.0,0.37611764669418335
T9,T9_day645,T9_day758,120,113,645,-6.172842979431152,-2.042149782180786,-0.020645499229431152,-0.029776930809020996,-0.02549728751182556,0.28069073684625784,1e-05,0.35550849589212835,10000.0,0.3445222263133099,1000.0,0.3466481566429138
T9,T9_day650,T9_day651,1,1,650,-3.519752264022827,-2.7537012100219727,0.0704500675201416,-0.006855636835098267,-0.03952726721763611,0.09901227848206268,0.0001,0.09492309139136645,10000.0,0.08215768614830199,10000.0,0.06778264045715332
T9,T9_day650,T9_day658,7,8,650,-1.31353759765625,-0.2914174199104309,-0.19402477145195007,-0.3444555699825287,-0.3059433698654175,0.08536509974429862,0.0001,0.043819184613629436,10000.0,0.0015144780618660536,10000.0,0.0019474029541015625
T9,T9_day650,T9_day681,30,31,650,-0.7707881331443787,-0.8166088461875916,-0.07694292068481445,-0.08042037487030029,-0.12152653932571411,0.24216977971823855,0.0001,0.2662204103281763,10000.0,0.24758953364590802,1000.0,0.24795985221862793
T9,T9_day650,T9_day758,120,108,650,-2.4517884254455566,-1.5903619527816772,0.020068258047103882,-0.12067997455596924,-0.0413554310798645,0.294223148548735,1e-05,0.35550849589212835,10000.0,0.34583951985224476,1000.0,0.3466481566429138
T9,T9_day651,T9_day658,7,7,651,-0.3041822910308838,-0.5716230273246765,-0.46473997831344604,-0.809863269329071,-0.8073245882987976,-0.03463455144860689,0.0001,0.043819184613629436,10000.0,-0.0072249311814743256,10000.0,0.0019474029541015625
T9,T9_day651,T9_day681,30,30,651,-2.611398220062256,-0.44143491983413696,-0.045507729053497314,-0.24427303671836853,-0.08100223541259766,0.24553298152871866,0.0001,0.2662204103281763,10000.0,0.24732208901824504,1000.0,0.24795985221862793
T9,T9_day651,T9_day758,120,107,651,-2.2440783977508545,-1.5695481300354004,-0.1471455991268158,-0.23511767387390137,-0.23477643728256226,0.2726719650340988,0.0001,0.35550849589212835,10000.0,0.344431153741879,1000.0,0.3466481566429138
T9,T9_day658,T9_day659,1,1,658,-0.46990451216697693,-0.09287992119789124,0.1645398736000061,0.12587380409240723,0.11624926328659058,0.2500846560478734,0.0001,0.2890037820910459,10000.0,0.28333615426030967,10000.0,0.28266432881355286
T9,T9_day658,T9_day689,30,31,658,-4.077057361602783,-3.203968048095703,0.11995768547058105,0.007904648780822754,0.02974948287010193,0.20765936961441883,0.0001,0.26496063972347306,10000.0,0.2702595405753914,10000.0,0.24953806400299072
T9,T9_day658,T9_day758,120,100,658,-7.724971771240234,-1.204864740371704,0.09241276979446411,-0.08403089642524719,0.005226343870162964,0.2358597112761197,1e-05,0.35550849589212835,10000.0,0.3282342883273794,10000.0,0.3466481566429138
T9,T9_day659,T9_day660,1,1,659,-1.2165932655334473,0.04851561784744263,0.33377528190612793,0.2341015636920929,0.20913836359977722,0.3895374928918929,0.0001,0.4040822867640729,10000.0,0.4162435964997996,100000.0,0.41286537051200867
T9,T9_day659,T9_day667,7,8,659,-0.39185401797294617,0.23833361268043518,0.25349846482276917,0.18736356496810913,0.20535480976104736,0.3476433751005016,0.0001,0.39427944593292436,10000.0,0.3926199964464272,10000.0,0.3850124776363373
T9,T9_day659,T9_day689,30,30,659,-0.6524919867515564,-0.5152909159660339,0.09463685750961304,-0.012532413005828857,-0.12760761380195618,0.22044660404931882,0.0001,0.26496063972347306,10000.0,0.26128253938054835,10000.0,0.24953806400299072
T9,T9_day659,T9_day758,120,99,659,-4.3623504638671875,-0.7567505836486816,0.15105077624320984,0.06597217917442322,-0.04757031798362732,0.26947253107245195,1e-05,0.35550849589212835,10000.0,0.3446009028100092,1000.0,0.3466481566429138
T9,T9_day660,T9_day667,7,7,660,-1.1413612365722656,0.11963242292404175,0.2530900835990906,0.2235693633556366,0.20713496208190918,0.36203803085312786,0.0001,0.39427944593292436,10000.0,0.39364306628307827,10000.0,0.3850124776363373
T9,T9_day660,T9_day689,30,29,660,-0.93057781457901,-1.0622870922088623,0.08209982514381409,0.07456320524215698,0.11026531457901001,0.22172603191185686,0.0001,0.26496063972347306,10000.0,0.26166501857988933,10000.0,0.24953806400299072
T9,T9_day660,T9_day758,120,98,660,-0.22717028856277466,-0.2723386287689209,0.1394370198249817,0.10202506184577942,0.12853100895881653,0.28059186631005645,0.0001,0.35550849589212835,10000.0,0.3448629686938742,1000.0,0.3466481566429138
T9,T9_day667,T9_day699,30,32,667,-15405846.0,-48907.6484375,0.16467618942260742,0.1458227038383484,0.14784687757492065,0.252875075526597,0.0001,0.2775029627433737,10000.0,0.2810532693926644,10000.0,0.26900264620780945
T9,T9_day667,T9_day758,120,91,667,-10841844.0,-18117.71875,0.04885333776473999,0.02048596739768982,0.032206207513809204,0.29194758272425636,1e-05,0.35550849589212835,10000.0,0.34433346082274036,1000.0,0.3466481566429138
T9,T9_day672,T9_day699,30,27,672,-3.830310106277466,-0.32281696796417236,0.05886766314506531,-0.026727914810180664,-0.07135897874832153,0.22235355263567325,0.0001,0.2775029627433737,10000.0,0.2755493868851701,10000.0,0.26900264620780945
T9,T9_day681,T9_day689,7,8,681,-1.2446517944335938,-1.312730312347412,0.025079548358917236,-0.1512686014175415,-0.1205519437789917,0.22937871654964415,0.0001,0.26496063972347306,10000.0,0.2589859122962739,10000.0,0.24953806400299072
T9,T9_day681,T9_day714,30,33,681,-3.1539692878723145,-0.3430449962615967,-0.15667346119880676,-0.15870600938796997,-0.5706304907798767,-7.953577468489126e-05,1e-05,-0.1430741644639253,10000.0,-0.23583034650568124,1000.0,-0.23800253868103027
T9,T9_day686,T9_day693,7,7,686,-1.4235262870788574,-0.20871710777282715,0.11907866597175598,-0.21650844812393188,-0.30418720841407776,0.28759920695101715,0.0001,0.2917615000957854,10000.0,0.28161303043367103,1000.0,0.2800818979740143
T9,T9_day686,T9_day714,30,28,686,-3.4447035789489746,-0.14347624778747559,0.08214607834815979,-0.02535325288772583,0.05762377381324768,0.15573556574093467,0.0001,-0.1430741644639253,10000.0,-0.231397818214518,1000.0,-0.23800253868103027
T9,T9_day689,T9_day720,30,31,689,-1.0354180335998535,0.05829894542694092,0.19310924410820007,0.17745020985603333,0.09620404243469238,0.3399838416416013,1e-05,0.40220637013949645,10000.0,0.39495663317893875,10000.0,0.39446985721588135
T9,T9_day693,T9_day699,7,6,693,-4.9272894859313965,-0.08910399675369263,0.09594008326530457,0.16567420959472656,0.11868855357170105,0.2540956501909449,0.0001,0.2775029627433737,10000.0,0.2786203974948985,10000.0,0.26900264620780945
T9,T9_day693,T9_day720,30,27,693,0.012009501457214355,0.13335633277893066,0.28157952427864075,0.1643737256526947,0.18883633613586426,0.3609284735692009,0.0001,0.40220637013949645,10000.0,0.4028405836530521,10000.0,0.39446985721588135
T9,T9_day699,T9_day707,7,8,699,-726.164794921875,-245.21914672851562,0.10101038217544556,0.04636797308921814,0.060336142778396606,0.18080295674057661,1e-05,-0.558923094489749,10000.0,-0.36913989741371295,10000.0,-0.7446292638778687
T9,T9_day699,T9_day728,30,29,699,-372.98193359375,-4.685638427734375,0.13641488552093506,0.036197781562805176,0.053130120038986206,0.3668656580574256,1e-06,0.3490169881311473,0.1,0.34901684445795794,0.1,0.3490174114704132
T9,T9_day707,T9_day714,7,7,707,-0.422341525554657,0.044076621532440186,-0.13448840379714966,-0.17505115270614624,0.06000000238418579,0.04459298719717675,0.0001,-0.1430741644639253,10000.0,-0.21922245340516766,10000.0,-0.23800253868103027
T9,T9_day707,T9_day744,30,37,707,-1.6973963975906372,-0.493127703666687,0.18411177396774292,-0.07205754518508911,0.06326845288276672,0.3048913720599723,1e-05,0.3225545170140363,10000.0,0.276364351702502,10000.0,0.3747481405735016
T9,T9_day714,T9_day720,7,6,714,-0.29816171526908875,0.08076110482215881,0.1731795072555542,0.16096776723861694,0.25717222690582275,0.33183813859629585,1e-05,0.40220637013949645,10000.0,0.3991961798578131,10000.0,0.39446985721588135
T9,T9_day714,T9_day744,30,30,714,-5.590303421020508,-0.6219069361686707,0.21208438277244568,0.22297149896621704,0.21346738934516907,0.2860608955823781,0.0001,0.3225545170140363,10000.0,0.3143274455508604,10000.0,0.3747481405735016
T9,T9_day720,T9_day728,7,8,720,-1.5784419775009155,-0.030182719230651855,0.18480601906776428,0.21771129965782166,0.14469581842422485,0.3600649343998341,1e-06,0.3490169881311473,0.1,0.34901706180564246,0.1,0.3490174114704132
T9,T9_day720,T9_day748,30,28,720,-1.2528700828552246,-0.7441152930259705,0.11874106526374817,0.030232608318328857,0.10850352048873901,0.26063944242271875,0.001,0.2926420267317946,10000.0,0.2912242398052794,10000.0,0.2774197459220886
T9,T9_day728,T9_day758,30,30,728,-1.9416577816009521,-0.771522581577301,0.15181812644004822,0.06625199317932129,0.14412537217140198,0.26877659839546725,0.0001,0.35550849589212835,10000.0,0.34492295247105875,1000.0,0.3466481566429138
